
****** vitis-run v2025.2 (64-bit)
  **** SW Build 6295257 on 2025-11-13-01:29:13
  **** Start of session at: Sat May  2 17:40:52 2026
    ** Copyright 1986-2022 Xilinx, Inc. All Rights Reserved.
    ** Copyright 2022-2025 Advanced Micro Devices, Inc. All Rights Reserved.

  **** HLS Build v2025.2 6295257
Sourcing Tcl script '/mnt/dev/xilinx/phys476/logs/monkaa_crop16x9_sf25_fc32_h160_w288_bs128/hls4ml/fixed16_6/build_prj.tcl'
INFO: [HLS 200-1510] Running: open_project myproject_prj 
WARNING: [HLS 200-2182] The 'myproject_prj' project will not automatically appear within Vitis IDE workspaces and is meant only for TCL batch use.  Please use open_component instead of open_project/open_solution to generate Vitis IDE compatible component files and directory structure.
Resolution: For help on HLS 200-2182 see docs.amd.com/access/sources/dita/topic?Doc_Version=2025.2%20English&url=ug1448-hls-guidance&resourceid=200-2182.html
INFO: [HLS 200-10] Opening solution '/mnt/dev/xilinx/phys476/logs/monkaa_crop16x9_sf25_fc32_h160_w288_bs128/hls4ml/fixed16_6/myproject_prj'.
INFO: [HLS 200-1510] Running: set_top myproject 
INFO: [HLS 200-1510] Running: add_files firmware/myproject.cpp -cflags -std=c++0x 
INFO: [HLS 200-10] Adding design file 'firmware/myproject.cpp' to the project
INFO: [HLS 200-1510] Running: add_files -tb myproject_test.cpp -cflags -std=c++0x 
INFO: [HLS 200-10] Adding test bench file 'myproject_test.cpp' to the project
INFO: [HLS 200-1510] Running: add_files -tb firmware/weights 
INFO: [HLS 200-10] Adding test bench file 'firmware/weights' to the project
INFO: [HLS 200-1510] Running: add_files -tb tb_data 
INFO: [HLS 200-10] Adding test bench file 'tb_data' to the project
INFO: [HLS 200-1510] Running: open_solution solution1 
INFO: [HLS 200-10] Opening solution '/mnt/dev/xilinx/phys476/logs/monkaa_crop16x9_sf25_fc32_h160_w288_bs128/hls4ml/fixed16_6/myproject_prj/solution1'.
INFO: [SYN 201-201] Setting up clock 'default' with a period of 10ns.
INFO: [SYN 201-201] Setting up clock 'default' with an uncertainty of 2.7ns.
INFO: [HLS 200-1611] Setting target device to 'xc7a200t-sbg484-1'
INFO: [HLS 200-1505] Using flow_target 'vivado'
Resolution: For help on HLS 200-1505 see docs.amd.com/access/sources/dita/topic?Doc_Version=2025.2%20English&url=ug1448-hls-guidance&resourceid=200-1505.html
INFO: [HLS 200-1464] Running solution command: config_compile -name_max_length=80
INFO: [XFORM 203-1161] The maximum of name length is set to 80.
INFO: [HLS 200-1464] Running solution command: config_schedule -enable_dsp_full_reg=0
INFO: [HLS 200-1510] Running: config_array_partition -maximum_size 4096 
ERROR: [HLS 200-101] config_array_partition: Unknown option '-maximum_size'.
ERROR: [HLS 200-101] config_array_partition: Unknown option '4096'.
[1msyn.array_partition.complete_threshold[0m=[1msyn.array_partition.throughput_driven[0m=
INFO: [HLS 200-1510] Running: config_compile -name_max_length 80 
INFO: [XFORM 203-1161] The maximum of name length is set to 80.
INFO: [HLS 200-1510] Running: set_part xc7a200tfbg484-1 
WARNING: [HLS 200-1610] Resetting target device to 'xc7a200t-fbg484-1'
INFO: [XFORM 203-1161] The maximum of name length is set to 80.
INFO: [HLS 200-1510] Running: config_schedule -enable_dsp_full_reg=false 
INFO: [HLS 200-1510] Running: create_clock -period 10 -name default 
INFO: [HLS 200-1510] Running: set_clock_uncertainty 27% default 
***** C/RTL SYNTHESIS *****
INFO: [HLS 200-1510] Running: csynth_design 
INFO: [HLS 200-111] Finished File checks and directory preparation: CPU user time: 0.85 seconds. CPU system time: 0.1 seconds. Elapsed time: 0.95 seconds; current allocated memory: 294.359 MB.
INFO: [HLS 200-2191] C-Synthesis will use clang-16 as the compiler
INFO: [HLS 200-10] Analyzing design file 'firmware/myproject.cpp' ... 
WARNING: [HLS 207-7036] unexpected pragma argument 'softmax', expects function/operation (firmware/nnet_utils/nnet_activation.h:402:36)
WARNING: [HLS 207-6996] 'Resource pragma' is deprecated, use 'bind_op/bind_storage pragma' instead (firmware/nnet_utils/nnet_dense_resource.h:33:13)
WARNING: [HLS 207-6996] 'Resource pragma' is deprecated, use 'bind_op/bind_storage pragma' instead (firmware/nnet_utils/nnet_dense_resource.h:107:13)
WARNING: [HLS 207-6996] 'Resource pragma' is deprecated, use 'bind_op/bind_storage pragma' instead (firmware/nnet_utils/nnet_dense_resource.h:189:13)
WARNING: [HLS 214-113] Either use an argument of the function or declare the variable inside the dataflow loop body (firmware/myproject.cpp:60:86)
Resolution: For help on HLS 214-113 see docs.amd.com/access/sources/dita/topic?Doc_Version=2025.2%20English&url=ug1448-hls-guidance&resourceid=214-113.html
WARNING: [HLS 214-113] Either use an argument of the function or declare the variable inside the dataflow loop body (firmware/myproject.cpp:60:90)
Resolution: For help on HLS 214-113 see docs.amd.com/access/sources/dita/topic?Doc_Version=2025.2%20English&url=ug1448-hls-guidance&resourceid=214-113.html
WARNING: [HLS 214-113] Either use an argument of the function or declare the variable inside the dataflow loop body (firmware/myproject.cpp:66:86)
Resolution: For help on HLS 214-113 see docs.amd.com/access/sources/dita/topic?Doc_Version=2025.2%20English&url=ug1448-hls-guidance&resourceid=214-113.html
WARNING: [HLS 214-113] Either use an argument of the function or declare the variable inside the dataflow loop body (firmware/myproject.cpp:66:90)
Resolution: For help on HLS 214-113 see docs.amd.com/access/sources/dita/topic?Doc_Version=2025.2%20English&url=ug1448-hls-guidance&resourceid=214-113.html
WARNING: [HLS 214-113] Either use an argument of the function or declare the variable inside the dataflow loop body (firmware/myproject.cpp:72:88)
Resolution: For help on HLS 214-113 see docs.amd.com/access/sources/dita/topic?Doc_Version=2025.2%20English&url=ug1448-hls-guidance&resourceid=214-113.html
WARNING: [HLS 214-113] Either use an argument of the function or declare the variable inside the dataflow loop body (firmware/myproject.cpp:72:92)
Resolution: For help on HLS 214-113 see docs.amd.com/access/sources/dita/topic?Doc_Version=2025.2%20English&url=ug1448-hls-guidance&resourceid=214-113.html
WARNING: [HLS 200-471] Dataflow form checks found 6 issue(s) in file firmware/myproject.cpp
Resolution: For help on HLS 200-471 see docs.amd.com/access/sources/dita/topic?Doc_Version=2025.2%20English&url=ug1448-hls-guidance&resourceid=200-471.html
WARNING: [HLS 207-6591] unused parameter 'keep' (firmware/nnet_utils/nnet_helpers.h:285:99)
WARNING: [HLS 207-6591] unused parameter 'data' (firmware/nnet_utils/nnet_function_stubs.h:14:36)
WARNING: [HLS 207-6591] unused parameter 'buffer' (firmware/nnet_utils/nnet_function_stubs.h:15:36)
WARNING: [HLS 207-6591] unused parameter 'partition' (firmware/nnet_utils/nnet_function_stubs.h:16:44)
WARNING: [HLS 207-6591] unused parameter 'data' (firmware/nnet_utils/nnet_function_stubs.h:24:24)
WARNING: [HLS 207-6591] unused parameter 'buffer' (firmware/nnet_utils/nnet_function_stubs.h:25:24)
WARNING: [HLS 207-6591] unused parameter 'partition' (firmware/nnet_utils/nnet_function_stubs.h:26:32)
WARNING: [HLS 207-6591] unused parameter 'data' (firmware/nnet_utils/nnet_function_stubs.h:33:30)
WARNING: [HLS 207-6591] unused parameter 'res' (firmware/nnet_utils/nnet_function_stubs.h:33:58)
WARNING: [HLS 207-6591] unused parameter 'weights' (firmware/nnet_utils/nnet_function_stubs.h:34:51)
WARNING: [HLS 207-6591] unused parameter 'biases' (firmware/nnet_utils/nnet_function_stubs.h:35:49)
WARNING: [HLS 207-6591] unused parameter 'data' (firmware/nnet_utils/nnet_function_stubs.h:42:30)
WARNING: [HLS 207-6591] unused parameter 'res' (firmware/nnet_utils/nnet_function_stubs.h:42:58)
WARNING: [HLS 207-6591] unused parameter 'weights' (firmware/nnet_utils/nnet_function_stubs.h:43:51)
WARNING: [HLS 207-6591] unused parameter 'biases' (firmware/nnet_utils/nnet_function_stubs.h:44:49)
WARNING: [HLS 207-6591] unused parameter 'data' (firmware/nnet_utils/nnet_function_stubs.h:51:29)
WARNING: [HLS 207-6591] unused parameter 'res' (firmware/nnet_utils/nnet_function_stubs.h:51:80)
WARNING: [HLS 207-6591] unused parameter 'weights' (firmware/nnet_utils/nnet_function_stubs.h:52:50)
WARNING: [HLS 207-6591] unused parameter 'biases' (firmware/nnet_utils/nnet_function_stubs.h:53:48)
WARNING: [HLS 207-6591] unused parameter 'data' (firmware/nnet_utils/nnet_code_gen.h:16:39)
WARNING: [HLS 207-6591] unused parameter 'res' (firmware/nnet_utils/nnet_code_gen.h:17:38)
WARNING: [HLS 207-6591] unused parameter 'weights' (firmware/nnet_utils/nnet_code_gen.h:18:60)
WARNING: [HLS 207-6591] unused parameter 'biases' (firmware/nnet_utils/nnet_code_gen.h:19:58)
WARNING: [HLS 207-7050] there are more than one pragma inline in the function scope, ignore the pragma  (/mnt/dev/xilinx/2025.2/Vitis/common/technology/autopilot/ap_shift_reg.h:51:1)
INFO: [HLS 200-111] Finished Source Code Analysis and Preprocessing: CPU user time: 6.14 seconds. CPU system time: 0.56 seconds. Elapsed time: 6.75 seconds; current allocated memory: 300.418 MB.
INFO: [HLS 200-777] Using interface defaults for 'Vivado' flow target.
INFO: [HLS 200-1995] There were 4,986 instructions in the design after the 'Compile/Link' phase of compilation. See the Design Size Report for more details (/mnt/dev/xilinx/phys476/logs/monkaa_crop16x9_sf25_fc32_h160_w288_bs128/hls4ml/fixed16_6/myproject_prj/solution1/syn/report/csynth_design_size.rpt:2)
WARNING: [HLS 200-1995] There were 774,781 instructions in the design after the 'Unroll/Inline' phase of compilation. See the Design Size Report for more details (/mnt/dev/xilinx/phys476/logs/monkaa_crop16x9_sf25_fc32_h160_w288_bs128/hls4ml/fixed16_6/myproject_prj/solution1/syn/report/csynth_design_size.rpt:2)
WARNING: [HLS 200-1995] There were 204,454 instructions in the design after the 'Unroll/Inline (step 2)' phase of compilation. See the Design Size Report for more details (/mnt/dev/xilinx/phys476/logs/monkaa_crop16x9_sf25_fc32_h160_w288_bs128/hls4ml/fixed16_6/myproject_prj/solution1/syn/report/csynth_design_size.rpt:2)
WARNING: [HLS 200-1995] There were 203,258 instructions in the design after the 'Unroll/Inline (step 3)' phase of compilation. See the Design Size Report for more details (/mnt/dev/xilinx/phys476/logs/monkaa_crop16x9_sf25_fc32_h160_w288_bs128/hls4ml/fixed16_6/myproject_prj/solution1/syn/report/csynth_design_size.rpt:2)
WARNING: [HLS 200-1995] There were 200,515 instructions in the design after the 'Unroll/Inline (step 4)' phase of compilation. See the Design Size Report for more details (/mnt/dev/xilinx/phys476/logs/monkaa_crop16x9_sf25_fc32_h160_w288_bs128/hls4ml/fixed16_6/myproject_prj/solution1/syn/report/csynth_design_size.rpt:2)
INFO: [HLS 200-1995] There were 87,611 instructions in the design after the 'Array/Struct (step 1)' phase of compilation. See the Design Size Report for more details (/mnt/dev/xilinx/phys476/logs/monkaa_crop16x9_sf25_fc32_h160_w288_bs128/hls4ml/fixed16_6/myproject_prj/solution1/syn/report/csynth_design_size.rpt:2)
INFO: [HLS 200-1995] There were 45,473 instructions in the design after the 'Array/Struct (step 2)' phase of compilation. See the Design Size Report for more details (/mnt/dev/xilinx/phys476/logs/monkaa_crop16x9_sf25_fc32_h160_w288_bs128/hls4ml/fixed16_6/myproject_prj/solution1/syn/report/csynth_design_size.rpt:2)
INFO: [HLS 200-1995] There were 45,566 instructions in the design after the 'Array/Struct (step 3)' phase of compilation. See the Design Size Report for more details (/mnt/dev/xilinx/phys476/logs/monkaa_crop16x9_sf25_fc32_h160_w288_bs128/hls4ml/fixed16_6/myproject_prj/solution1/syn/report/csynth_design_size.rpt:2)
INFO: [HLS 200-1995] There were 49,498 instructions in the design after the 'Array/Struct (step 4)' phase of compilation. See the Design Size Report for more details (/mnt/dev/xilinx/phys476/logs/monkaa_crop16x9_sf25_fc32_h160_w288_bs128/hls4ml/fixed16_6/myproject_prj/solution1/syn/report/csynth_design_size.rpt:2)
INFO: [HLS 200-1995] There were 49,365 instructions in the design after the 'Array/Struct (step 5)' phase of compilation. See the Design Size Report for more details (/mnt/dev/xilinx/phys476/logs/monkaa_crop16x9_sf25_fc32_h160_w288_bs128/hls4ml/fixed16_6/myproject_prj/solution1/syn/report/csynth_design_size.rpt:2)
INFO: [HLS 200-1995] There were 49,234 instructions in the design after the 'Performance (step 1)' phase of compilation. See the Design Size Report for more details (/mnt/dev/xilinx/phys476/logs/monkaa_crop16x9_sf25_fc32_h160_w288_bs128/hls4ml/fixed16_6/myproject_prj/solution1/syn/report/csynth_design_size.rpt:2)
INFO: [HLS 200-1995] There were 49,222 instructions in the design after the 'Performance (step 2)' phase of compilation. See the Design Size Report for more details (/mnt/dev/xilinx/phys476/logs/monkaa_crop16x9_sf25_fc32_h160_w288_bs128/hls4ml/fixed16_6/myproject_prj/solution1/syn/report/csynth_design_size.rpt:2)
INFO: [HLS 200-1995] There were 48,821 instructions in the design after the 'Performance (step 3)' phase of compilation. See the Design Size Report for more details (/mnt/dev/xilinx/phys476/logs/monkaa_crop16x9_sf25_fc32_h160_w288_bs128/hls4ml/fixed16_6/myproject_prj/solution1/syn/report/csynth_design_size.rpt:2)
INFO: [HLS 200-1995] There were 48,821 instructions in the design after the 'Performance (step 4)' phase of compilation. See the Design Size Report for more details (/mnt/dev/xilinx/phys476/logs/monkaa_crop16x9_sf25_fc32_h160_w288_bs128/hls4ml/fixed16_6/myproject_prj/solution1/syn/report/csynth_design_size.rpt:2)
INFO: [HLS 200-1995] There were 47,683 instructions in the design after the 'HW Transforms (step 1)' phase of compilation. See the Design Size Report for more details (/mnt/dev/xilinx/phys476/logs/monkaa_crop16x9_sf25_fc32_h160_w288_bs128/hls4ml/fixed16_6/myproject_prj/solution1/syn/report/csynth_design_size.rpt:2)
INFO: [HLS 200-1995] There were 48,468 instructions in the design after the 'HW Transforms (step 2)' phase of compilation. See the Design Size Report for more details (/mnt/dev/xilinx/phys476/logs/monkaa_crop16x9_sf25_fc32_h160_w288_bs128/hls4ml/fixed16_6/myproject_prj/solution1/syn/report/csynth_design_size.rpt:2)
INFO: [HLS 214-415] Performing recursive inline in function 'nnet::conv_2d_cl<nnet::array<ap_fixed<16, 6, (ap_q_mode)5, (ap_o_mode)3, 0>, 1u>, nnet::array<ap_fixed<37, 17, (ap_q_mode)5, (ap_o_mode)3, 0>, 32u>, config2>' (firmware/nnet_utils/nnet_conv2d_stream.h:74:1)
INFO: [HLS 214-415] Performing recursive inline in function 'nnet::conv_2d_cl<nnet::array<ap_fixed<16, 6, (ap_q_mode)5, (ap_o_mode)3, 0>, 32u>, nnet::array<ap_fixed<42, 22, (ap_q_mode)5, (ap_o_mode)3, 0>, 32u>, config4>' (firmware/nnet_utils/nnet_conv2d_stream.h:74:1)
INFO: [HLS 214-415] Performing recursive inline in function 'nnet::conv_2d_cl<nnet::array<ap_fixed<16, 6, (ap_q_mode)5, (ap_o_mode)3, 0>, 32u>, nnet::array<ap_fixed<42, 22, (ap_q_mode)5, (ap_o_mode)3, 0>, 16u>, config6>' (firmware/nnet_utils/nnet_conv2d_stream.h:74:1)
INFO: [HLS 214-131] Inlining function 'void nnet::fill_zero<nnet::array<ap_fixed<16, 6, (ap_q_mode)5, (ap_o_mode)3, 0>, 1u>, config8>(hls::stream<nnet::array<ap_fixed<16, 6, (ap_q_mode)5, (ap_o_mode)3, 0>, 1u>, 0>&)' into 'void nnet::zeropad2d_cl<nnet::array<ap_fixed<16, 6, (ap_q_mode)5, (ap_o_mode)3, 0>, 1u>, nnet::array<ap_fixed<16, 6, (ap_q_mode)5, (ap_o_mode)3, 0>, 1u>, config8>(hls::stream<nnet::array<ap_fixed<16, 6, (ap_q_mode)5, (ap_o_mode)3, 0>, 1u>, 0>&, hls::stream<nnet::array<ap_fixed<16, 6, (ap_q_mode)5, (ap_o_mode)3, 0>, 1u>, 0>&)' (firmware/nnet_utils/nnet_padding_stream.h:54:13)
INFO: [HLS 214-131] Inlining function 'void nnet::fill_data<nnet::array<ap_fixed<16, 6, (ap_q_mode)5, (ap_o_mode)3, 0>, 1u>, nnet::array<ap_fixed<16, 6, (ap_q_mode)5, (ap_o_mode)3, 0>, 1u>, config8>(hls::stream<nnet::array<ap_fixed<16, 6, (ap_q_mode)5, (ap_o_mode)3, 0>, 1u>, 0>&, hls::stream<nnet::array<ap_fixed<16, 6, (ap_q_mode)5, (ap_o_mode)3, 0>, 1u>, 0>&)' into 'void nnet::zeropad2d_cl<nnet::array<ap_fixed<16, 6, (ap_q_mode)5, (ap_o_mode)3, 0>, 1u>, nnet::array<ap_fixed<16, 6, (ap_q_mode)5, (ap_o_mode)3, 0>, 1u>, config8>(hls::stream<nnet::array<ap_fixed<16, 6, (ap_q_mode)5, (ap_o_mode)3, 0>, 1u>, 0>&, hls::stream<nnet::array<ap_fixed<16, 6, (ap_q_mode)5, (ap_o_mode)3, 0>, 1u>, 0>&)' (firmware/nnet_utils/nnet_padding_stream.h:66:13)
INFO: [HLS 214-131] Inlining function 'void nnet::kernel_shift_2d<nnet::array<ap_fixed<16, 6, (ap_q_mode)5, (ap_o_mode)3, 0>, 1u>, config2>(nnet::array<ap_fixed<16, 6, (ap_q_mode)5, (ap_o_mode)3, 0>, 1u>::value_type (*) [config2::n_chan], nnet::array<ap_fixed<16, 6, (ap_q_mode)5, (ap_o_mode)3, 0>, 1u>::value_type*)' into 'void nnet::shift_line_buffer<nnet::array<ap_fixed<16, 6, (ap_q_mode)5, (ap_o_mode)3, 0>, 1u>, config2>(nnet::array<ap_fixed<16, 6, (ap_q_mode)5, (ap_o_mode)3, 0>, 1u> const&, ap_shift_reg<nnet::array<ap_fixed<16, 6, (ap_q_mode)5, (ap_o_mode)3, 0>, 1u>::value_type, config2::in_width> (*) [config2::n_chan], nnet::array<ap_fixed<16, 6, (ap_q_mode)5, (ap_o_mode)3, 0>, 1u>::value_type*)' (firmware/nnet_utils/nnet_conv_stream.h:247:5)
INFO: [HLS 214-131] Inlining function 'nnet::product::mult<ap_fixed<16, 6, (ap_q_mode)5, (ap_o_mode)3, 0>, ap_fixed<16, 6, (ap_q_mode)5, (ap_o_mode)3, 0> >::product(ap_fixed<16, 6, (ap_q_mode)5, (ap_o_mode)3, 0>, ap_fixed<16, 6, (ap_q_mode)5, (ap_o_mode)3, 0>)' into 'void nnet::dense_latency<ap_fixed<16, 6, (ap_q_mode)5, (ap_o_mode)3, 0>, ap_fixed<37, 17, (ap_q_mode)5, (ap_o_mode)3, 0>, config2_mult>(ap_fixed<16, 6, (ap_q_mode)5, (ap_o_mode)3, 0>*, ap_fixed<37, 17, (ap_q_mode)5, (ap_o_mode)3, 0>*, config2_mult::weight_t*, config2_mult::bias_t*)' (firmware/nnet_utils/nnet_dense_latency.h:42:27)
INFO: [HLS 214-131] Inlining function 'nnet::DenseLatency<ap_fixed<16, 6, (ap_q_mode)5, (ap_o_mode)3, 0>, ap_fixed<37, 17, (ap_q_mode)5, (ap_o_mode)3, 0>, config2_mult>::dense(ap_fixed<16, 6, (ap_q_mode)5, (ap_o_mode)3, 0>*, ap_fixed<37, 17, (ap_q_mode)5, (ap_o_mode)3, 0>*, ap_fixed<16, 6, (ap_q_mode)5, (ap_o_mode)3, 0>*, ap_fixed<16, 6, (ap_q_mode)5, (ap_o_mode)3, 0>*)' into 'void nnet::compute_output_buffer_2d<nnet::array<ap_fixed<16, 6, (ap_q_mode)5, (ap_o_mode)3, 0>, 1u>, nnet::array<ap_fixed<37, 17, (ap_q_mode)5, (ap_o_mode)3, 0>, 32u>, config2>(nnet::array<ap_fixed<16, 6, (ap_q_mode)5, (ap_o_mode)3, 0>, 1u> const&, ap_shift_reg<nnet::array<ap_fixed<16, 6, (ap_q_mode)5, (ap_o_mode)3, 0>, 1u>::value_type, config2::in_width> (*) [config2::n_chan], hls::stream<nnet::array<ap_fixed<37, 17, (ap_q_mode)5, (ap_o_mode)3, 0>, 32u>, 0>&, config2::weight_t*, config2::bias_t*)' (firmware/nnet_utils/nnet_conv_stream.h:288:9)
INFO: [HLS 214-131] Inlining function 'void nnet::conv_2d_buffer_latency_cl<nnet::array<ap_fixed<16, 6, (ap_q_mode)5, (ap_o_mode)3, 0>, 1u>, nnet::array<ap_fixed<37, 17, (ap_q_mode)5, (ap_o_mode)3, 0>, 32u>, config2>(hls::stream<nnet::array<ap_fixed<16, 6, (ap_q_mode)5, (ap_o_mode)3, 0>, 1u>, 0>&, hls::stream<nnet::array<ap_fixed<37, 17, (ap_q_mode)5, (ap_o_mode)3, 0>, 32u>, 0>&, config2::weight_t*, config2::bias_t*) (.6)' into 'void nnet::conv_2d_cl<nnet::array<ap_fixed<16, 6, (ap_q_mode)5, (ap_o_mode)3, 0>, 1u>, nnet::array<ap_fixed<37, 17, (ap_q_mode)5, (ap_o_mode)3, 0>, 32u>, config2>(hls::stream<nnet::array<ap_fixed<16, 6, (ap_q_mode)5, (ap_o_mode)3, 0>, 1u>, 0>&, hls::stream<nnet::array<ap_fixed<37, 17, (ap_q_mode)5, (ap_o_mode)3, 0>, 32u>, 0>&, config2::weight_t*, config2::bias_t*)' (firmware/nnet_utils/nnet_conv2d_stream.h:76:9)
INFO: [HLS 214-131] Inlining function 'void nnet::fill_zero<nnet::array<ap_fixed<16, 6, (ap_q_mode)5, (ap_o_mode)3, 0>, 32u>, config9>(hls::stream<nnet::array<ap_fixed<16, 6, (ap_q_mode)5, (ap_o_mode)3, 0>, 32u>, 0>&)' into 'void nnet::zeropad2d_cl<nnet::array<ap_fixed<16, 6, (ap_q_mode)5, (ap_o_mode)3, 0>, 32u>, nnet::array<ap_fixed<16, 6, (ap_q_mode)5, (ap_o_mode)3, 0>, 32u>, config9>(hls::stream<nnet::array<ap_fixed<16, 6, (ap_q_mode)5, (ap_o_mode)3, 0>, 32u>, 0>&, hls::stream<nnet::array<ap_fixed<16, 6, (ap_q_mode)5, (ap_o_mode)3, 0>, 32u>, 0>&)' (firmware/nnet_utils/nnet_padding_stream.h:54:13)
INFO: [HLS 214-131] Inlining function 'void nnet::fill_data<nnet::array<ap_fixed<16, 6, (ap_q_mode)5, (ap_o_mode)3, 0>, 32u>, nnet::array<ap_fixed<16, 6, (ap_q_mode)5, (ap_o_mode)3, 0>, 32u>, config9>(hls::stream<nnet::array<ap_fixed<16, 6, (ap_q_mode)5, (ap_o_mode)3, 0>, 32u>, 0>&, hls::stream<nnet::array<ap_fixed<16, 6, (ap_q_mode)5, (ap_o_mode)3, 0>, 32u>, 0>&)' into 'void nnet::zeropad2d_cl<nnet::array<ap_fixed<16, 6, (ap_q_mode)5, (ap_o_mode)3, 0>, 32u>, nnet::array<ap_fixed<16, 6, (ap_q_mode)5, (ap_o_mode)3, 0>, 32u>, config9>(hls::stream<nnet::array<ap_fixed<16, 6, (ap_q_mode)5, (ap_o_mode)3, 0>, 32u>, 0>&, hls::stream<nnet::array<ap_fixed<16, 6, (ap_q_mode)5, (ap_o_mode)3, 0>, 32u>, 0>&)' (firmware/nnet_utils/nnet_padding_stream.h:66:13)
INFO: [HLS 214-131] Inlining function 'void nnet::kernel_shift_2d<nnet::array<ap_fixed<16, 6, (ap_q_mode)5, (ap_o_mode)3, 0>, 32u>, config4>(nnet::array<ap_fixed<16, 6, (ap_q_mode)5, (ap_o_mode)3, 0>, 32u>::value_type (*) [config4::n_chan], nnet::array<ap_fixed<16, 6, (ap_q_mode)5, (ap_o_mode)3, 0>, 32u>::value_type*)' into 'void nnet::shift_line_buffer<nnet::array<ap_fixed<16, 6, (ap_q_mode)5, (ap_o_mode)3, 0>, 32u>, config4>(nnet::array<ap_fixed<16, 6, (ap_q_mode)5, (ap_o_mode)3, 0>, 32u> const&, ap_shift_reg<nnet::array<ap_fixed<16, 6, (ap_q_mode)5, (ap_o_mode)3, 0>, 32u>::value_type, config4::in_width> (*) [config4::n_chan], nnet::array<ap_fixed<16, 6, (ap_q_mode)5, (ap_o_mode)3, 0>, 32u>::value_type*)' (firmware/nnet_utils/nnet_conv_stream.h:247:5)
INFO: [HLS 214-131] Inlining function 'nnet::product::mult<ap_fixed<16, 6, (ap_q_mode)5, (ap_o_mode)3, 0>, ap_fixed<16, 6, (ap_q_mode)5, (ap_o_mode)3, 0> >::product(ap_fixed<16, 6, (ap_q_mode)5, (ap_o_mode)3, 0>, ap_fixed<16, 6, (ap_q_mode)5, (ap_o_mode)3, 0>)' into 'void nnet::dense_latency<ap_fixed<16, 6, (ap_q_mode)5, (ap_o_mode)3, 0>, ap_fixed<42, 22, (ap_q_mode)5, (ap_o_mode)3, 0>, config4_mult>(ap_fixed<16, 6, (ap_q_mode)5, (ap_o_mode)3, 0>*, ap_fixed<42, 22, (ap_q_mode)5, (ap_o_mode)3, 0>*, config4_mult::weight_t*, config4_mult::bias_t*)' (firmware/nnet_utils/nnet_dense_latency.h:42:27)
INFO: [HLS 214-131] Inlining function 'nnet::DenseLatency<ap_fixed<16, 6, (ap_q_mode)5, (ap_o_mode)3, 0>, ap_fixed<42, 22, (ap_q_mode)5, (ap_o_mode)3, 0>, config4_mult>::dense(ap_fixed<16, 6, (ap_q_mode)5, (ap_o_mode)3, 0>*, ap_fixed<42, 22, (ap_q_mode)5, (ap_o_mode)3, 0>*, ap_fixed<16, 6, (ap_q_mode)5, (ap_o_mode)3, 0>*, ap_fixed<16, 6, (ap_q_mode)5, (ap_o_mode)3, 0>*)' into 'void nnet::compute_output_buffer_2d<nnet::array<ap_fixed<16, 6, (ap_q_mode)5, (ap_o_mode)3, 0>, 32u>, nnet::array<ap_fixed<42, 22, (ap_q_mode)5, (ap_o_mode)3, 0>, 32u>, config4>(nnet::array<ap_fixed<16, 6, (ap_q_mode)5, (ap_o_mode)3, 0>, 32u> const&, ap_shift_reg<nnet::array<ap_fixed<16, 6, (ap_q_mode)5, (ap_o_mode)3, 0>, 32u>::value_type, config4::in_width> (*) [config4::n_chan], hls::stream<nnet::array<ap_fixed<42, 22, (ap_q_mode)5, (ap_o_mode)3, 0>, 32u>, 0>&, config4::weight_t*, config4::bias_t*)' (firmware/nnet_utils/nnet_conv_stream.h:288:9)
INFO: [HLS 214-131] Inlining function 'void nnet::conv_2d_buffer_latency_cl<nnet::array<ap_fixed<16, 6, (ap_q_mode)5, (ap_o_mode)3, 0>, 32u>, nnet::array<ap_fixed<42, 22, (ap_q_mode)5, (ap_o_mode)3, 0>, 32u>, config4>(hls::stream<nnet::array<ap_fixed<16, 6, (ap_q_mode)5, (ap_o_mode)3, 0>, 32u>, 0>&, hls::stream<nnet::array<ap_fixed<42, 22, (ap_q_mode)5, (ap_o_mode)3, 0>, 32u>, 0>&, config4::weight_t*, config4::bias_t*) (.5)' into 'void nnet::conv_2d_cl<nnet::array<ap_fixed<16, 6, (ap_q_mode)5, (ap_o_mode)3, 0>, 32u>, nnet::array<ap_fixed<42, 22, (ap_q_mode)5, (ap_o_mode)3, 0>, 32u>, config4>(hls::stream<nnet::array<ap_fixed<16, 6, (ap_q_mode)5, (ap_o_mode)3, 0>, 32u>, 0>&, hls::stream<nnet::array<ap_fixed<42, 22, (ap_q_mode)5, (ap_o_mode)3, 0>, 32u>, 0>&, config4::weight_t*, config4::bias_t*)' (firmware/nnet_utils/nnet_conv2d_stream.h:76:9)
INFO: [HLS 214-131] Inlining function 'void nnet::fill_zero<nnet::array<ap_fixed<16, 6, (ap_q_mode)5, (ap_o_mode)3, 0>, 32u>, config10>(hls::stream<nnet::array<ap_fixed<16, 6, (ap_q_mode)5, (ap_o_mode)3, 0>, 32u>, 0>&)' into 'void nnet::zeropad2d_cl<nnet::array<ap_fixed<16, 6, (ap_q_mode)5, (ap_o_mode)3, 0>, 32u>, nnet::array<ap_fixed<16, 6, (ap_q_mode)5, (ap_o_mode)3, 0>, 32u>, config10>(hls::stream<nnet::array<ap_fixed<16, 6, (ap_q_mode)5, (ap_o_mode)3, 0>, 32u>, 0>&, hls::stream<nnet::array<ap_fixed<16, 6, (ap_q_mode)5, (ap_o_mode)3, 0>, 32u>, 0>&)' (firmware/nnet_utils/nnet_padding_stream.h:54:13)
INFO: [HLS 214-131] Inlining function 'void nnet::fill_data<nnet::array<ap_fixed<16, 6, (ap_q_mode)5, (ap_o_mode)3, 0>, 32u>, nnet::array<ap_fixed<16, 6, (ap_q_mode)5, (ap_o_mode)3, 0>, 32u>, config10>(hls::stream<nnet::array<ap_fixed<16, 6, (ap_q_mode)5, (ap_o_mode)3, 0>, 32u>, 0>&, hls::stream<nnet::array<ap_fixed<16, 6, (ap_q_mode)5, (ap_o_mode)3, 0>, 32u>, 0>&)' into 'void nnet::zeropad2d_cl<nnet::array<ap_fixed<16, 6, (ap_q_mode)5, (ap_o_mode)3, 0>, 32u>, nnet::array<ap_fixed<16, 6, (ap_q_mode)5, (ap_o_mode)3, 0>, 32u>, config10>(hls::stream<nnet::array<ap_fixed<16, 6, (ap_q_mode)5, (ap_o_mode)3, 0>, 32u>, 0>&, hls::stream<nnet::array<ap_fixed<16, 6, (ap_q_mode)5, (ap_o_mode)3, 0>, 32u>, 0>&)' (firmware/nnet_utils/nnet_padding_stream.h:66:13)
INFO: [HLS 214-131] Inlining function 'void nnet::kernel_shift_2d<nnet::array<ap_fixed<16, 6, (ap_q_mode)5, (ap_o_mode)3, 0>, 32u>, config6>(nnet::array<ap_fixed<16, 6, (ap_q_mode)5, (ap_o_mode)3, 0>, 32u>::value_type (*) [config6::n_chan], nnet::array<ap_fixed<16, 6, (ap_q_mode)5, (ap_o_mode)3, 0>, 32u>::value_type*)' into 'void nnet::shift_line_buffer<nnet::array<ap_fixed<16, 6, (ap_q_mode)5, (ap_o_mode)3, 0>, 32u>, config6>(nnet::array<ap_fixed<16, 6, (ap_q_mode)5, (ap_o_mode)3, 0>, 32u> const&, ap_shift_reg<nnet::array<ap_fixed<16, 6, (ap_q_mode)5, (ap_o_mode)3, 0>, 32u>::value_type, config6::in_width> (*) [config6::n_chan], nnet::array<ap_fixed<16, 6, (ap_q_mode)5, (ap_o_mode)3, 0>, 32u>::value_type*)' (firmware/nnet_utils/nnet_conv_stream.h:247:5)
INFO: [HLS 214-131] Inlining function 'nnet::product::mult<ap_fixed<16, 6, (ap_q_mode)5, (ap_o_mode)3, 0>, ap_fixed<16, 6, (ap_q_mode)5, (ap_o_mode)3, 0> >::product(ap_fixed<16, 6, (ap_q_mode)5, (ap_o_mode)3, 0>, ap_fixed<16, 6, (ap_q_mode)5, (ap_o_mode)3, 0>)' into 'void nnet::dense_latency<ap_fixed<16, 6, (ap_q_mode)5, (ap_o_mode)3, 0>, ap_fixed<42, 22, (ap_q_mode)5, (ap_o_mode)3, 0>, config6_mult>(ap_fixed<16, 6, (ap_q_mode)5, (ap_o_mode)3, 0>*, ap_fixed<42, 22, (ap_q_mode)5, (ap_o_mode)3, 0>*, config6_mult::weight_t*, config6_mult::bias_t*)' (firmware/nnet_utils/nnet_dense_latency.h:42:27)
INFO: [HLS 214-131] Inlining function 'nnet::DenseLatency<ap_fixed<16, 6, (ap_q_mode)5, (ap_o_mode)3, 0>, ap_fixed<42, 22, (ap_q_mode)5, (ap_o_mode)3, 0>, config6_mult>::dense(ap_fixed<16, 6, (ap_q_mode)5, (ap_o_mode)3, 0>*, ap_fixed<42, 22, (ap_q_mode)5, (ap_o_mode)3, 0>*, ap_fixed<16, 6, (ap_q_mode)5, (ap_o_mode)3, 0>*, ap_fixed<16, 6, (ap_q_mode)5, (ap_o_mode)3, 0>*)' into 'void nnet::compute_output_buffer_2d<nnet::array<ap_fixed<16, 6, (ap_q_mode)5, (ap_o_mode)3, 0>, 32u>, nnet::array<ap_fixed<42, 22, (ap_q_mode)5, (ap_o_mode)3, 0>, 16u>, config6>(nnet::array<ap_fixed<16, 6, (ap_q_mode)5, (ap_o_mode)3, 0>, 32u> const&, ap_shift_reg<nnet::array<ap_fixed<16, 6, (ap_q_mode)5, (ap_o_mode)3, 0>, 32u>::value_type, config6::in_width> (*) [config6::n_chan], hls::stream<nnet::array<ap_fixed<42, 22, (ap_q_mode)5, (ap_o_mode)3, 0>, 16u>, 0>&, config6::weight_t*, config6::bias_t*)' (firmware/nnet_utils/nnet_conv_stream.h:288:9)
INFO: [HLS 214-131] Inlining function 'void nnet::conv_2d_buffer_latency_cl<nnet::array<ap_fixed<16, 6, (ap_q_mode)5, (ap_o_mode)3, 0>, 32u>, nnet::array<ap_fixed<42, 22, (ap_q_mode)5, (ap_o_mode)3, 0>, 16u>, config6>(hls::stream<nnet::array<ap_fixed<16, 6, (ap_q_mode)5, (ap_o_mode)3, 0>, 32u>, 0>&, hls::stream<nnet::array<ap_fixed<42, 22, (ap_q_mode)5, (ap_o_mode)3, 0>, 16u>, 0>&, config6::weight_t*, config6::bias_t*) (.1)' into 'void nnet::conv_2d_cl<nnet::array<ap_fixed<16, 6, (ap_q_mode)5, (ap_o_mode)3, 0>, 32u>, nnet::array<ap_fixed<42, 22, (ap_q_mode)5, (ap_o_mode)3, 0>, 16u>, config6>(hls::stream<nnet::array<ap_fixed<16, 6, (ap_q_mode)5, (ap_o_mode)3, 0>, 32u>, 0>&, hls::stream<nnet::array<ap_fixed<42, 22, (ap_q_mode)5, (ap_o_mode)3, 0>, 16u>, 0>&, config6::weight_t*, config6::bias_t*)' (firmware/nnet_utils/nnet_conv2d_stream.h:76:9)
INFO: [HLS 214-291] Loop 'ReLUPackLoop' is marked as complete unroll implied by the pipeline pragma (firmware/nnet_utils/nnet_activation_stream.h:49:9)
INFO: [HLS 214-291] Loop 'CastLoop' is marked as complete unroll implied by the pipeline pragma (firmware/nnet_utils/nnet_conv_stream.h:293:9)
INFO: [HLS 214-291] Loop 'Result' is marked as complete unroll implied by the pipeline pragma (firmware/nnet_utils/nnet_dense_latency.h:64:5)
INFO: [HLS 214-291] Loop 'Accum1' is marked as complete unroll implied by the pipeline pragma (firmware/nnet_utils/nnet_dense_latency.h:54:5)
INFO: [HLS 214-291] Loop 'Accum2' is marked as complete unroll implied by the pipeline pragma (firmware/nnet_utils/nnet_dense_latency.h:56:9)
INFO: [HLS 214-291] Loop 'ResetAccum' is marked as complete unroll implied by the pipeline pragma (firmware/nnet_utils/nnet_dense_latency.h:48:5)
INFO: [HLS 214-291] Loop 'Product1' is marked as complete unroll implied by the pipeline pragma (firmware/nnet_utils/nnet_dense_latency.h:37:5)
INFO: [HLS 214-291] Loop 'Product2' is marked as complete unroll implied by the pipeline pragma (firmware/nnet_utils/nnet_dense_latency.h:40:9)
INFO: [HLS 214-291] Loop 'KernelPushHeight' is marked as complete unroll implied by the pipeline pragma (firmware/nnet_utils/nnet_conv_stream.h:205:5)
INFO: [HLS 214-291] Loop 'KernelPushChannel' is marked as complete unroll implied by the pipeline pragma (firmware/nnet_utils/nnet_conv_stream.h:208:9)
INFO: [HLS 214-291] Loop 'KernelShiftWidth' is marked as complete unroll implied by the pipeline pragma (firmware/nnet_utils/nnet_conv_stream.h:189:5)
INFO: [HLS 214-291] Loop 'KernelShiftHeight' is marked as complete unroll implied by the pipeline pragma (firmware/nnet_utils/nnet_conv_stream.h:192:9)
INFO: [HLS 214-291] Loop 'KernelShiftChannel' is marked as complete unroll implied by the pipeline pragma (firmware/nnet_utils/nnet_conv_stream.h:194:13)
INFO: [HLS 214-291] Loop 'LineBufferDataIn' is marked as complete unroll implied by the pipeline pragma (firmware/nnet_utils/nnet_conv_stream.h:236:5)
INFO: [HLS 214-291] Loop 'LineBufferShift' is marked as complete unroll implied by the pipeline pragma (firmware/nnet_utils/nnet_conv_stream.h:239:9)
INFO: [HLS 214-291] Loop 'UpdateBuffer' is marked as complete unroll implied by the pipeline pragma (firmware/nnet_utils/nnet_conv_stream.h:228:5)
INFO: [HLS 214-186] Unrolling loop 'ReLUPackLoop' (firmware/nnet_utils/nnet_activation_stream.h:49:9) in function 'nnet::relu<nnet::array<ap_fixed<42, 22, (ap_q_mode)5, (ap_o_mode)3, 0>, 16u>, nnet::array<ap_fixed<16, 6, (ap_q_mode)5, (ap_o_mode)3, 0>, 16u>, relu_config7>' completely with a factor of 16 (firmware/nnet_utils/nnet_activation_stream.h:39:0)
INFO: [HLS 214-186] Unrolling loop 'CastLoop' (firmware/nnet_utils/nnet_conv_stream.h:293:9) in function 'nnet::compute_output_buffer_2d<nnet::array<ap_fixed<16, 6, (ap_q_mode)5, (ap_o_mode)3, 0>, 32u>, nnet::array<ap_fixed<42, 22, (ap_q_mode)5, (ap_o_mode)3, 0>, 16u>, config6>' completely with a factor of 16 (firmware/nnet_utils/nnet_conv_stream.h:257:0)
INFO: [HLS 214-186] Unrolling loop 'Result' (firmware/nnet_utils/nnet_dense_latency.h:64:5) in function 'nnet::dense_latency<ap_fixed<16, 6, (ap_q_mode)5, (ap_o_mode)3, 0>, ap_fixed<42, 22, (ap_q_mode)5, (ap_o_mode)3, 0>, config6_mult>' completely with a factor of 16 (firmware/nnet_utils/nnet_dense_latency.h:15:0)
INFO: [HLS 214-186] Unrolling loop 'Accum1' (firmware/nnet_utils/nnet_dense_latency.h:54:5) in function 'nnet::dense_latency<ap_fixed<16, 6, (ap_q_mode)5, (ap_o_mode)3, 0>, ap_fixed<42, 22, (ap_q_mode)5, (ap_o_mode)3, 0>, config6_mult>' completely with a factor of 288 (firmware/nnet_utils/nnet_dense_latency.h:15:0)
INFO: [HLS 214-186] Unrolling loop 'Accum2' (firmware/nnet_utils/nnet_dense_latency.h:56:9) in function 'nnet::dense_latency<ap_fixed<16, 6, (ap_q_mode)5, (ap_o_mode)3, 0>, ap_fixed<42, 22, (ap_q_mode)5, (ap_o_mode)3, 0>, config6_mult>' completely with a factor of 16 (firmware/nnet_utils/nnet_dense_latency.h:15:0)
INFO: [HLS 214-186] Unrolling loop 'ResetAccum' (firmware/nnet_utils/nnet_dense_latency.h:48:5) in function 'nnet::dense_latency<ap_fixed<16, 6, (ap_q_mode)5, (ap_o_mode)3, 0>, ap_fixed<42, 22, (ap_q_mode)5, (ap_o_mode)3, 0>, config6_mult>' completely with a factor of 16 (firmware/nnet_utils/nnet_dense_latency.h:15:0)
INFO: [HLS 214-186] Unrolling loop 'Product1' (firmware/nnet_utils/nnet_dense_latency.h:37:5) in function 'nnet::dense_latency<ap_fixed<16, 6, (ap_q_mode)5, (ap_o_mode)3, 0>, ap_fixed<42, 22, (ap_q_mode)5, (ap_o_mode)3, 0>, config6_mult>' completely with a factor of 288 (firmware/nnet_utils/nnet_dense_latency.h:15:0)
INFO: [HLS 214-186] Unrolling loop 'Product2' (firmware/nnet_utils/nnet_dense_latency.h:40:9) in function 'nnet::dense_latency<ap_fixed<16, 6, (ap_q_mode)5, (ap_o_mode)3, 0>, ap_fixed<42, 22, (ap_q_mode)5, (ap_o_mode)3, 0>, config6_mult>' completely with a factor of 16 (firmware/nnet_utils/nnet_dense_latency.h:15:0)
INFO: [HLS 214-186] Unrolling loop 'KernelPushHeight' (firmware/nnet_utils/nnet_conv_stream.h:205:5) in function 'nnet::shift_line_buffer<nnet::array<ap_fixed<16, 6, (ap_q_mode)5, (ap_o_mode)3, 0>, 32u>, config6>' completely with a factor of 3 (firmware/nnet_utils/nnet_conv_stream.h:219:0)
INFO: [HLS 214-186] Unrolling loop 'KernelPushChannel' (firmware/nnet_utils/nnet_conv_stream.h:208:9) in function 'nnet::shift_line_buffer<nnet::array<ap_fixed<16, 6, (ap_q_mode)5, (ap_o_mode)3, 0>, 32u>, config6>' completely with a factor of 32 (firmware/nnet_utils/nnet_conv_stream.h:219:0)
INFO: [HLS 214-186] Unrolling loop 'KernelShiftWidth' (firmware/nnet_utils/nnet_conv_stream.h:189:5) in function 'nnet::shift_line_buffer<nnet::array<ap_fixed<16, 6, (ap_q_mode)5, (ap_o_mode)3, 0>, 32u>, config6>' completely with a factor of 2 (firmware/nnet_utils/nnet_conv_stream.h:219:0)
WARNING: [HLS 214-189] Pipeline directive for loop 'KernelShiftWidth' (firmware/nnet_utils/nnet_conv_stream.h:189:5) in function 'nnet::shift_line_buffer<nnet::array<ap_fixed<16, 6, (ap_q_mode)5, (ap_o_mode)3, 0>, 32u>, config6>' has been removed because the loop is unrolled completely (firmware/nnet_utils/nnet_conv_stream.h:190:1)
INFO: [HLS 214-186] Unrolling loop 'KernelShiftHeight' (firmware/nnet_utils/nnet_conv_stream.h:192:9) in function 'nnet::shift_line_buffer<nnet::array<ap_fixed<16, 6, (ap_q_mode)5, (ap_o_mode)3, 0>, 32u>, config6>' completely with a factor of 3 (firmware/nnet_utils/nnet_conv_stream.h:219:0)
INFO: [HLS 214-186] Unrolling loop 'KernelShiftChannel' (firmware/nnet_utils/nnet_conv_stream.h:194:13) in function 'nnet::shift_line_buffer<nnet::array<ap_fixed<16, 6, (ap_q_mode)5, (ap_o_mode)3, 0>, 32u>, config6>' completely with a factor of 32 (firmware/nnet_utils/nnet_conv_stream.h:219:0)
INFO: [HLS 214-186] Unrolling loop 'LineBufferDataIn' (firmware/nnet_utils/nnet_conv_stream.h:236:5) in function 'nnet::shift_line_buffer<nnet::array<ap_fixed<16, 6, (ap_q_mode)5, (ap_o_mode)3, 0>, 32u>, config6>' completely with a factor of 32 (firmware/nnet_utils/nnet_conv_stream.h:219:0)
INFO: [HLS 214-186] Unrolling loop 'LineBufferShift' (firmware/nnet_utils/nnet_conv_stream.h:239:9) in function 'nnet::shift_line_buffer<nnet::array<ap_fixed<16, 6, (ap_q_mode)5, (ap_o_mode)3, 0>, 32u>, config6>' completely with a factor of 2 (firmware/nnet_utils/nnet_conv_stream.h:219:0)
INFO: [HLS 214-186] Unrolling loop 'UpdateBuffer' (firmware/nnet_utils/nnet_conv_stream.h:228:5) in function 'nnet::shift_line_buffer<nnet::array<ap_fixed<16, 6, (ap_q_mode)5, (ap_o_mode)3, 0>, 32u>, config6>' completely with a factor of 32 (firmware/nnet_utils/nnet_conv_stream.h:219:0)
INFO: [HLS 214-186] Unrolling loop 'VITIS_LOOP_22_1' (firmware/nnet_utils/nnet_padding_stream.h:22:22) in function 'nnet::zeropad2d_cl<nnet::array<ap_fixed<16, 6, (ap_q_mode)5, (ap_o_mode)3, 0>, 32u>, nnet::array<ap_fixed<16, 6, (ap_q_mode)5, (ap_o_mode)3, 0>, 32u>, config10>' completely with a factor of 32 (firmware/nnet_utils/nnet_padding_stream.h:48:0)
INFO: [HLS 214-186] Unrolling loop 'ReLUPackLoop' (firmware/nnet_utils/nnet_activation_stream.h:49:9) in function 'nnet::relu<nnet::array<ap_fixed<42, 22, (ap_q_mode)5, (ap_o_mode)3, 0>, 32u>, nnet::array<ap_fixed<16, 6, (ap_q_mode)5, (ap_o_mode)3, 0>, 32u>, relu_config5>' completely with a factor of 32 (firmware/nnet_utils/nnet_activation_stream.h:39:0)
INFO: [HLS 214-186] Unrolling loop 'CastLoop' (firmware/nnet_utils/nnet_conv_stream.h:293:9) in function 'nnet::compute_output_buffer_2d<nnet::array<ap_fixed<16, 6, (ap_q_mode)5, (ap_o_mode)3, 0>, 32u>, nnet::array<ap_fixed<42, 22, (ap_q_mode)5, (ap_o_mode)3, 0>, 32u>, config4>' completely with a factor of 32 (firmware/nnet_utils/nnet_conv_stream.h:257:0)
INFO: [HLS 214-186] Unrolling loop 'Result' (firmware/nnet_utils/nnet_dense_latency.h:64:5) in function 'nnet::dense_latency<ap_fixed<16, 6, (ap_q_mode)5, (ap_o_mode)3, 0>, ap_fixed<42, 22, (ap_q_mode)5, (ap_o_mode)3, 0>, config4_mult>' completely with a factor of 32 (firmware/nnet_utils/nnet_dense_latency.h:15:0)
INFO: [HLS 214-186] Unrolling loop 'Accum1' (firmware/nnet_utils/nnet_dense_latency.h:54:5) in function 'nnet::dense_latency<ap_fixed<16, 6, (ap_q_mode)5, (ap_o_mode)3, 0>, ap_fixed<42, 22, (ap_q_mode)5, (ap_o_mode)3, 0>, config4_mult>' completely with a factor of 288 (firmware/nnet_utils/nnet_dense_latency.h:15:0)
INFO: [HLS 214-186] Unrolling loop 'Accum2' (firmware/nnet_utils/nnet_dense_latency.h:56:9) in function 'nnet::dense_latency<ap_fixed<16, 6, (ap_q_mode)5, (ap_o_mode)3, 0>, ap_fixed<42, 22, (ap_q_mode)5, (ap_o_mode)3, 0>, config4_mult>' completely with a factor of 32 (firmware/nnet_utils/nnet_dense_latency.h:15:0)
INFO: [HLS 214-186] Unrolling loop 'ResetAccum' (firmware/nnet_utils/nnet_dense_latency.h:48:5) in function 'nnet::dense_latency<ap_fixed<16, 6, (ap_q_mode)5, (ap_o_mode)3, 0>, ap_fixed<42, 22, (ap_q_mode)5, (ap_o_mode)3, 0>, config4_mult>' completely with a factor of 32 (firmware/nnet_utils/nnet_dense_latency.h:15:0)
INFO: [HLS 214-186] Unrolling loop 'Product1' (firmware/nnet_utils/nnet_dense_latency.h:37:5) in function 'nnet::dense_latency<ap_fixed<16, 6, (ap_q_mode)5, (ap_o_mode)3, 0>, ap_fixed<42, 22, (ap_q_mode)5, (ap_o_mode)3, 0>, config4_mult>' completely with a factor of 288 (firmware/nnet_utils/nnet_dense_latency.h:15:0)
INFO: [HLS 214-186] Unrolling loop 'Product2' (firmware/nnet_utils/nnet_dense_latency.h:40:9) in function 'nnet::dense_latency<ap_fixed<16, 6, (ap_q_mode)5, (ap_o_mode)3, 0>, ap_fixed<42, 22, (ap_q_mode)5, (ap_o_mode)3, 0>, config4_mult>' completely with a factor of 32 (firmware/nnet_utils/nnet_dense_latency.h:15:0)
INFO: [HLS 214-186] Unrolling loop 'KernelPushHeight' (firmware/nnet_utils/nnet_conv_stream.h:205:5) in function 'nnet::shift_line_buffer<nnet::array<ap_fixed<16, 6, (ap_q_mode)5, (ap_o_mode)3, 0>, 32u>, config4>' completely with a factor of 3 (firmware/nnet_utils/nnet_conv_stream.h:219:0)
INFO: [HLS 214-186] Unrolling loop 'KernelPushChannel' (firmware/nnet_utils/nnet_conv_stream.h:208:9) in function 'nnet::shift_line_buffer<nnet::array<ap_fixed<16, 6, (ap_q_mode)5, (ap_o_mode)3, 0>, 32u>, config4>' completely with a factor of 32 (firmware/nnet_utils/nnet_conv_stream.h:219:0)
INFO: [HLS 214-186] Unrolling loop 'KernelShiftWidth' (firmware/nnet_utils/nnet_conv_stream.h:189:5) in function 'nnet::shift_line_buffer<nnet::array<ap_fixed<16, 6, (ap_q_mode)5, (ap_o_mode)3, 0>, 32u>, config4>' completely with a factor of 2 (firmware/nnet_utils/nnet_conv_stream.h:219:0)
WARNING: [HLS 214-189] Pipeline directive for loop 'KernelShiftWidth' (firmware/nnet_utils/nnet_conv_stream.h:189:5) in function 'nnet::shift_line_buffer<nnet::array<ap_fixed<16, 6, (ap_q_mode)5, (ap_o_mode)3, 0>, 32u>, config4>' has been removed because the loop is unrolled completely (firmware/nnet_utils/nnet_conv_stream.h:190:1)
INFO: [HLS 214-186] Unrolling loop 'KernelShiftHeight' (firmware/nnet_utils/nnet_conv_stream.h:192:9) in function 'nnet::shift_line_buffer<nnet::array<ap_fixed<16, 6, (ap_q_mode)5, (ap_o_mode)3, 0>, 32u>, config4>' completely with a factor of 3 (firmware/nnet_utils/nnet_conv_stream.h:219:0)
INFO: [HLS 214-186] Unrolling loop 'KernelShiftChannel' (firmware/nnet_utils/nnet_conv_stream.h:194:13) in function 'nnet::shift_line_buffer<nnet::array<ap_fixed<16, 6, (ap_q_mode)5, (ap_o_mode)3, 0>, 32u>, config4>' completely with a factor of 32 (firmware/nnet_utils/nnet_conv_stream.h:219:0)
INFO: [HLS 214-186] Unrolling loop 'LineBufferDataIn' (firmware/nnet_utils/nnet_conv_stream.h:236:5) in function 'nnet::shift_line_buffer<nnet::array<ap_fixed<16, 6, (ap_q_mode)5, (ap_o_mode)3, 0>, 32u>, config4>' completely with a factor of 32 (firmware/nnet_utils/nnet_conv_stream.h:219:0)
INFO: [HLS 214-186] Unrolling loop 'LineBufferShift' (firmware/nnet_utils/nnet_conv_stream.h:239:9) in function 'nnet::shift_line_buffer<nnet::array<ap_fixed<16, 6, (ap_q_mode)5, (ap_o_mode)3, 0>, 32u>, config4>' completely with a factor of 2 (firmware/nnet_utils/nnet_conv_stream.h:219:0)
INFO: [HLS 214-186] Unrolling loop 'UpdateBuffer' (firmware/nnet_utils/nnet_conv_stream.h:228:5) in function 'nnet::shift_line_buffer<nnet::array<ap_fixed<16, 6, (ap_q_mode)5, (ap_o_mode)3, 0>, 32u>, config4>' completely with a factor of 32 (firmware/nnet_utils/nnet_conv_stream.h:219:0)
INFO: [HLS 214-186] Unrolling loop 'VITIS_LOOP_22_1' (firmware/nnet_utils/nnet_padding_stream.h:22:22) in function 'nnet::zeropad2d_cl<nnet::array<ap_fixed<16, 6, (ap_q_mode)5, (ap_o_mode)3, 0>, 32u>, nnet::array<ap_fixed<16, 6, (ap_q_mode)5, (ap_o_mode)3, 0>, 32u>, config9>' completely with a factor of 32 (firmware/nnet_utils/nnet_padding_stream.h:48:0)
INFO: [HLS 214-186] Unrolling loop 'ReLUPackLoop' (firmware/nnet_utils/nnet_activation_stream.h:49:9) in function 'nnet::relu<nnet::array<ap_fixed<37, 17, (ap_q_mode)5, (ap_o_mode)3, 0>, 32u>, nnet::array<ap_fixed<16, 6, (ap_q_mode)5, (ap_o_mode)3, 0>, 32u>, relu_config3>' completely with a factor of 32 (firmware/nnet_utils/nnet_activation_stream.h:39:0)
INFO: [HLS 214-186] Unrolling loop 'CastLoop' (firmware/nnet_utils/nnet_conv_stream.h:293:9) in function 'nnet::compute_output_buffer_2d<nnet::array<ap_fixed<16, 6, (ap_q_mode)5, (ap_o_mode)3, 0>, 1u>, nnet::array<ap_fixed<37, 17, (ap_q_mode)5, (ap_o_mode)3, 0>, 32u>, config2>' completely with a factor of 32 (firmware/nnet_utils/nnet_conv_stream.h:257:0)
INFO: [HLS 214-186] Unrolling loop 'Result' (firmware/nnet_utils/nnet_dense_latency.h:64:5) in function 'nnet::dense_latency<ap_fixed<16, 6, (ap_q_mode)5, (ap_o_mode)3, 0>, ap_fixed<37, 17, (ap_q_mode)5, (ap_o_mode)3, 0>, config2_mult>' completely with a factor of 32 (firmware/nnet_utils/nnet_dense_latency.h:15:0)
INFO: [HLS 214-186] Unrolling loop 'Accum1' (firmware/nnet_utils/nnet_dense_latency.h:54:5) in function 'nnet::dense_latency<ap_fixed<16, 6, (ap_q_mode)5, (ap_o_mode)3, 0>, ap_fixed<37, 17, (ap_q_mode)5, (ap_o_mode)3, 0>, config2_mult>' completely with a factor of 9 (firmware/nnet_utils/nnet_dense_latency.h:15:0)
INFO: [HLS 214-186] Unrolling loop 'Accum2' (firmware/nnet_utils/nnet_dense_latency.h:56:9) in function 'nnet::dense_latency<ap_fixed<16, 6, (ap_q_mode)5, (ap_o_mode)3, 0>, ap_fixed<37, 17, (ap_q_mode)5, (ap_o_mode)3, 0>, config2_mult>' completely with a factor of 32 (firmware/nnet_utils/nnet_dense_latency.h:15:0)
INFO: [HLS 214-186] Unrolling loop 'ResetAccum' (firmware/nnet_utils/nnet_dense_latency.h:48:5) in function 'nnet::dense_latency<ap_fixed<16, 6, (ap_q_mode)5, (ap_o_mode)3, 0>, ap_fixed<37, 17, (ap_q_mode)5, (ap_o_mode)3, 0>, config2_mult>' completely with a factor of 32 (firmware/nnet_utils/nnet_dense_latency.h:15:0)
INFO: [HLS 214-186] Unrolling loop 'Product1' (firmware/nnet_utils/nnet_dense_latency.h:37:5) in function 'nnet::dense_latency<ap_fixed<16, 6, (ap_q_mode)5, (ap_o_mode)3, 0>, ap_fixed<37, 17, (ap_q_mode)5, (ap_o_mode)3, 0>, config2_mult>' completely with a factor of 9 (firmware/nnet_utils/nnet_dense_latency.h:15:0)
INFO: [HLS 214-186] Unrolling loop 'Product2' (firmware/nnet_utils/nnet_dense_latency.h:40:9) in function 'nnet::dense_latency<ap_fixed<16, 6, (ap_q_mode)5, (ap_o_mode)3, 0>, ap_fixed<37, 17, (ap_q_mode)5, (ap_o_mode)3, 0>, config2_mult>' completely with a factor of 32 (firmware/nnet_utils/nnet_dense_latency.h:15:0)
INFO: [HLS 214-186] Unrolling loop 'KernelPushHeight' (firmware/nnet_utils/nnet_conv_stream.h:205:5) in function 'nnet::shift_line_buffer<nnet::array<ap_fixed<16, 6, (ap_q_mode)5, (ap_o_mode)3, 0>, 1u>, config2>' completely with a factor of 3 (firmware/nnet_utils/nnet_conv_stream.h:219:0)
INFO: [HLS 214-186] Unrolling loop 'KernelPushChannel' (firmware/nnet_utils/nnet_conv_stream.h:208:9) in function 'nnet::shift_line_buffer<nnet::array<ap_fixed<16, 6, (ap_q_mode)5, (ap_o_mode)3, 0>, 1u>, config2>' completely with a factor of 1 (firmware/nnet_utils/nnet_conv_stream.h:219:0)
INFO: [HLS 214-186] Unrolling loop 'KernelShiftWidth' (firmware/nnet_utils/nnet_conv_stream.h:189:5) in function 'nnet::shift_line_buffer<nnet::array<ap_fixed<16, 6, (ap_q_mode)5, (ap_o_mode)3, 0>, 1u>, config2>' completely with a factor of 2 (firmware/nnet_utils/nnet_conv_stream.h:219:0)
WARNING: [HLS 214-189] Pipeline directive for loop 'KernelShiftWidth' (firmware/nnet_utils/nnet_conv_stream.h:189:5) in function 'nnet::shift_line_buffer<nnet::array<ap_fixed<16, 6, (ap_q_mode)5, (ap_o_mode)3, 0>, 1u>, config2>' has been removed because the loop is unrolled completely (firmware/nnet_utils/nnet_conv_stream.h:190:1)
INFO: [HLS 214-186] Unrolling loop 'KernelShiftHeight' (firmware/nnet_utils/nnet_conv_stream.h:192:9) in function 'nnet::shift_line_buffer<nnet::array<ap_fixed<16, 6, (ap_q_mode)5, (ap_o_mode)3, 0>, 1u>, config2>' completely with a factor of 3 (firmware/nnet_utils/nnet_conv_stream.h:219:0)
INFO: [HLS 214-186] Unrolling loop 'KernelShiftChannel' (firmware/nnet_utils/nnet_conv_stream.h:194:13) in function 'nnet::shift_line_buffer<nnet::array<ap_fixed<16, 6, (ap_q_mode)5, (ap_o_mode)3, 0>, 1u>, config2>' completely with a factor of 1 (firmware/nnet_utils/nnet_conv_stream.h:219:0)
INFO: [HLS 214-186] Unrolling loop 'LineBufferDataIn' (firmware/nnet_utils/nnet_conv_stream.h:236:5) in function 'nnet::shift_line_buffer<nnet::array<ap_fixed<16, 6, (ap_q_mode)5, (ap_o_mode)3, 0>, 1u>, config2>' completely with a factor of 1 (firmware/nnet_utils/nnet_conv_stream.h:219:0)
INFO: [HLS 214-186] Unrolling loop 'LineBufferShift' (firmware/nnet_utils/nnet_conv_stream.h:239:9) in function 'nnet::shift_line_buffer<nnet::array<ap_fixed<16, 6, (ap_q_mode)5, (ap_o_mode)3, 0>, 1u>, config2>' completely with a factor of 2 (firmware/nnet_utils/nnet_conv_stream.h:219:0)
INFO: [HLS 214-186] Unrolling loop 'UpdateBuffer' (firmware/nnet_utils/nnet_conv_stream.h:228:5) in function 'nnet::shift_line_buffer<nnet::array<ap_fixed<16, 6, (ap_q_mode)5, (ap_o_mode)3, 0>, 1u>, config2>' completely with a factor of 1 (firmware/nnet_utils/nnet_conv_stream.h:219:0)
INFO: [HLS 214-186] Unrolling loop 'VITIS_LOOP_22_1' (firmware/nnet_utils/nnet_padding_stream.h:22:22) in function 'nnet::zeropad2d_cl<nnet::array<ap_fixed<16, 6, (ap_q_mode)5, (ap_o_mode)3, 0>, 1u>, nnet::array<ap_fixed<16, 6, (ap_q_mode)5, (ap_o_mode)3, 0>, 1u>, config8>' completely with a factor of 1 (firmware/nnet_utils/nnet_padding_stream.h:48:0)
INFO: [HLS 214-178] Inlining function 'nnet::array<ap_fixed<16, 6, (ap_q_mode)5, (ap_o_mode)3, 0>, 1u>::operator[](unsigned long)' into 'void nnet::zeropad2d_cl<nnet::array<ap_fixed<16, 6, (ap_q_mode)5, (ap_o_mode)3, 0>, 1u>, nnet::array<ap_fixed<16, 6, (ap_q_mode)5, (ap_o_mode)3, 0>, 1u>, config8>(hls::stream<nnet::array<ap_fixed<16, 6, (ap_q_mode)5, (ap_o_mode)3, 0>, 1u>, 0>&, hls::stream<nnet::array<ap_fixed<16, 6, (ap_q_mode)5, (ap_o_mode)3, 0>, 1u>, 0>&)' (firmware/nnet_utils/nnet_padding_stream.h:48:0)
INFO: [HLS 214-178] Inlining function 'nnet::array<ap_fixed<16, 6, (ap_q_mode)5, (ap_o_mode)3, 0>, 1u>::operator[](unsigned long) const' into 'void nnet::shift_line_buffer<nnet::array<ap_fixed<16, 6, (ap_q_mode)5, (ap_o_mode)3, 0>, 1u>, config2>(nnet::array<ap_fixed<16, 6, (ap_q_mode)5, (ap_o_mode)3, 0>, 1u> const&, ap_shift_reg<nnet::array<ap_fixed<16, 6, (ap_q_mode)5, (ap_o_mode)3, 0>, 1u>::value_type, config2::in_width> (*) [config2::n_chan], nnet::array<ap_fixed<16, 6, (ap_q_mode)5, (ap_o_mode)3, 0>, 1u>::value_type*)' (firmware/nnet_utils/nnet_conv_stream.h:219:0)
INFO: [HLS 214-178] Inlining function 'std::enable_if<!(std::is_same<ap_fixed<16, 6, (ap_q_mode)5, (ap_o_mode)3, 0>, ap_uint<1> >::value), ap_fixed<37, 17, (ap_q_mode)5, (ap_o_mode)3, 0> >::type nnet::cast<ap_fixed<16, 6, (ap_q_mode)5, (ap_o_mode)3, 0>, ap_fixed<37, 17, (ap_q_mode)5, (ap_o_mode)3, 0>, config2_mult>(config2_mult::accum_t)' into 'void nnet::dense_latency<ap_fixed<16, 6, (ap_q_mode)5, (ap_o_mode)3, 0>, ap_fixed<37, 17, (ap_q_mode)5, (ap_o_mode)3, 0>, config2_mult>(ap_fixed<16, 6, (ap_q_mode)5, (ap_o_mode)3, 0>*, ap_fixed<37, 17, (ap_q_mode)5, (ap_o_mode)3, 0>*, config2_mult::weight_t*, config2_mult::bias_t*)' (firmware/nnet_utils/nnet_dense_latency.h:15:0)
INFO: [HLS 214-178] Inlining function 'nnet::array<ap_fixed<37, 17, (ap_q_mode)5, (ap_o_mode)3, 0>, 32u>::operator[](unsigned long)' into 'void nnet::compute_output_buffer_2d<nnet::array<ap_fixed<16, 6, (ap_q_mode)5, (ap_o_mode)3, 0>, 1u>, nnet::array<ap_fixed<37, 17, (ap_q_mode)5, (ap_o_mode)3, 0>, 32u>, config2>(nnet::array<ap_fixed<16, 6, (ap_q_mode)5, (ap_o_mode)3, 0>, 1u> const&, ap_shift_reg<nnet::array<ap_fixed<16, 6, (ap_q_mode)5, (ap_o_mode)3, 0>, 1u>::value_type, config2::in_width> (*) [config2::n_chan], hls::stream<nnet::array<ap_fixed<37, 17, (ap_q_mode)5, (ap_o_mode)3, 0>, 32u>, 0>&, config2::weight_t*, config2::bias_t*)' (firmware/nnet_utils/nnet_conv_stream.h:257:0)
INFO: [HLS 214-178] Inlining function 'nnet::array<ap_fixed<37, 17, (ap_q_mode)5, (ap_o_mode)3, 0>, 32u>::operator[](unsigned long)' into 'void nnet::relu<nnet::array<ap_fixed<37, 17, (ap_q_mode)5, (ap_o_mode)3, 0>, 32u>, nnet::array<ap_fixed<16, 6, (ap_q_mode)5, (ap_o_mode)3, 0>, 32u>, relu_config3>(hls::stream<nnet::array<ap_fixed<37, 17, (ap_q_mode)5, (ap_o_mode)3, 0>, 32u>, 0>&, hls::stream<nnet::array<ap_fixed<16, 6, (ap_q_mode)5, (ap_o_mode)3, 0>, 32u>, 0>&)' (firmware/nnet_utils/nnet_activation_stream.h:39:0)
INFO: [HLS 214-178] Inlining function 'nnet::array<ap_fixed<16, 6, (ap_q_mode)5, (ap_o_mode)3, 0>, 32u>::operator[](unsigned long)' into 'void nnet::relu<nnet::array<ap_fixed<37, 17, (ap_q_mode)5, (ap_o_mode)3, 0>, 32u>, nnet::array<ap_fixed<16, 6, (ap_q_mode)5, (ap_o_mode)3, 0>, 32u>, relu_config3>(hls::stream<nnet::array<ap_fixed<37, 17, (ap_q_mode)5, (ap_o_mode)3, 0>, 32u>, 0>&, hls::stream<nnet::array<ap_fixed<16, 6, (ap_q_mode)5, (ap_o_mode)3, 0>, 32u>, 0>&)' (firmware/nnet_utils/nnet_activation_stream.h:39:0)
INFO: [HLS 214-178] Inlining function 'nnet::array<ap_fixed<16, 6, (ap_q_mode)5, (ap_o_mode)3, 0>, 32u>::operator[](unsigned long)' into 'void nnet::zeropad2d_cl<nnet::array<ap_fixed<16, 6, (ap_q_mode)5, (ap_o_mode)3, 0>, 32u>, nnet::array<ap_fixed<16, 6, (ap_q_mode)5, (ap_o_mode)3, 0>, 32u>, config9>(hls::stream<nnet::array<ap_fixed<16, 6, (ap_q_mode)5, (ap_o_mode)3, 0>, 32u>, 0>&, hls::stream<nnet::array<ap_fixed<16, 6, (ap_q_mode)5, (ap_o_mode)3, 0>, 32u>, 0>&)' (firmware/nnet_utils/nnet_padding_stream.h:48:0)
INFO: [HLS 214-178] Inlining function 'nnet::array<ap_fixed<16, 6, (ap_q_mode)5, (ap_o_mode)3, 0>, 32u>::operator[](unsigned long) const' into 'void nnet::shift_line_buffer<nnet::array<ap_fixed<16, 6, (ap_q_mode)5, (ap_o_mode)3, 0>, 32u>, config4>(nnet::array<ap_fixed<16, 6, (ap_q_mode)5, (ap_o_mode)3, 0>, 32u> const&, ap_shift_reg<nnet::array<ap_fixed<16, 6, (ap_q_mode)5, (ap_o_mode)3, 0>, 32u>::value_type, config4::in_width> (*) [config4::n_chan], nnet::array<ap_fixed<16, 6, (ap_q_mode)5, (ap_o_mode)3, 0>, 32u>::value_type*)' (firmware/nnet_utils/nnet_conv_stream.h:219:0)
INFO: [HLS 214-178] Inlining function 'std::enable_if<!(std::is_same<ap_fixed<16, 6, (ap_q_mode)5, (ap_o_mode)3, 0>, ap_uint<1> >::value), ap_fixed<42, 22, (ap_q_mode)5, (ap_o_mode)3, 0> >::type nnet::cast<ap_fixed<16, 6, (ap_q_mode)5, (ap_o_mode)3, 0>, ap_fixed<42, 22, (ap_q_mode)5, (ap_o_mode)3, 0>, config4_mult>(config4_mult::accum_t)' into 'void nnet::dense_latency<ap_fixed<16, 6, (ap_q_mode)5, (ap_o_mode)3, 0>, ap_fixed<42, 22, (ap_q_mode)5, (ap_o_mode)3, 0>, config4_mult>(ap_fixed<16, 6, (ap_q_mode)5, (ap_o_mode)3, 0>*, ap_fixed<42, 22, (ap_q_mode)5, (ap_o_mode)3, 0>*, config4_mult::weight_t*, config4_mult::bias_t*)' (firmware/nnet_utils/nnet_dense_latency.h:15:0)
INFO: [HLS 214-178] Inlining function 'nnet::array<ap_fixed<42, 22, (ap_q_mode)5, (ap_o_mode)3, 0>, 32u>::operator[](unsigned long)' into 'void nnet::compute_output_buffer_2d<nnet::array<ap_fixed<16, 6, (ap_q_mode)5, (ap_o_mode)3, 0>, 32u>, nnet::array<ap_fixed<42, 22, (ap_q_mode)5, (ap_o_mode)3, 0>, 32u>, config4>(nnet::array<ap_fixed<16, 6, (ap_q_mode)5, (ap_o_mode)3, 0>, 32u> const&, ap_shift_reg<nnet::array<ap_fixed<16, 6, (ap_q_mode)5, (ap_o_mode)3, 0>, 32u>::value_type, config4::in_width> (*) [config4::n_chan], hls::stream<nnet::array<ap_fixed<42, 22, (ap_q_mode)5, (ap_o_mode)3, 0>, 32u>, 0>&, config4::weight_t*, config4::bias_t*)' (firmware/nnet_utils/nnet_conv_stream.h:257:0)
INFO: [HLS 214-178] Inlining function 'nnet::array<ap_fixed<42, 22, (ap_q_mode)5, (ap_o_mode)3, 0>, 32u>::operator[](unsigned long)' into 'void nnet::relu<nnet::array<ap_fixed<42, 22, (ap_q_mode)5, (ap_o_mode)3, 0>, 32u>, nnet::array<ap_fixed<16, 6, (ap_q_mode)5, (ap_o_mode)3, 0>, 32u>, relu_config5>(hls::stream<nnet::array<ap_fixed<42, 22, (ap_q_mode)5, (ap_o_mode)3, 0>, 32u>, 0>&, hls::stream<nnet::array<ap_fixed<16, 6, (ap_q_mode)5, (ap_o_mode)3, 0>, 32u>, 0>&)' (firmware/nnet_utils/nnet_activation_stream.h:39:0)
INFO: [HLS 214-178] Inlining function 'nnet::array<ap_fixed<16, 6, (ap_q_mode)5, (ap_o_mode)3, 0>, 32u>::operator[](unsigned long)' into 'void nnet::relu<nnet::array<ap_fixed<42, 22, (ap_q_mode)5, (ap_o_mode)3, 0>, 32u>, nnet::array<ap_fixed<16, 6, (ap_q_mode)5, (ap_o_mode)3, 0>, 32u>, relu_config5>(hls::stream<nnet::array<ap_fixed<42, 22, (ap_q_mode)5, (ap_o_mode)3, 0>, 32u>, 0>&, hls::stream<nnet::array<ap_fixed<16, 6, (ap_q_mode)5, (ap_o_mode)3, 0>, 32u>, 0>&)' (firmware/nnet_utils/nnet_activation_stream.h:39:0)
INFO: [HLS 214-178] Inlining function 'nnet::array<ap_fixed<16, 6, (ap_q_mode)5, (ap_o_mode)3, 0>, 32u>::operator[](unsigned long)' into 'void nnet::zeropad2d_cl<nnet::array<ap_fixed<16, 6, (ap_q_mode)5, (ap_o_mode)3, 0>, 32u>, nnet::array<ap_fixed<16, 6, (ap_q_mode)5, (ap_o_mode)3, 0>, 32u>, config10>(hls::stream<nnet::array<ap_fixed<16, 6, (ap_q_mode)5, (ap_o_mode)3, 0>, 32u>, 0>&, hls::stream<nnet::array<ap_fixed<16, 6, (ap_q_mode)5, (ap_o_mode)3, 0>, 32u>, 0>&)' (firmware/nnet_utils/nnet_padding_stream.h:48:0)
INFO: [HLS 214-178] Inlining function 'nnet::array<ap_fixed<16, 6, (ap_q_mode)5, (ap_o_mode)3, 0>, 32u>::operator[](unsigned long) const' into 'void nnet::shift_line_buffer<nnet::array<ap_fixed<16, 6, (ap_q_mode)5, (ap_o_mode)3, 0>, 32u>, config6>(nnet::array<ap_fixed<16, 6, (ap_q_mode)5, (ap_o_mode)3, 0>, 32u> const&, ap_shift_reg<nnet::array<ap_fixed<16, 6, (ap_q_mode)5, (ap_o_mode)3, 0>, 32u>::value_type, config6::in_width> (*) [config6::n_chan], nnet::array<ap_fixed<16, 6, (ap_q_mode)5, (ap_o_mode)3, 0>, 32u>::value_type*)' (firmware/nnet_utils/nnet_conv_stream.h:219:0)
INFO: [HLS 214-178] Inlining function 'std::enable_if<!(std::is_same<ap_fixed<16, 6, (ap_q_mode)5, (ap_o_mode)3, 0>, ap_uint<1> >::value), ap_fixed<42, 22, (ap_q_mode)5, (ap_o_mode)3, 0> >::type nnet::cast<ap_fixed<16, 6, (ap_q_mode)5, (ap_o_mode)3, 0>, ap_fixed<42, 22, (ap_q_mode)5, (ap_o_mode)3, 0>, config6_mult>(config6_mult::accum_t)' into 'void nnet::dense_latency<ap_fixed<16, 6, (ap_q_mode)5, (ap_o_mode)3, 0>, ap_fixed<42, 22, (ap_q_mode)5, (ap_o_mode)3, 0>, config6_mult>(ap_fixed<16, 6, (ap_q_mode)5, (ap_o_mode)3, 0>*, ap_fixed<42, 22, (ap_q_mode)5, (ap_o_mode)3, 0>*, config6_mult::weight_t*, config6_mult::bias_t*)' (firmware/nnet_utils/nnet_dense_latency.h:15:0)
INFO: [HLS 214-178] Inlining function 'nnet::array<ap_fixed<42, 22, (ap_q_mode)5, (ap_o_mode)3, 0>, 16u>::operator[](unsigned long)' into 'void nnet::compute_output_buffer_2d<nnet::array<ap_fixed<16, 6, (ap_q_mode)5, (ap_o_mode)3, 0>, 32u>, nnet::array<ap_fixed<42, 22, (ap_q_mode)5, (ap_o_mode)3, 0>, 16u>, config6>(nnet::array<ap_fixed<16, 6, (ap_q_mode)5, (ap_o_mode)3, 0>, 32u> const&, ap_shift_reg<nnet::array<ap_fixed<16, 6, (ap_q_mode)5, (ap_o_mode)3, 0>, 32u>::value_type, config6::in_width> (*) [config6::n_chan], hls::stream<nnet::array<ap_fixed<42, 22, (ap_q_mode)5, (ap_o_mode)3, 0>, 16u>, 0>&, config6::weight_t*, config6::bias_t*)' (firmware/nnet_utils/nnet_conv_stream.h:257:0)
INFO: [HLS 214-178] Inlining function 'nnet::array<ap_fixed<42, 22, (ap_q_mode)5, (ap_o_mode)3, 0>, 16u>::operator[](unsigned long)' into 'void nnet::relu<nnet::array<ap_fixed<42, 22, (ap_q_mode)5, (ap_o_mode)3, 0>, 16u>, nnet::array<ap_fixed<16, 6, (ap_q_mode)5, (ap_o_mode)3, 0>, 16u>, relu_config7>(hls::stream<nnet::array<ap_fixed<42, 22, (ap_q_mode)5, (ap_o_mode)3, 0>, 16u>, 0>&, hls::stream<nnet::array<ap_fixed<16, 6, (ap_q_mode)5, (ap_o_mode)3, 0>, 16u>, 0>&)' (firmware/nnet_utils/nnet_activation_stream.h:39:0)
INFO: [HLS 214-178] Inlining function 'nnet::array<ap_fixed<16, 6, (ap_q_mode)5, (ap_o_mode)3, 0>, 16u>::operator[](unsigned long)' into 'void nnet::relu<nnet::array<ap_fixed<42, 22, (ap_q_mode)5, (ap_o_mode)3, 0>, 16u>, nnet::array<ap_fixed<16, 6, (ap_q_mode)5, (ap_o_mode)3, 0>, 16u>, relu_config7>(hls::stream<nnet::array<ap_fixed<42, 22, (ap_q_mode)5, (ap_o_mode)3, 0>, 16u>, 0>&, hls::stream<nnet::array<ap_fixed<16, 6, (ap_q_mode)5, (ap_o_mode)3, 0>, 16u>, 0>&)' (firmware/nnet_utils/nnet_activation_stream.h:39:0)
INFO: [HLS 214-248] Applying array_partition to '_ZZN4nnet25conv_2d_buffer_latency_clINS_5arrayI8ap_fixedILi16ELi6EL9ap_q_mode5EL9ap_o_mode3ELi0EELj1EEENS1_IS2_ILi37ELi17ELS3_5ELS4_3ELi0EELj32EEE7config2EEvRN3hls6streamIT_Li0EEERNSB_IT0_Li0EEEPNT1_8weight_tEPNSI_6bias_tEE11line_buffer': Complete partitioning on dimension 1. Complete partitioning on dimension 2. (firmware/nnet_utils/nnet_conv2d_stream.h:20:0)
INFO: [HLS 214-248] Applying array_partition to '_ZZN4nnet25conv_2d_buffer_latency_clINS_5arrayI8ap_fixedILi16ELi6EL9ap_q_mode5EL9ap_o_mode3ELi0EELj32EEENS1_IS2_ILi42ELi22ELS3_5ELS4_3ELi0EELj32EEE7config4EEvRN3hls6streamIT_Li0EEERNSB_IT0_Li0EEEPNT1_8weight_tEPNSI_6bias_tEE11line_buffer': Complete partitioning on dimension 1. Complete partitioning on dimension 2. (firmware/nnet_utils/nnet_conv2d_stream.h:20:0)
INFO: [HLS 214-248] Applying array_partition to '_ZZN4nnet25conv_2d_buffer_latency_clINS_5arrayI8ap_fixedILi16ELi6EL9ap_q_mode5EL9ap_o_mode3ELi0EELj32EEENS1_IS2_ILi42ELi22ELS3_5ELS4_3ELi0EELj16EEE7config6EEvRN3hls6streamIT_Li0EEERNSB_IT0_Li0EEEPNT1_8weight_tEPNSI_6bias_tEE11line_buffer': Complete partitioning on dimension 1. Complete partitioning on dimension 2. (firmware/nnet_utils/nnet_conv2d_stream.h:20:0)
INFO: [HLS 214-248] Applying array_partition to 'b2': Complete partitioning on dimension 1. (firmware/weights/b2.h:12:0)
INFO: [HLS 214-248] Applying array_partition to 'b4': Complete partitioning on dimension 1. (firmware/weights/b4.h:12:0)
INFO: [HLS 214-248] Applying array_partition to 'b6': Complete partitioning on dimension 1. (firmware/weights/b6.h:12:0)
INFO: [HLS 214-248] Applying array_partition to '_ZZN4nnet24compute_output_buffer_2dINS_5arrayI8ap_fixedILi16ELi6EL9ap_q_mode5EL9ap_o_mode3ELi0EELj32EEENS1_IS2_ILi42ELi22ELS3_5ELS4_3ELi0EELj16EEE7config6EEvRKT_PAsrT1_6n_chan_12ap_shift_regINSA_10value_typeEXsrSD_8in_widthEERN3hls6streamIT0_Li0EEEPNSD_8weight_tEPNSD_6bias_tEE11kernel_data': Complete partitioning on dimension 1. (firmware/nnet_utils/nnet_conv_stream.h:271:0)
INFO: [HLS 214-248] Applying array_partition to '_ZZN4nnet24compute_output_buffer_2dINS_5arrayI8ap_fixedILi16ELi6EL9ap_q_mode5EL9ap_o_mode3ELi0EELj32EEENS1_IS2_ILi42ELi22ELS3_5ELS4_3ELi0EELj32EEE7config4EEvRKT_PAsrT1_6n_chan_12ap_shift_regINSA_10value_typeEXsrSD_8in_widthEERN3hls6streamIT0_Li0EEEPNSD_8weight_tEPNSD_6bias_tEE11kernel_data': Complete partitioning on dimension 1. (firmware/nnet_utils/nnet_conv_stream.h:271:0)
INFO: [HLS 214-248] Applying array_partition to '_ZZN4nnet24compute_output_buffer_2dINS_5arrayI8ap_fixedILi16ELi6EL9ap_q_mode5EL9ap_o_mode3ELi0EELj1EEENS1_IS2_ILi37ELi17ELS3_5ELS4_3ELi0EELj32EEE7config2EEvRKT_PAsrT1_6n_chan_12ap_shift_regINSA_10value_typeEXsrSD_8in_widthEERN3hls6streamIT0_Li0EEEPNSD_8weight_tEPNSD_6bias_tEE11kernel_data': Complete partitioning on dimension 1. (firmware/nnet_utils/nnet_conv_stream.h:271:0)
INFO: [HLS 214-248] Applying array_partition to 'mult': Complete partitioning on dimension 1. (firmware/nnet_utils/nnet_dense_latency.h:17:32)
INFO: [HLS 214-248] Applying array_partition to 'res_out': Complete partitioning on dimension 1. (firmware/nnet_utils/nnet_conv_stream.h:274:32)
INFO: [HLS 214-241] Aggregating fifo (hls::stream) variable 'layer6_out' with compact=bit mode in 672-bits (firmware/myproject.cpp:55:38)
INFO: [HLS 214-241] Aggregating fifo (hls::stream) variable 'layer10_out' with compact=bit mode in 512-bits (firmware/myproject.cpp:52:28)
INFO: [HLS 214-241] Aggregating fifo (hls::stream) variable 'layer5_out' with compact=bit mode in 512-bits (firmware/myproject.cpp:49:27)
INFO: [HLS 214-241] Aggregating fifo (hls::stream) variable 'layer9_out' with compact=bit mode in 512-bits (firmware/myproject.cpp:43:27)
INFO: [HLS 214-241] Aggregating fifo (hls::stream) variable 'layer3_out' with compact=bit mode in 512-bits (firmware/myproject.cpp:40:27)
INFO: [HLS 214-241] Aggregating fifo (hls::stream) variable 'layer4_out' with compact=bit mode in 1344-bits (firmware/myproject.cpp:46:38)
INFO: [HLS 214-241] Aggregating fifo (hls::stream) variable 'layer2_out' with compact=bit mode in 1184-bits (firmware/myproject.cpp:37:38)
INFO: [HLS 214-241] Aggregating fifo (hls::stream) variable 'layer8_out' with compact=bit mode in 16-bits (firmware/myproject.cpp:34:27)
INFO: [HLS 214-241] Aggregating bram variable 'void nnet::conv_2d_buffer_latency_cl<nnet::array<ap_fixed<16, 6, (ap_q_mode)5, (ap_o_mode)3, 0>, 1u>, nnet::array<ap_fixed<37, 17, (ap_q_mode)5, (ap_o_mode)3, 0>, 32u>, config2>(hls::stream<nnet::array<ap_fixed<16, 6, (ap_q_mode)5, (ap_o_mode)3, 0>, 1u>, 0>&, hls::stream<nnet::array<ap_fixed<37, 17, (ap_q_mode)5, (ap_o_mode)3, 0>, 32u>, 0>&, config2::weight_t*, config2::bias_t*)::line_buffer' with compact=bit mode in 16-bits
INFO: [HLS 214-241] Aggregating bram variable '_ZZN4nnet25conv_2d_buffer_latency_clINS_5arrayI8ap_fixedILi16ELi6EL9ap_q_mode5EL9ap_o_mode3ELi0EELj32EEENS1_IS2_ILi42ELi22ELS3_5ELS4_3ELi0EELj32EEE7config4EEvRN3hls6streamIT_Li0EEERNSB_IT0_Li0EEEPNT1_8weight_tEPNSI_6bias_tEE11line_buffer_0_0' with compact=bit mode in 16-bits
INFO: [HLS 214-241] Aggregating bram variable '_ZZN4nnet25conv_2d_buffer_latency_clINS_5arrayI8ap_fixedILi16ELi6EL9ap_q_mode5EL9ap_o_mode3ELi0EELj32EEENS1_IS2_ILi42ELi22ELS3_5ELS4_3ELi0EELj32EEE7config4EEvRN3hls6streamIT_Li0EEERNSB_IT0_Li0EEEPNT1_8weight_tEPNSI_6bias_tEE11line_buffer_0_1' with compact=bit mode in 16-bits
INFO: [HLS 214-241] Aggregating bram variable '_ZZN4nnet25conv_2d_buffer_latency_clINS_5arrayI8ap_fixedILi16ELi6EL9ap_q_mode5EL9ap_o_mode3ELi0EELj32EEENS1_IS2_ILi42ELi22ELS3_5ELS4_3ELi0EELj32EEE7config4EEvRN3hls6streamIT_Li0EEERNSB_IT0_Li0EEEPNT1_8weight_tEPNSI_6bias_tEE11line_buffer_0_2' with compact=bit mode in 16-bits
INFO: [HLS 214-241] Aggregating bram variable '_ZZN4nnet25conv_2d_buffer_latency_clINS_5arrayI8ap_fixedILi16ELi6EL9ap_q_mode5EL9ap_o_mode3ELi0EELj32EEENS1_IS2_ILi42ELi22ELS3_5ELS4_3ELi0EELj32EEE7config4EEvRN3hls6streamIT_Li0EEERNSB_IT0_Li0EEEPNT1_8weight_tEPNSI_6bias_tEE11line_buffer_0_3' with compact=bit mode in 16-bits
INFO: [HLS 214-241] Aggregating bram variable '_ZZN4nnet25conv_2d_buffer_latency_clINS_5arrayI8ap_fixedILi16ELi6EL9ap_q_mode5EL9ap_o_mode3ELi0EELj32EEENS1_IS2_ILi42ELi22ELS3_5ELS4_3ELi0EELj32EEE7config4EEvRN3hls6streamIT_Li0EEERNSB_IT0_Li0EEEPNT1_8weight_tEPNSI_6bias_tEE11line_buffer_0_4' with compact=bit mode in 16-bits
INFO: [HLS 214-241] Aggregating bram variable '_ZZN4nnet25conv_2d_buffer_latency_clINS_5arrayI8ap_fixedILi16ELi6EL9ap_q_mode5EL9ap_o_mode3ELi0EELj32EEENS1_IS2_ILi42ELi22ELS3_5ELS4_3ELi0EELj32EEE7config4EEvRN3hls6streamIT_Li0EEERNSB_IT0_Li0EEEPNT1_8weight_tEPNSI_6bias_tEE11line_buffer_0_5' with compact=bit mode in 16-bits
INFO: [HLS 214-241] Aggregating bram variable '_ZZN4nnet25conv_2d_buffer_latency_clINS_5arrayI8ap_fixedILi16ELi6EL9ap_q_mode5EL9ap_o_mode3ELi0EELj32EEENS1_IS2_ILi42ELi22ELS3_5ELS4_3ELi0EELj32EEE7config4EEvRN3hls6streamIT_Li0EEERNSB_IT0_Li0EEEPNT1_8weight_tEPNSI_6bias_tEE11line_buffer_0_6' with compact=bit mode in 16-bits
INFO: [HLS 214-241] Aggregating bram variable '_ZZN4nnet25conv_2d_buffer_latency_clINS_5arrayI8ap_fixedILi16ELi6EL9ap_q_mode5EL9ap_o_mode3ELi0EELj32EEENS1_IS2_ILi42ELi22ELS3_5ELS4_3ELi0EELj32EEE7config4EEvRN3hls6streamIT_Li0EEERNSB_IT0_Li0EEEPNT1_8weight_tEPNSI_6bias_tEE11line_buffer_0_7' with compact=bit mode in 16-bits
INFO: [HLS 214-241] Aggregating bram variable '_ZZN4nnet25conv_2d_buffer_latency_clINS_5arrayI8ap_fixedILi16ELi6EL9ap_q_mode5EL9ap_o_mode3ELi0EELj32EEENS1_IS2_ILi42ELi22ELS3_5ELS4_3ELi0EELj32EEE7config4EEvRN3hls6streamIT_Li0EEERNSB_IT0_Li0EEEPNT1_8weight_tEPNSI_6bias_tEE11line_buffer_0_8' with compact=bit mode in 16-bits
INFO: [HLS 214-241] Aggregating bram variable '_ZZN4nnet25conv_2d_buffer_latency_clINS_5arrayI8ap_fixedILi16ELi6EL9ap_q_mode5EL9ap_o_mode3ELi0EELj32EEENS1_IS2_ILi42ELi22ELS3_5ELS4_3ELi0EELj32EEE7config4EEvRN3hls6streamIT_Li0EEERNSB_IT0_Li0EEEPNT1_8weight_tEPNSI_6bias_tEE11line_buffer_0_9' with compact=bit mode in 16-bits
INFO: [HLS 214-241] Aggregating bram variable '_ZZN4nnet25conv_2d_buffer_latency_clINS_5arrayI8ap_fixedILi16ELi6EL9ap_q_mode5EL9ap_o_mode3ELi0EELj32EEENS1_IS2_ILi42ELi22ELS3_5ELS4_3ELi0EELj32EEE7config4EEvRN3hls6streamIT_Li0EEERNSB_IT0_Li0EEEPNT1_8weight_tEPNSI_6bias_tEE11line_buffer_0_10' with compact=bit mode in 16-bits
INFO: [HLS 214-241] Aggregating bram variable '_ZZN4nnet25conv_2d_buffer_latency_clINS_5arrayI8ap_fixedILi16ELi6EL9ap_q_mode5EL9ap_o_mode3ELi0EELj32EEENS1_IS2_ILi42ELi22ELS3_5ELS4_3ELi0EELj32EEE7config4EEvRN3hls6streamIT_Li0EEERNSB_IT0_Li0EEEPNT1_8weight_tEPNSI_6bias_tEE11line_buffer_0_11' with compact=bit mode in 16-bits
INFO: [HLS 214-241] Aggregating bram variable '_ZZN4nnet25conv_2d_buffer_latency_clINS_5arrayI8ap_fixedILi16ELi6EL9ap_q_mode5EL9ap_o_mode3ELi0EELj32EEENS1_IS2_ILi42ELi22ELS3_5ELS4_3ELi0EELj32EEE7config4EEvRN3hls6streamIT_Li0EEERNSB_IT0_Li0EEEPNT1_8weight_tEPNSI_6bias_tEE11line_buffer_0_12' with compact=bit mode in 16-bits
INFO: [HLS 214-241] Aggregating bram variable '_ZZN4nnet25conv_2d_buffer_latency_clINS_5arrayI8ap_fixedILi16ELi6EL9ap_q_mode5EL9ap_o_mode3ELi0EELj32EEENS1_IS2_ILi42ELi22ELS3_5ELS4_3ELi0EELj32EEE7config4EEvRN3hls6streamIT_Li0EEERNSB_IT0_Li0EEEPNT1_8weight_tEPNSI_6bias_tEE11line_buffer_0_13' with compact=bit mode in 16-bits
INFO: [HLS 214-241] Aggregating bram variable '_ZZN4nnet25conv_2d_buffer_latency_clINS_5arrayI8ap_fixedILi16ELi6EL9ap_q_mode5EL9ap_o_mode3ELi0EELj32EEENS1_IS2_ILi42ELi22ELS3_5ELS4_3ELi0EELj32EEE7config4EEvRN3hls6streamIT_Li0EEERNSB_IT0_Li0EEEPNT1_8weight_tEPNSI_6bias_tEE11line_buffer_0_14' with compact=bit mode in 16-bits
INFO: [HLS 214-241] Aggregating bram variable '_ZZN4nnet25conv_2d_buffer_latency_clINS_5arrayI8ap_fixedILi16ELi6EL9ap_q_mode5EL9ap_o_mode3ELi0EELj32EEENS1_IS2_ILi42ELi22ELS3_5ELS4_3ELi0EELj32EEE7config4EEvRN3hls6streamIT_Li0EEERNSB_IT0_Li0EEEPNT1_8weight_tEPNSI_6bias_tEE11line_buffer_0_15' with compact=bit mode in 16-bits
INFO: [HLS 214-241] Aggregating bram variable '_ZZN4nnet25conv_2d_buffer_latency_clINS_5arrayI8ap_fixedILi16ELi6EL9ap_q_mode5EL9ap_o_mode3ELi0EELj32EEENS1_IS2_ILi42ELi22ELS3_5ELS4_3ELi0EELj32EEE7config4EEvRN3hls6streamIT_Li0EEERNSB_IT0_Li0EEEPNT1_8weight_tEPNSI_6bias_tEE11line_buffer_0_16' with compact=bit mode in 16-bits
INFO: [HLS 214-241] Aggregating bram variable '_ZZN4nnet25conv_2d_buffer_latency_clINS_5arrayI8ap_fixedILi16ELi6EL9ap_q_mode5EL9ap_o_mode3ELi0EELj32EEENS1_IS2_ILi42ELi22ELS3_5ELS4_3ELi0EELj32EEE7config4EEvRN3hls6streamIT_Li0EEERNSB_IT0_Li0EEEPNT1_8weight_tEPNSI_6bias_tEE11line_buffer_0_17' with compact=bit mode in 16-bits
INFO: [HLS 214-241] Aggregating bram variable '_ZZN4nnet25conv_2d_buffer_latency_clINS_5arrayI8ap_fixedILi16ELi6EL9ap_q_mode5EL9ap_o_mode3ELi0EELj32EEENS1_IS2_ILi42ELi22ELS3_5ELS4_3ELi0EELj32EEE7config4EEvRN3hls6streamIT_Li0EEERNSB_IT0_Li0EEEPNT1_8weight_tEPNSI_6bias_tEE11line_buffer_0_18' with compact=bit mode in 16-bits
INFO: [HLS 214-241] Aggregating bram variable '_ZZN4nnet25conv_2d_buffer_latency_clINS_5arrayI8ap_fixedILi16ELi6EL9ap_q_mode5EL9ap_o_mode3ELi0EELj32EEENS1_IS2_ILi42ELi22ELS3_5ELS4_3ELi0EELj32EEE7config4EEvRN3hls6streamIT_Li0EEERNSB_IT0_Li0EEEPNT1_8weight_tEPNSI_6bias_tEE11line_buffer_0_19' with compact=bit mode in 16-bits
INFO: [HLS 214-241] Aggregating bram variable '_ZZN4nnet25conv_2d_buffer_latency_clINS_5arrayI8ap_fixedILi16ELi6EL9ap_q_mode5EL9ap_o_mode3ELi0EELj32EEENS1_IS2_ILi42ELi22ELS3_5ELS4_3ELi0EELj32EEE7config4EEvRN3hls6streamIT_Li0EEERNSB_IT0_Li0EEEPNT1_8weight_tEPNSI_6bias_tEE11line_buffer_0_20' with compact=bit mode in 16-bits
INFO: [HLS 214-241] Aggregating bram variable '_ZZN4nnet25conv_2d_buffer_latency_clINS_5arrayI8ap_fixedILi16ELi6EL9ap_q_mode5EL9ap_o_mode3ELi0EELj32EEENS1_IS2_ILi42ELi22ELS3_5ELS4_3ELi0EELj32EEE7config4EEvRN3hls6streamIT_Li0EEERNSB_IT0_Li0EEEPNT1_8weight_tEPNSI_6bias_tEE11line_buffer_0_21' with compact=bit mode in 16-bits
INFO: [HLS 214-241] Aggregating bram variable '_ZZN4nnet25conv_2d_buffer_latency_clINS_5arrayI8ap_fixedILi16ELi6EL9ap_q_mode5EL9ap_o_mode3ELi0EELj32EEENS1_IS2_ILi42ELi22ELS3_5ELS4_3ELi0EELj32EEE7config4EEvRN3hls6streamIT_Li0EEERNSB_IT0_Li0EEEPNT1_8weight_tEPNSI_6bias_tEE11line_buffer_0_22' with compact=bit mode in 16-bits
INFO: [HLS 214-241] Aggregating bram variable '_ZZN4nnet25conv_2d_buffer_latency_clINS_5arrayI8ap_fixedILi16ELi6EL9ap_q_mode5EL9ap_o_mode3ELi0EELj32EEENS1_IS2_ILi42ELi22ELS3_5ELS4_3ELi0EELj32EEE7config4EEvRN3hls6streamIT_Li0EEERNSB_IT0_Li0EEEPNT1_8weight_tEPNSI_6bias_tEE11line_buffer_0_23' with compact=bit mode in 16-bits
INFO: [HLS 214-241] Aggregating bram variable '_ZZN4nnet25conv_2d_buffer_latency_clINS_5arrayI8ap_fixedILi16ELi6EL9ap_q_mode5EL9ap_o_mode3ELi0EELj32EEENS1_IS2_ILi42ELi22ELS3_5ELS4_3ELi0EELj32EEE7config4EEvRN3hls6streamIT_Li0EEERNSB_IT0_Li0EEEPNT1_8weight_tEPNSI_6bias_tEE11line_buffer_0_24' with compact=bit mode in 16-bits
INFO: [HLS 214-241] Aggregating bram variable '_ZZN4nnet25conv_2d_buffer_latency_clINS_5arrayI8ap_fixedILi16ELi6EL9ap_q_mode5EL9ap_o_mode3ELi0EELj32EEENS1_IS2_ILi42ELi22ELS3_5ELS4_3ELi0EELj32EEE7config4EEvRN3hls6streamIT_Li0EEERNSB_IT0_Li0EEEPNT1_8weight_tEPNSI_6bias_tEE11line_buffer_0_25' with compact=bit mode in 16-bits
INFO: [HLS 214-241] Aggregating bram variable '_ZZN4nnet25conv_2d_buffer_latency_clINS_5arrayI8ap_fixedILi16ELi6EL9ap_q_mode5EL9ap_o_mode3ELi0EELj32EEENS1_IS2_ILi42ELi22ELS3_5ELS4_3ELi0EELj32EEE7config4EEvRN3hls6streamIT_Li0EEERNSB_IT0_Li0EEEPNT1_8weight_tEPNSI_6bias_tEE11line_buffer_0_26' with compact=bit mode in 16-bits
INFO: [HLS 214-241] Aggregating bram variable '_ZZN4nnet25conv_2d_buffer_latency_clINS_5arrayI8ap_fixedILi16ELi6EL9ap_q_mode5EL9ap_o_mode3ELi0EELj32EEENS1_IS2_ILi42ELi22ELS3_5ELS4_3ELi0EELj32EEE7config4EEvRN3hls6streamIT_Li0EEERNSB_IT0_Li0EEEPNT1_8weight_tEPNSI_6bias_tEE11line_buffer_0_27' with compact=bit mode in 16-bits
INFO: [HLS 214-241] Aggregating bram variable '_ZZN4nnet25conv_2d_buffer_latency_clINS_5arrayI8ap_fixedILi16ELi6EL9ap_q_mode5EL9ap_o_mode3ELi0EELj32EEENS1_IS2_ILi42ELi22ELS3_5ELS4_3ELi0EELj32EEE7config4EEvRN3hls6streamIT_Li0EEERNSB_IT0_Li0EEEPNT1_8weight_tEPNSI_6bias_tEE11line_buffer_0_28' with compact=bit mode in 16-bits
INFO: [HLS 214-241] Aggregating bram variable '_ZZN4nnet25conv_2d_buffer_latency_clINS_5arrayI8ap_fixedILi16ELi6EL9ap_q_mode5EL9ap_o_mode3ELi0EELj32EEENS1_IS2_ILi42ELi22ELS3_5ELS4_3ELi0EELj32EEE7config4EEvRN3hls6streamIT_Li0EEERNSB_IT0_Li0EEEPNT1_8weight_tEPNSI_6bias_tEE11line_buffer_0_29' with compact=bit mode in 16-bits
INFO: [HLS 214-241] Aggregating bram variable '_ZZN4nnet25conv_2d_buffer_latency_clINS_5arrayI8ap_fixedILi16ELi6EL9ap_q_mode5EL9ap_o_mode3ELi0EELj32EEENS1_IS2_ILi42ELi22ELS3_5ELS4_3ELi0EELj32EEE7config4EEvRN3hls6streamIT_Li0EEERNSB_IT0_Li0EEEPNT1_8weight_tEPNSI_6bias_tEE11line_buffer_0_30' with compact=bit mode in 16-bits
INFO: [HLS 214-241] Aggregating bram variable '_ZZN4nnet25conv_2d_buffer_latency_clINS_5arrayI8ap_fixedILi16ELi6EL9ap_q_mode5EL9ap_o_mode3ELi0EELj32EEENS1_IS2_ILi42ELi22ELS3_5ELS4_3ELi0EELj32EEE7config4EEvRN3hls6streamIT_Li0EEERNSB_IT0_Li0EEEPNT1_8weight_tEPNSI_6bias_tEE11line_buffer_0_31' with compact=bit mode in 16-bits
INFO: [HLS 214-241] Aggregating bram variable '_ZZN4nnet25conv_2d_buffer_latency_clINS_5arrayI8ap_fixedILi16ELi6EL9ap_q_mode5EL9ap_o_mode3ELi0EELj32EEENS1_IS2_ILi42ELi22ELS3_5ELS4_3ELi0EELj32EEE7config4EEvRN3hls6streamIT_Li0EEERNSB_IT0_Li0EEEPNT1_8weight_tEPNSI_6bias_tEE11line_buffer_1_0' with compact=bit mode in 16-bits
INFO: [HLS 214-241] Aggregating bram variable '_ZZN4nnet25conv_2d_buffer_latency_clINS_5arrayI8ap_fixedILi16ELi6EL9ap_q_mode5EL9ap_o_mode3ELi0EELj32EEENS1_IS2_ILi42ELi22ELS3_5ELS4_3ELi0EELj32EEE7config4EEvRN3hls6streamIT_Li0EEERNSB_IT0_Li0EEEPNT1_8weight_tEPNSI_6bias_tEE11line_buffer_1_1' with compact=bit mode in 16-bits
INFO: [HLS 214-241] Aggregating bram variable '_ZZN4nnet25conv_2d_buffer_latency_clINS_5arrayI8ap_fixedILi16ELi6EL9ap_q_mode5EL9ap_o_mode3ELi0EELj32EEENS1_IS2_ILi42ELi22ELS3_5ELS4_3ELi0EELj32EEE7config4EEvRN3hls6streamIT_Li0EEERNSB_IT0_Li0EEEPNT1_8weight_tEPNSI_6bias_tEE11line_buffer_1_2' with compact=bit mode in 16-bits
INFO: [HLS 214-241] Aggregating bram variable '_ZZN4nnet25conv_2d_buffer_latency_clINS_5arrayI8ap_fixedILi16ELi6EL9ap_q_mode5EL9ap_o_mode3ELi0EELj32EEENS1_IS2_ILi42ELi22ELS3_5ELS4_3ELi0EELj32EEE7config4EEvRN3hls6streamIT_Li0EEERNSB_IT0_Li0EEEPNT1_8weight_tEPNSI_6bias_tEE11line_buffer_1_3' with compact=bit mode in 16-bits
INFO: [HLS 214-241] Aggregating bram variable '_ZZN4nnet25conv_2d_buffer_latency_clINS_5arrayI8ap_fixedILi16ELi6EL9ap_q_mode5EL9ap_o_mode3ELi0EELj32EEENS1_IS2_ILi42ELi22ELS3_5ELS4_3ELi0EELj32EEE7config4EEvRN3hls6streamIT_Li0EEERNSB_IT0_Li0EEEPNT1_8weight_tEPNSI_6bias_tEE11line_buffer_1_4' with compact=bit mode in 16-bits
INFO: [HLS 214-241] Aggregating bram variable '_ZZN4nnet25conv_2d_buffer_latency_clINS_5arrayI8ap_fixedILi16ELi6EL9ap_q_mode5EL9ap_o_mode3ELi0EELj32EEENS1_IS2_ILi42ELi22ELS3_5ELS4_3ELi0EELj32EEE7config4EEvRN3hls6streamIT_Li0EEERNSB_IT0_Li0EEEPNT1_8weight_tEPNSI_6bias_tEE11line_buffer_1_5' with compact=bit mode in 16-bits
INFO: [HLS 214-241] Aggregating bram variable '_ZZN4nnet25conv_2d_buffer_latency_clINS_5arrayI8ap_fixedILi16ELi6EL9ap_q_mode5EL9ap_o_mode3ELi0EELj32EEENS1_IS2_ILi42ELi22ELS3_5ELS4_3ELi0EELj32EEE7config4EEvRN3hls6streamIT_Li0EEERNSB_IT0_Li0EEEPNT1_8weight_tEPNSI_6bias_tEE11line_buffer_1_6' with compact=bit mode in 16-bits
INFO: [HLS 214-241] Aggregating bram variable '_ZZN4nnet25conv_2d_buffer_latency_clINS_5arrayI8ap_fixedILi16ELi6EL9ap_q_mode5EL9ap_o_mode3ELi0EELj32EEENS1_IS2_ILi42ELi22ELS3_5ELS4_3ELi0EELj32EEE7config4EEvRN3hls6streamIT_Li0EEERNSB_IT0_Li0EEEPNT1_8weight_tEPNSI_6bias_tEE11line_buffer_1_7' with compact=bit mode in 16-bits
INFO: [HLS 214-241] Aggregating bram variable '_ZZN4nnet25conv_2d_buffer_latency_clINS_5arrayI8ap_fixedILi16ELi6EL9ap_q_mode5EL9ap_o_mode3ELi0EELj32EEENS1_IS2_ILi42ELi22ELS3_5ELS4_3ELi0EELj32EEE7config4EEvRN3hls6streamIT_Li0EEERNSB_IT0_Li0EEEPNT1_8weight_tEPNSI_6bias_tEE11line_buffer_1_8' with compact=bit mode in 16-bits
INFO: [HLS 214-241] Aggregating bram variable '_ZZN4nnet25conv_2d_buffer_latency_clINS_5arrayI8ap_fixedILi16ELi6EL9ap_q_mode5EL9ap_o_mode3ELi0EELj32EEENS1_IS2_ILi42ELi22ELS3_5ELS4_3ELi0EELj32EEE7config4EEvRN3hls6streamIT_Li0EEERNSB_IT0_Li0EEEPNT1_8weight_tEPNSI_6bias_tEE11line_buffer_1_9' with compact=bit mode in 16-bits
INFO: [HLS 214-241] Aggregating bram variable '_ZZN4nnet25conv_2d_buffer_latency_clINS_5arrayI8ap_fixedILi16ELi6EL9ap_q_mode5EL9ap_o_mode3ELi0EELj32EEENS1_IS2_ILi42ELi22ELS3_5ELS4_3ELi0EELj32EEE7config4EEvRN3hls6streamIT_Li0EEERNSB_IT0_Li0EEEPNT1_8weight_tEPNSI_6bias_tEE11line_buffer_1_10' with compact=bit mode in 16-bits
INFO: [HLS 214-241] Aggregating bram variable '_ZZN4nnet25conv_2d_buffer_latency_clINS_5arrayI8ap_fixedILi16ELi6EL9ap_q_mode5EL9ap_o_mode3ELi0EELj32EEENS1_IS2_ILi42ELi22ELS3_5ELS4_3ELi0EELj32EEE7config4EEvRN3hls6streamIT_Li0EEERNSB_IT0_Li0EEEPNT1_8weight_tEPNSI_6bias_tEE11line_buffer_1_11' with compact=bit mode in 16-bits
INFO: [HLS 214-241] Aggregating bram variable '_ZZN4nnet25conv_2d_buffer_latency_clINS_5arrayI8ap_fixedILi16ELi6EL9ap_q_mode5EL9ap_o_mode3ELi0EELj32EEENS1_IS2_ILi42ELi22ELS3_5ELS4_3ELi0EELj32EEE7config4EEvRN3hls6streamIT_Li0EEERNSB_IT0_Li0EEEPNT1_8weight_tEPNSI_6bias_tEE11line_buffer_1_12' with compact=bit mode in 16-bits
INFO: [HLS 214-241] Aggregating bram variable '_ZZN4nnet25conv_2d_buffer_latency_clINS_5arrayI8ap_fixedILi16ELi6EL9ap_q_mode5EL9ap_o_mode3ELi0EELj32EEENS1_IS2_ILi42ELi22ELS3_5ELS4_3ELi0EELj32EEE7config4EEvRN3hls6streamIT_Li0EEERNSB_IT0_Li0EEEPNT1_8weight_tEPNSI_6bias_tEE11line_buffer_1_13' with compact=bit mode in 16-bits
INFO: [HLS 214-241] Aggregating bram variable '_ZZN4nnet25conv_2d_buffer_latency_clINS_5arrayI8ap_fixedILi16ELi6EL9ap_q_mode5EL9ap_o_mode3ELi0EELj32EEENS1_IS2_ILi42ELi22ELS3_5ELS4_3ELi0EELj32EEE7config4EEvRN3hls6streamIT_Li0EEERNSB_IT0_Li0EEEPNT1_8weight_tEPNSI_6bias_tEE11line_buffer_1_14' with compact=bit mode in 16-bits
INFO: [HLS 214-241] Aggregating bram variable '_ZZN4nnet25conv_2d_buffer_latency_clINS_5arrayI8ap_fixedILi16ELi6EL9ap_q_mode5EL9ap_o_mode3ELi0EELj32EEENS1_IS2_ILi42ELi22ELS3_5ELS4_3ELi0EELj32EEE7config4EEvRN3hls6streamIT_Li0EEERNSB_IT0_Li0EEEPNT1_8weight_tEPNSI_6bias_tEE11line_buffer_1_15' with compact=bit mode in 16-bits
INFO: [HLS 214-241] Aggregating bram variable '_ZZN4nnet25conv_2d_buffer_latency_clINS_5arrayI8ap_fixedILi16ELi6EL9ap_q_mode5EL9ap_o_mode3ELi0EELj32EEENS1_IS2_ILi42ELi22ELS3_5ELS4_3ELi0EELj32EEE7config4EEvRN3hls6streamIT_Li0EEERNSB_IT0_Li0EEEPNT1_8weight_tEPNSI_6bias_tEE11line_buffer_1_16' with compact=bit mode in 16-bits
INFO: [HLS 214-241] Aggregating bram variable '_ZZN4nnet25conv_2d_buffer_latency_clINS_5arrayI8ap_fixedILi16ELi6EL9ap_q_mode5EL9ap_o_mode3ELi0EELj32EEENS1_IS2_ILi42ELi22ELS3_5ELS4_3ELi0EELj32EEE7config4EEvRN3hls6streamIT_Li0EEERNSB_IT0_Li0EEEPNT1_8weight_tEPNSI_6bias_tEE11line_buffer_1_17' with compact=bit mode in 16-bits
INFO: [HLS 214-241] Aggregating bram variable '_ZZN4nnet25conv_2d_buffer_latency_clINS_5arrayI8ap_fixedILi16ELi6EL9ap_q_mode5EL9ap_o_mode3ELi0EELj32EEENS1_IS2_ILi42ELi22ELS3_5ELS4_3ELi0EELj32EEE7config4EEvRN3hls6streamIT_Li0EEERNSB_IT0_Li0EEEPNT1_8weight_tEPNSI_6bias_tEE11line_buffer_1_18' with compact=bit mode in 16-bits
INFO: [HLS 214-241] Aggregating bram variable '_ZZN4nnet25conv_2d_buffer_latency_clINS_5arrayI8ap_fixedILi16ELi6EL9ap_q_mode5EL9ap_o_mode3ELi0EELj32EEENS1_IS2_ILi42ELi22ELS3_5ELS4_3ELi0EELj32EEE7config4EEvRN3hls6streamIT_Li0EEERNSB_IT0_Li0EEEPNT1_8weight_tEPNSI_6bias_tEE11line_buffer_1_19' with compact=bit mode in 16-bits
INFO: [HLS 214-241] Aggregating bram variable '_ZZN4nnet25conv_2d_buffer_latency_clINS_5arrayI8ap_fixedILi16ELi6EL9ap_q_mode5EL9ap_o_mode3ELi0EELj32EEENS1_IS2_ILi42ELi22ELS3_5ELS4_3ELi0EELj32EEE7config4EEvRN3hls6streamIT_Li0EEERNSB_IT0_Li0EEEPNT1_8weight_tEPNSI_6bias_tEE11line_buffer_1_20' with compact=bit mode in 16-bits
INFO: [HLS 214-241] Aggregating bram variable '_ZZN4nnet25conv_2d_buffer_latency_clINS_5arrayI8ap_fixedILi16ELi6EL9ap_q_mode5EL9ap_o_mode3ELi0EELj32EEENS1_IS2_ILi42ELi22ELS3_5ELS4_3ELi0EELj32EEE7config4EEvRN3hls6streamIT_Li0EEERNSB_IT0_Li0EEEPNT1_8weight_tEPNSI_6bias_tEE11line_buffer_1_21' with compact=bit mode in 16-bits
INFO: [HLS 214-241] Aggregating bram variable '_ZZN4nnet25conv_2d_buffer_latency_clINS_5arrayI8ap_fixedILi16ELi6EL9ap_q_mode5EL9ap_o_mode3ELi0EELj32EEENS1_IS2_ILi42ELi22ELS3_5ELS4_3ELi0EELj32EEE7config4EEvRN3hls6streamIT_Li0EEERNSB_IT0_Li0EEEPNT1_8weight_tEPNSI_6bias_tEE11line_buffer_1_22' with compact=bit mode in 16-bits
INFO: [HLS 214-241] Aggregating bram variable '_ZZN4nnet25conv_2d_buffer_latency_clINS_5arrayI8ap_fixedILi16ELi6EL9ap_q_mode5EL9ap_o_mode3ELi0EELj32EEENS1_IS2_ILi42ELi22ELS3_5ELS4_3ELi0EELj32EEE7config4EEvRN3hls6streamIT_Li0EEERNSB_IT0_Li0EEEPNT1_8weight_tEPNSI_6bias_tEE11line_buffer_1_23' with compact=bit mode in 16-bits
INFO: [HLS 214-241] Aggregating bram variable '_ZZN4nnet25conv_2d_buffer_latency_clINS_5arrayI8ap_fixedILi16ELi6EL9ap_q_mode5EL9ap_o_mode3ELi0EELj32EEENS1_IS2_ILi42ELi22ELS3_5ELS4_3ELi0EELj32EEE7config4EEvRN3hls6streamIT_Li0EEERNSB_IT0_Li0EEEPNT1_8weight_tEPNSI_6bias_tEE11line_buffer_1_24' with compact=bit mode in 16-bits
INFO: [HLS 214-241] Aggregating bram variable '_ZZN4nnet25conv_2d_buffer_latency_clINS_5arrayI8ap_fixedILi16ELi6EL9ap_q_mode5EL9ap_o_mode3ELi0EELj32EEENS1_IS2_ILi42ELi22ELS3_5ELS4_3ELi0EELj32EEE7config4EEvRN3hls6streamIT_Li0EEERNSB_IT0_Li0EEEPNT1_8weight_tEPNSI_6bias_tEE11line_buffer_1_25' with compact=bit mode in 16-bits
INFO: [HLS 214-241] Aggregating bram variable '_ZZN4nnet25conv_2d_buffer_latency_clINS_5arrayI8ap_fixedILi16ELi6EL9ap_q_mode5EL9ap_o_mode3ELi0EELj32EEENS1_IS2_ILi42ELi22ELS3_5ELS4_3ELi0EELj32EEE7config4EEvRN3hls6streamIT_Li0EEERNSB_IT0_Li0EEEPNT1_8weight_tEPNSI_6bias_tEE11line_buffer_1_26' with compact=bit mode in 16-bits
INFO: [HLS 214-241] Aggregating bram variable '_ZZN4nnet25conv_2d_buffer_latency_clINS_5arrayI8ap_fixedILi16ELi6EL9ap_q_mode5EL9ap_o_mode3ELi0EELj32EEENS1_IS2_ILi42ELi22ELS3_5ELS4_3ELi0EELj32EEE7config4EEvRN3hls6streamIT_Li0EEERNSB_IT0_Li0EEEPNT1_8weight_tEPNSI_6bias_tEE11line_buffer_1_27' with compact=bit mode in 16-bits
INFO: [HLS 214-241] Aggregating bram variable '_ZZN4nnet25conv_2d_buffer_latency_clINS_5arrayI8ap_fixedILi16ELi6EL9ap_q_mode5EL9ap_o_mode3ELi0EELj32EEENS1_IS2_ILi42ELi22ELS3_5ELS4_3ELi0EELj32EEE7config4EEvRN3hls6streamIT_Li0EEERNSB_IT0_Li0EEEPNT1_8weight_tEPNSI_6bias_tEE11line_buffer_1_28' with compact=bit mode in 16-bits
INFO: [HLS 214-241] Aggregating bram variable '_ZZN4nnet25conv_2d_buffer_latency_clINS_5arrayI8ap_fixedILi16ELi6EL9ap_q_mode5EL9ap_o_mode3ELi0EELj32EEENS1_IS2_ILi42ELi22ELS3_5ELS4_3ELi0EELj32EEE7config4EEvRN3hls6streamIT_Li0EEERNSB_IT0_Li0EEEPNT1_8weight_tEPNSI_6bias_tEE11line_buffer_1_29' with compact=bit mode in 16-bits
INFO: [HLS 214-241] Aggregating bram variable '_ZZN4nnet25conv_2d_buffer_latency_clINS_5arrayI8ap_fixedILi16ELi6EL9ap_q_mode5EL9ap_o_mode3ELi0EELj32EEENS1_IS2_ILi42ELi22ELS3_5ELS4_3ELi0EELj32EEE7config4EEvRN3hls6streamIT_Li0EEERNSB_IT0_Li0EEEPNT1_8weight_tEPNSI_6bias_tEE11line_buffer_1_30' with compact=bit mode in 16-bits
INFO: [HLS 214-241] Aggregating bram variable '_ZZN4nnet25conv_2d_buffer_latency_clINS_5arrayI8ap_fixedILi16ELi6EL9ap_q_mode5EL9ap_o_mode3ELi0EELj32EEENS1_IS2_ILi42ELi22ELS3_5ELS4_3ELi0EELj32EEE7config4EEvRN3hls6streamIT_Li0EEERNSB_IT0_Li0EEEPNT1_8weight_tEPNSI_6bias_tEE11line_buffer_1_31' with compact=bit mode in 16-bits
INFO: [HLS 214-241] Aggregating bram variable '_ZZN4nnet25conv_2d_buffer_latency_clINS_5arrayI8ap_fixedILi16ELi6EL9ap_q_mode5EL9ap_o_mode3ELi0EELj32EEENS1_IS2_ILi42ELi22ELS3_5ELS4_3ELi0EELj16EEE7config6EEvRN3hls6streamIT_Li0EEERNSB_IT0_Li0EEEPNT1_8weight_tEPNSI_6bias_tEE11line_buffer_0_0' with compact=bit mode in 16-bits
INFO: [HLS 214-241] Aggregating bram variable '_ZZN4nnet25conv_2d_buffer_latency_clINS_5arrayI8ap_fixedILi16ELi6EL9ap_q_mode5EL9ap_o_mode3ELi0EELj32EEENS1_IS2_ILi42ELi22ELS3_5ELS4_3ELi0EELj16EEE7config6EEvRN3hls6streamIT_Li0EEERNSB_IT0_Li0EEEPNT1_8weight_tEPNSI_6bias_tEE11line_buffer_0_1' with compact=bit mode in 16-bits
INFO: [HLS 214-241] Aggregating bram variable '_ZZN4nnet25conv_2d_buffer_latency_clINS_5arrayI8ap_fixedILi16ELi6EL9ap_q_mode5EL9ap_o_mode3ELi0EELj32EEENS1_IS2_ILi42ELi22ELS3_5ELS4_3ELi0EELj16EEE7config6EEvRN3hls6streamIT_Li0EEERNSB_IT0_Li0EEEPNT1_8weight_tEPNSI_6bias_tEE11line_buffer_0_2' with compact=bit mode in 16-bits
INFO: [HLS 214-241] Aggregating bram variable '_ZZN4nnet25conv_2d_buffer_latency_clINS_5arrayI8ap_fixedILi16ELi6EL9ap_q_mode5EL9ap_o_mode3ELi0EELj32EEENS1_IS2_ILi42ELi22ELS3_5ELS4_3ELi0EELj16EEE7config6EEvRN3hls6streamIT_Li0EEERNSB_IT0_Li0EEEPNT1_8weight_tEPNSI_6bias_tEE11line_buffer_0_3' with compact=bit mode in 16-bits
INFO: [HLS 214-241] Aggregating bram variable '_ZZN4nnet25conv_2d_buffer_latency_clINS_5arrayI8ap_fixedILi16ELi6EL9ap_q_mode5EL9ap_o_mode3ELi0EELj32EEENS1_IS2_ILi42ELi22ELS3_5ELS4_3ELi0EELj16EEE7config6EEvRN3hls6streamIT_Li0EEERNSB_IT0_Li0EEEPNT1_8weight_tEPNSI_6bias_tEE11line_buffer_0_4' with compact=bit mode in 16-bits
INFO: [HLS 214-241] Aggregating bram variable '_ZZN4nnet25conv_2d_buffer_latency_clINS_5arrayI8ap_fixedILi16ELi6EL9ap_q_mode5EL9ap_o_mode3ELi0EELj32EEENS1_IS2_ILi42ELi22ELS3_5ELS4_3ELi0EELj16EEE7config6EEvRN3hls6streamIT_Li0EEERNSB_IT0_Li0EEEPNT1_8weight_tEPNSI_6bias_tEE11line_buffer_0_5' with compact=bit mode in 16-bits
INFO: [HLS 214-241] Aggregating bram variable '_ZZN4nnet25conv_2d_buffer_latency_clINS_5arrayI8ap_fixedILi16ELi6EL9ap_q_mode5EL9ap_o_mode3ELi0EELj32EEENS1_IS2_ILi42ELi22ELS3_5ELS4_3ELi0EELj16EEE7config6EEvRN3hls6streamIT_Li0EEERNSB_IT0_Li0EEEPNT1_8weight_tEPNSI_6bias_tEE11line_buffer_0_6' with compact=bit mode in 16-bits
INFO: [HLS 214-241] Aggregating bram variable '_ZZN4nnet25conv_2d_buffer_latency_clINS_5arrayI8ap_fixedILi16ELi6EL9ap_q_mode5EL9ap_o_mode3ELi0EELj32EEENS1_IS2_ILi42ELi22ELS3_5ELS4_3ELi0EELj16EEE7config6EEvRN3hls6streamIT_Li0EEERNSB_IT0_Li0EEEPNT1_8weight_tEPNSI_6bias_tEE11line_buffer_0_7' with compact=bit mode in 16-bits
INFO: [HLS 214-241] Aggregating bram variable '_ZZN4nnet25conv_2d_buffer_latency_clINS_5arrayI8ap_fixedILi16ELi6EL9ap_q_mode5EL9ap_o_mode3ELi0EELj32EEENS1_IS2_ILi42ELi22ELS3_5ELS4_3ELi0EELj16EEE7config6EEvRN3hls6streamIT_Li0EEERNSB_IT0_Li0EEEPNT1_8weight_tEPNSI_6bias_tEE11line_buffer_0_8' with compact=bit mode in 16-bits
INFO: [HLS 214-241] Aggregating bram variable '_ZZN4nnet25conv_2d_buffer_latency_clINS_5arrayI8ap_fixedILi16ELi6EL9ap_q_mode5EL9ap_o_mode3ELi0EELj32EEENS1_IS2_ILi42ELi22ELS3_5ELS4_3ELi0EELj16EEE7config6EEvRN3hls6streamIT_Li0EEERNSB_IT0_Li0EEEPNT1_8weight_tEPNSI_6bias_tEE11line_buffer_0_9' with compact=bit mode in 16-bits
INFO: [HLS 214-241] Aggregating bram variable '_ZZN4nnet25conv_2d_buffer_latency_clINS_5arrayI8ap_fixedILi16ELi6EL9ap_q_mode5EL9ap_o_mode3ELi0EELj32EEENS1_IS2_ILi42ELi22ELS3_5ELS4_3ELi0EELj16EEE7config6EEvRN3hls6streamIT_Li0EEERNSB_IT0_Li0EEEPNT1_8weight_tEPNSI_6bias_tEE11line_buffer_0_10' with compact=bit mode in 16-bits
INFO: [HLS 214-241] Aggregating bram variable '_ZZN4nnet25conv_2d_buffer_latency_clINS_5arrayI8ap_fixedILi16ELi6EL9ap_q_mode5EL9ap_o_mode3ELi0EELj32EEENS1_IS2_ILi42ELi22ELS3_5ELS4_3ELi0EELj16EEE7config6EEvRN3hls6streamIT_Li0EEERNSB_IT0_Li0EEEPNT1_8weight_tEPNSI_6bias_tEE11line_buffer_0_11' with compact=bit mode in 16-bits
INFO: [HLS 214-241] Aggregating bram variable '_ZZN4nnet25conv_2d_buffer_latency_clINS_5arrayI8ap_fixedILi16ELi6EL9ap_q_mode5EL9ap_o_mode3ELi0EELj32EEENS1_IS2_ILi42ELi22ELS3_5ELS4_3ELi0EELj16EEE7config6EEvRN3hls6streamIT_Li0EEERNSB_IT0_Li0EEEPNT1_8weight_tEPNSI_6bias_tEE11line_buffer_0_12' with compact=bit mode in 16-bits
INFO: [HLS 214-241] Aggregating bram variable '_ZZN4nnet25conv_2d_buffer_latency_clINS_5arrayI8ap_fixedILi16ELi6EL9ap_q_mode5EL9ap_o_mode3ELi0EELj32EEENS1_IS2_ILi42ELi22ELS3_5ELS4_3ELi0EELj16EEE7config6EEvRN3hls6streamIT_Li0EEERNSB_IT0_Li0EEEPNT1_8weight_tEPNSI_6bias_tEE11line_buffer_0_13' with compact=bit mode in 16-bits
INFO: [HLS 214-241] Aggregating bram variable '_ZZN4nnet25conv_2d_buffer_latency_clINS_5arrayI8ap_fixedILi16ELi6EL9ap_q_mode5EL9ap_o_mode3ELi0EELj32EEENS1_IS2_ILi42ELi22ELS3_5ELS4_3ELi0EELj16EEE7config6EEvRN3hls6streamIT_Li0EEERNSB_IT0_Li0EEEPNT1_8weight_tEPNSI_6bias_tEE11line_buffer_0_14' with compact=bit mode in 16-bits
INFO: [HLS 214-241] Aggregating bram variable '_ZZN4nnet25conv_2d_buffer_latency_clINS_5arrayI8ap_fixedILi16ELi6EL9ap_q_mode5EL9ap_o_mode3ELi0EELj32EEENS1_IS2_ILi42ELi22ELS3_5ELS4_3ELi0EELj16EEE7config6EEvRN3hls6streamIT_Li0EEERNSB_IT0_Li0EEEPNT1_8weight_tEPNSI_6bias_tEE11line_buffer_0_15' with compact=bit mode in 16-bits
INFO: [HLS 214-241] Aggregating bram variable '_ZZN4nnet25conv_2d_buffer_latency_clINS_5arrayI8ap_fixedILi16ELi6EL9ap_q_mode5EL9ap_o_mode3ELi0EELj32EEENS1_IS2_ILi42ELi22ELS3_5ELS4_3ELi0EELj16EEE7config6EEvRN3hls6streamIT_Li0EEERNSB_IT0_Li0EEEPNT1_8weight_tEPNSI_6bias_tEE11line_buffer_0_16' with compact=bit mode in 16-bits
INFO: [HLS 214-241] Aggregating bram variable '_ZZN4nnet25conv_2d_buffer_latency_clINS_5arrayI8ap_fixedILi16ELi6EL9ap_q_mode5EL9ap_o_mode3ELi0EELj32EEENS1_IS2_ILi42ELi22ELS3_5ELS4_3ELi0EELj16EEE7config6EEvRN3hls6streamIT_Li0EEERNSB_IT0_Li0EEEPNT1_8weight_tEPNSI_6bias_tEE11line_buffer_0_17' with compact=bit mode in 16-bits
INFO: [HLS 214-241] Aggregating bram variable '_ZZN4nnet25conv_2d_buffer_latency_clINS_5arrayI8ap_fixedILi16ELi6EL9ap_q_mode5EL9ap_o_mode3ELi0EELj32EEENS1_IS2_ILi42ELi22ELS3_5ELS4_3ELi0EELj16EEE7config6EEvRN3hls6streamIT_Li0EEERNSB_IT0_Li0EEEPNT1_8weight_tEPNSI_6bias_tEE11line_buffer_0_18' with compact=bit mode in 16-bits
INFO: [HLS 214-241] Aggregating bram variable '_ZZN4nnet25conv_2d_buffer_latency_clINS_5arrayI8ap_fixedILi16ELi6EL9ap_q_mode5EL9ap_o_mode3ELi0EELj32EEENS1_IS2_ILi42ELi22ELS3_5ELS4_3ELi0EELj16EEE7config6EEvRN3hls6streamIT_Li0EEERNSB_IT0_Li0EEEPNT1_8weight_tEPNSI_6bias_tEE11line_buffer_0_19' with compact=bit mode in 16-bits
INFO: [HLS 214-241] Aggregating bram variable '_ZZN4nnet25conv_2d_buffer_latency_clINS_5arrayI8ap_fixedILi16ELi6EL9ap_q_mode5EL9ap_o_mode3ELi0EELj32EEENS1_IS2_ILi42ELi22ELS3_5ELS4_3ELi0EELj16EEE7config6EEvRN3hls6streamIT_Li0EEERNSB_IT0_Li0EEEPNT1_8weight_tEPNSI_6bias_tEE11line_buffer_0_20' with compact=bit mode in 16-bits
INFO: [HLS 214-241] Aggregating bram variable '_ZZN4nnet25conv_2d_buffer_latency_clINS_5arrayI8ap_fixedILi16ELi6EL9ap_q_mode5EL9ap_o_mode3ELi0EELj32EEENS1_IS2_ILi42ELi22ELS3_5ELS4_3ELi0EELj16EEE7config6EEvRN3hls6streamIT_Li0EEERNSB_IT0_Li0EEEPNT1_8weight_tEPNSI_6bias_tEE11line_buffer_0_21' with compact=bit mode in 16-bits
INFO: [HLS 214-241] Aggregating bram variable '_ZZN4nnet25conv_2d_buffer_latency_clINS_5arrayI8ap_fixedILi16ELi6EL9ap_q_mode5EL9ap_o_mode3ELi0EELj32EEENS1_IS2_ILi42ELi22ELS3_5ELS4_3ELi0EELj16EEE7config6EEvRN3hls6streamIT_Li0EEERNSB_IT0_Li0EEEPNT1_8weight_tEPNSI_6bias_tEE11line_buffer_0_22' with compact=bit mode in 16-bits
INFO: [HLS 214-241] Aggregating bram variable '_ZZN4nnet25conv_2d_buffer_latency_clINS_5arrayI8ap_fixedILi16ELi6EL9ap_q_mode5EL9ap_o_mode3ELi0EELj32EEENS1_IS2_ILi42ELi22ELS3_5ELS4_3ELi0EELj16EEE7config6EEvRN3hls6streamIT_Li0EEERNSB_IT0_Li0EEEPNT1_8weight_tEPNSI_6bias_tEE11line_buffer_0_23' with compact=bit mode in 16-bits
INFO: [HLS 214-241] Aggregating bram variable '_ZZN4nnet25conv_2d_buffer_latency_clINS_5arrayI8ap_fixedILi16ELi6EL9ap_q_mode5EL9ap_o_mode3ELi0EELj32EEENS1_IS2_ILi42ELi22ELS3_5ELS4_3ELi0EELj16EEE7config6EEvRN3hls6streamIT_Li0EEERNSB_IT0_Li0EEEPNT1_8weight_tEPNSI_6bias_tEE11line_buffer_0_24' with compact=bit mode in 16-bits
INFO: [HLS 214-241] Aggregating bram variable '_ZZN4nnet25conv_2d_buffer_latency_clINS_5arrayI8ap_fixedILi16ELi6EL9ap_q_mode5EL9ap_o_mode3ELi0EELj32EEENS1_IS2_ILi42ELi22ELS3_5ELS4_3ELi0EELj16EEE7config6EEvRN3hls6streamIT_Li0EEERNSB_IT0_Li0EEEPNT1_8weight_tEPNSI_6bias_tEE11line_buffer_0_25' with compact=bit mode in 16-bits
INFO: [HLS 214-241] Aggregating bram variable '_ZZN4nnet25conv_2d_buffer_latency_clINS_5arrayI8ap_fixedILi16ELi6EL9ap_q_mode5EL9ap_o_mode3ELi0EELj32EEENS1_IS2_ILi42ELi22ELS3_5ELS4_3ELi0EELj16EEE7config6EEvRN3hls6streamIT_Li0EEERNSB_IT0_Li0EEEPNT1_8weight_tEPNSI_6bias_tEE11line_buffer_0_26' with compact=bit mode in 16-bits
INFO: [HLS 214-241] Aggregating bram variable '_ZZN4nnet25conv_2d_buffer_latency_clINS_5arrayI8ap_fixedILi16ELi6EL9ap_q_mode5EL9ap_o_mode3ELi0EELj32EEENS1_IS2_ILi42ELi22ELS3_5ELS4_3ELi0EELj16EEE7config6EEvRN3hls6streamIT_Li0EEERNSB_IT0_Li0EEEPNT1_8weight_tEPNSI_6bias_tEE11line_buffer_0_27' with compact=bit mode in 16-bits
INFO: [HLS 214-241] Aggregating bram variable '_ZZN4nnet25conv_2d_buffer_latency_clINS_5arrayI8ap_fixedILi16ELi6EL9ap_q_mode5EL9ap_o_mode3ELi0EELj32EEENS1_IS2_ILi42ELi22ELS3_5ELS4_3ELi0EELj16EEE7config6EEvRN3hls6streamIT_Li0EEERNSB_IT0_Li0EEEPNT1_8weight_tEPNSI_6bias_tEE11line_buffer_0_28' with compact=bit mode in 16-bits
INFO: [HLS 214-241] Aggregating bram variable '_ZZN4nnet25conv_2d_buffer_latency_clINS_5arrayI8ap_fixedILi16ELi6EL9ap_q_mode5EL9ap_o_mode3ELi0EELj32EEENS1_IS2_ILi42ELi22ELS3_5ELS4_3ELi0EELj16EEE7config6EEvRN3hls6streamIT_Li0EEERNSB_IT0_Li0EEEPNT1_8weight_tEPNSI_6bias_tEE11line_buffer_0_29' with compact=bit mode in 16-bits
INFO: [HLS 214-241] Aggregating bram variable '_ZZN4nnet25conv_2d_buffer_latency_clINS_5arrayI8ap_fixedILi16ELi6EL9ap_q_mode5EL9ap_o_mode3ELi0EELj32EEENS1_IS2_ILi42ELi22ELS3_5ELS4_3ELi0EELj16EEE7config6EEvRN3hls6streamIT_Li0EEERNSB_IT0_Li0EEEPNT1_8weight_tEPNSI_6bias_tEE11line_buffer_0_30' with compact=bit mode in 16-bits
INFO: [HLS 214-241] Aggregating bram variable '_ZZN4nnet25conv_2d_buffer_latency_clINS_5arrayI8ap_fixedILi16ELi6EL9ap_q_mode5EL9ap_o_mode3ELi0EELj32EEENS1_IS2_ILi42ELi22ELS3_5ELS4_3ELi0EELj16EEE7config6EEvRN3hls6streamIT_Li0EEERNSB_IT0_Li0EEEPNT1_8weight_tEPNSI_6bias_tEE11line_buffer_0_31' with compact=bit mode in 16-bits
INFO: [HLS 214-241] Aggregating bram variable '_ZZN4nnet25conv_2d_buffer_latency_clINS_5arrayI8ap_fixedILi16ELi6EL9ap_q_mode5EL9ap_o_mode3ELi0EELj32EEENS1_IS2_ILi42ELi22ELS3_5ELS4_3ELi0EELj16EEE7config6EEvRN3hls6streamIT_Li0EEERNSB_IT0_Li0EEEPNT1_8weight_tEPNSI_6bias_tEE11line_buffer_1_0' with compact=bit mode in 16-bits
INFO: [HLS 214-241] Aggregating bram variable '_ZZN4nnet25conv_2d_buffer_latency_clINS_5arrayI8ap_fixedILi16ELi6EL9ap_q_mode5EL9ap_o_mode3ELi0EELj32EEENS1_IS2_ILi42ELi22ELS3_5ELS4_3ELi0EELj16EEE7config6EEvRN3hls6streamIT_Li0EEERNSB_IT0_Li0EEEPNT1_8weight_tEPNSI_6bias_tEE11line_buffer_1_1' with compact=bit mode in 16-bits
INFO: [HLS 214-241] Aggregating bram variable '_ZZN4nnet25conv_2d_buffer_latency_clINS_5arrayI8ap_fixedILi16ELi6EL9ap_q_mode5EL9ap_o_mode3ELi0EELj32EEENS1_IS2_ILi42ELi22ELS3_5ELS4_3ELi0EELj16EEE7config6EEvRN3hls6streamIT_Li0EEERNSB_IT0_Li0EEEPNT1_8weight_tEPNSI_6bias_tEE11line_buffer_1_2' with compact=bit mode in 16-bits
INFO: [HLS 214-241] Aggregating bram variable '_ZZN4nnet25conv_2d_buffer_latency_clINS_5arrayI8ap_fixedILi16ELi6EL9ap_q_mode5EL9ap_o_mode3ELi0EELj32EEENS1_IS2_ILi42ELi22ELS3_5ELS4_3ELi0EELj16EEE7config6EEvRN3hls6streamIT_Li0EEERNSB_IT0_Li0EEEPNT1_8weight_tEPNSI_6bias_tEE11line_buffer_1_3' with compact=bit mode in 16-bits
INFO: [HLS 214-241] Aggregating bram variable '_ZZN4nnet25conv_2d_buffer_latency_clINS_5arrayI8ap_fixedILi16ELi6EL9ap_q_mode5EL9ap_o_mode3ELi0EELj32EEENS1_IS2_ILi42ELi22ELS3_5ELS4_3ELi0EELj16EEE7config6EEvRN3hls6streamIT_Li0EEERNSB_IT0_Li0EEEPNT1_8weight_tEPNSI_6bias_tEE11line_buffer_1_4' with compact=bit mode in 16-bits
INFO: [HLS 214-241] Aggregating bram variable '_ZZN4nnet25conv_2d_buffer_latency_clINS_5arrayI8ap_fixedILi16ELi6EL9ap_q_mode5EL9ap_o_mode3ELi0EELj32EEENS1_IS2_ILi42ELi22ELS3_5ELS4_3ELi0EELj16EEE7config6EEvRN3hls6streamIT_Li0EEERNSB_IT0_Li0EEEPNT1_8weight_tEPNSI_6bias_tEE11line_buffer_1_5' with compact=bit mode in 16-bits
INFO: [HLS 214-241] Aggregating bram variable '_ZZN4nnet25conv_2d_buffer_latency_clINS_5arrayI8ap_fixedILi16ELi6EL9ap_q_mode5EL9ap_o_mode3ELi0EELj32EEENS1_IS2_ILi42ELi22ELS3_5ELS4_3ELi0EELj16EEE7config6EEvRN3hls6streamIT_Li0EEERNSB_IT0_Li0EEEPNT1_8weight_tEPNSI_6bias_tEE11line_buffer_1_6' with compact=bit mode in 16-bits
INFO: [HLS 214-241] Aggregating bram variable '_ZZN4nnet25conv_2d_buffer_latency_clINS_5arrayI8ap_fixedILi16ELi6EL9ap_q_mode5EL9ap_o_mode3ELi0EELj32EEENS1_IS2_ILi42ELi22ELS3_5ELS4_3ELi0EELj16EEE7config6EEvRN3hls6streamIT_Li0EEERNSB_IT0_Li0EEEPNT1_8weight_tEPNSI_6bias_tEE11line_buffer_1_7' with compact=bit mode in 16-bits
INFO: [HLS 214-241] Aggregating bram variable '_ZZN4nnet25conv_2d_buffer_latency_clINS_5arrayI8ap_fixedILi16ELi6EL9ap_q_mode5EL9ap_o_mode3ELi0EELj32EEENS1_IS2_ILi42ELi22ELS3_5ELS4_3ELi0EELj16EEE7config6EEvRN3hls6streamIT_Li0EEERNSB_IT0_Li0EEEPNT1_8weight_tEPNSI_6bias_tEE11line_buffer_1_8' with compact=bit mode in 16-bits
INFO: [HLS 214-241] Aggregating bram variable '_ZZN4nnet25conv_2d_buffer_latency_clINS_5arrayI8ap_fixedILi16ELi6EL9ap_q_mode5EL9ap_o_mode3ELi0EELj32EEENS1_IS2_ILi42ELi22ELS3_5ELS4_3ELi0EELj16EEE7config6EEvRN3hls6streamIT_Li0EEERNSB_IT0_Li0EEEPNT1_8weight_tEPNSI_6bias_tEE11line_buffer_1_9' with compact=bit mode in 16-bits
INFO: [HLS 214-241] Aggregating bram variable '_ZZN4nnet25conv_2d_buffer_latency_clINS_5arrayI8ap_fixedILi16ELi6EL9ap_q_mode5EL9ap_o_mode3ELi0EELj32EEENS1_IS2_ILi42ELi22ELS3_5ELS4_3ELi0EELj16EEE7config6EEvRN3hls6streamIT_Li0EEERNSB_IT0_Li0EEEPNT1_8weight_tEPNSI_6bias_tEE11line_buffer_1_10' with compact=bit mode in 16-bits
INFO: [HLS 214-241] Aggregating bram variable '_ZZN4nnet25conv_2d_buffer_latency_clINS_5arrayI8ap_fixedILi16ELi6EL9ap_q_mode5EL9ap_o_mode3ELi0EELj32EEENS1_IS2_ILi42ELi22ELS3_5ELS4_3ELi0EELj16EEE7config6EEvRN3hls6streamIT_Li0EEERNSB_IT0_Li0EEEPNT1_8weight_tEPNSI_6bias_tEE11line_buffer_1_11' with compact=bit mode in 16-bits
INFO: [HLS 214-241] Aggregating bram variable '_ZZN4nnet25conv_2d_buffer_latency_clINS_5arrayI8ap_fixedILi16ELi6EL9ap_q_mode5EL9ap_o_mode3ELi0EELj32EEENS1_IS2_ILi42ELi22ELS3_5ELS4_3ELi0EELj16EEE7config6EEvRN3hls6streamIT_Li0EEERNSB_IT0_Li0EEEPNT1_8weight_tEPNSI_6bias_tEE11line_buffer_1_12' with compact=bit mode in 16-bits
INFO: [HLS 214-241] Aggregating bram variable '_ZZN4nnet25conv_2d_buffer_latency_clINS_5arrayI8ap_fixedILi16ELi6EL9ap_q_mode5EL9ap_o_mode3ELi0EELj32EEENS1_IS2_ILi42ELi22ELS3_5ELS4_3ELi0EELj16EEE7config6EEvRN3hls6streamIT_Li0EEERNSB_IT0_Li0EEEPNT1_8weight_tEPNSI_6bias_tEE11line_buffer_1_13' with compact=bit mode in 16-bits
INFO: [HLS 214-241] Aggregating bram variable '_ZZN4nnet25conv_2d_buffer_latency_clINS_5arrayI8ap_fixedILi16ELi6EL9ap_q_mode5EL9ap_o_mode3ELi0EELj32EEENS1_IS2_ILi42ELi22ELS3_5ELS4_3ELi0EELj16EEE7config6EEvRN3hls6streamIT_Li0EEERNSB_IT0_Li0EEEPNT1_8weight_tEPNSI_6bias_tEE11line_buffer_1_14' with compact=bit mode in 16-bits
INFO: [HLS 214-241] Aggregating bram variable '_ZZN4nnet25conv_2d_buffer_latency_clINS_5arrayI8ap_fixedILi16ELi6EL9ap_q_mode5EL9ap_o_mode3ELi0EELj32EEENS1_IS2_ILi42ELi22ELS3_5ELS4_3ELi0EELj16EEE7config6EEvRN3hls6streamIT_Li0EEERNSB_IT0_Li0EEEPNT1_8weight_tEPNSI_6bias_tEE11line_buffer_1_15' with compact=bit mode in 16-bits
INFO: [HLS 214-241] Aggregating bram variable '_ZZN4nnet25conv_2d_buffer_latency_clINS_5arrayI8ap_fixedILi16ELi6EL9ap_q_mode5EL9ap_o_mode3ELi0EELj32EEENS1_IS2_ILi42ELi22ELS3_5ELS4_3ELi0EELj16EEE7config6EEvRN3hls6streamIT_Li0EEERNSB_IT0_Li0EEEPNT1_8weight_tEPNSI_6bias_tEE11line_buffer_1_16' with compact=bit mode in 16-bits
INFO: [HLS 214-241] Aggregating bram variable '_ZZN4nnet25conv_2d_buffer_latency_clINS_5arrayI8ap_fixedILi16ELi6EL9ap_q_mode5EL9ap_o_mode3ELi0EELj32EEENS1_IS2_ILi42ELi22ELS3_5ELS4_3ELi0EELj16EEE7config6EEvRN3hls6streamIT_Li0EEERNSB_IT0_Li0EEEPNT1_8weight_tEPNSI_6bias_tEE11line_buffer_1_17' with compact=bit mode in 16-bits
INFO: [HLS 214-241] Aggregating bram variable '_ZZN4nnet25conv_2d_buffer_latency_clINS_5arrayI8ap_fixedILi16ELi6EL9ap_q_mode5EL9ap_o_mode3ELi0EELj32EEENS1_IS2_ILi42ELi22ELS3_5ELS4_3ELi0EELj16EEE7config6EEvRN3hls6streamIT_Li0EEERNSB_IT0_Li0EEEPNT1_8weight_tEPNSI_6bias_tEE11line_buffer_1_18' with compact=bit mode in 16-bits
INFO: [HLS 214-241] Aggregating bram variable '_ZZN4nnet25conv_2d_buffer_latency_clINS_5arrayI8ap_fixedILi16ELi6EL9ap_q_mode5EL9ap_o_mode3ELi0EELj32EEENS1_IS2_ILi42ELi22ELS3_5ELS4_3ELi0EELj16EEE7config6EEvRN3hls6streamIT_Li0EEERNSB_IT0_Li0EEEPNT1_8weight_tEPNSI_6bias_tEE11line_buffer_1_19' with compact=bit mode in 16-bits
INFO: [HLS 214-241] Aggregating bram variable '_ZZN4nnet25conv_2d_buffer_latency_clINS_5arrayI8ap_fixedILi16ELi6EL9ap_q_mode5EL9ap_o_mode3ELi0EELj32EEENS1_IS2_ILi42ELi22ELS3_5ELS4_3ELi0EELj16EEE7config6EEvRN3hls6streamIT_Li0EEERNSB_IT0_Li0EEEPNT1_8weight_tEPNSI_6bias_tEE11line_buffer_1_20' with compact=bit mode in 16-bits
INFO: [HLS 214-241] Aggregating bram variable '_ZZN4nnet25conv_2d_buffer_latency_clINS_5arrayI8ap_fixedILi16ELi6EL9ap_q_mode5EL9ap_o_mode3ELi0EELj32EEENS1_IS2_ILi42ELi22ELS3_5ELS4_3ELi0EELj16EEE7config6EEvRN3hls6streamIT_Li0EEERNSB_IT0_Li0EEEPNT1_8weight_tEPNSI_6bias_tEE11line_buffer_1_21' with compact=bit mode in 16-bits
INFO: [HLS 214-241] Aggregating bram variable '_ZZN4nnet25conv_2d_buffer_latency_clINS_5arrayI8ap_fixedILi16ELi6EL9ap_q_mode5EL9ap_o_mode3ELi0EELj32EEENS1_IS2_ILi42ELi22ELS3_5ELS4_3ELi0EELj16EEE7config6EEvRN3hls6streamIT_Li0EEERNSB_IT0_Li0EEEPNT1_8weight_tEPNSI_6bias_tEE11line_buffer_1_22' with compact=bit mode in 16-bits
INFO: [HLS 214-241] Aggregating bram variable '_ZZN4nnet25conv_2d_buffer_latency_clINS_5arrayI8ap_fixedILi16ELi6EL9ap_q_mode5EL9ap_o_mode3ELi0EELj32EEENS1_IS2_ILi42ELi22ELS3_5ELS4_3ELi0EELj16EEE7config6EEvRN3hls6streamIT_Li0EEERNSB_IT0_Li0EEEPNT1_8weight_tEPNSI_6bias_tEE11line_buffer_1_23' with compact=bit mode in 16-bits
INFO: [HLS 214-241] Aggregating bram variable '_ZZN4nnet25conv_2d_buffer_latency_clINS_5arrayI8ap_fixedILi16ELi6EL9ap_q_mode5EL9ap_o_mode3ELi0EELj32EEENS1_IS2_ILi42ELi22ELS3_5ELS4_3ELi0EELj16EEE7config6EEvRN3hls6streamIT_Li0EEERNSB_IT0_Li0EEEPNT1_8weight_tEPNSI_6bias_tEE11line_buffer_1_24' with compact=bit mode in 16-bits
INFO: [HLS 214-241] Aggregating bram variable '_ZZN4nnet25conv_2d_buffer_latency_clINS_5arrayI8ap_fixedILi16ELi6EL9ap_q_mode5EL9ap_o_mode3ELi0EELj32EEENS1_IS2_ILi42ELi22ELS3_5ELS4_3ELi0EELj16EEE7config6EEvRN3hls6streamIT_Li0EEERNSB_IT0_Li0EEEPNT1_8weight_tEPNSI_6bias_tEE11line_buffer_1_25' with compact=bit mode in 16-bits
INFO: [HLS 214-241] Aggregating bram variable '_ZZN4nnet25conv_2d_buffer_latency_clINS_5arrayI8ap_fixedILi16ELi6EL9ap_q_mode5EL9ap_o_mode3ELi0EELj32EEENS1_IS2_ILi42ELi22ELS3_5ELS4_3ELi0EELj16EEE7config6EEvRN3hls6streamIT_Li0EEERNSB_IT0_Li0EEEPNT1_8weight_tEPNSI_6bias_tEE11line_buffer_1_26' with compact=bit mode in 16-bits
INFO: [HLS 214-241] Aggregating bram variable '_ZZN4nnet25conv_2d_buffer_latency_clINS_5arrayI8ap_fixedILi16ELi6EL9ap_q_mode5EL9ap_o_mode3ELi0EELj32EEENS1_IS2_ILi42ELi22ELS3_5ELS4_3ELi0EELj16EEE7config6EEvRN3hls6streamIT_Li0EEERNSB_IT0_Li0EEEPNT1_8weight_tEPNSI_6bias_tEE11line_buffer_1_27' with compact=bit mode in 16-bits
INFO: [HLS 214-241] Aggregating bram variable '_ZZN4nnet25conv_2d_buffer_latency_clINS_5arrayI8ap_fixedILi16ELi6EL9ap_q_mode5EL9ap_o_mode3ELi0EELj32EEENS1_IS2_ILi42ELi22ELS3_5ELS4_3ELi0EELj16EEE7config6EEvRN3hls6streamIT_Li0EEERNSB_IT0_Li0EEEPNT1_8weight_tEPNSI_6bias_tEE11line_buffer_1_28' with compact=bit mode in 16-bits
INFO: [HLS 214-241] Aggregating bram variable '_ZZN4nnet25conv_2d_buffer_latency_clINS_5arrayI8ap_fixedILi16ELi6EL9ap_q_mode5EL9ap_o_mode3ELi0EELj32EEENS1_IS2_ILi42ELi22ELS3_5ELS4_3ELi0EELj16EEE7config6EEvRN3hls6streamIT_Li0EEERNSB_IT0_Li0EEEPNT1_8weight_tEPNSI_6bias_tEE11line_buffer_1_29' with compact=bit mode in 16-bits
INFO: [HLS 214-241] Aggregating bram variable '_ZZN4nnet25conv_2d_buffer_latency_clINS_5arrayI8ap_fixedILi16ELi6EL9ap_q_mode5EL9ap_o_mode3ELi0EELj32EEENS1_IS2_ILi42ELi22ELS3_5ELS4_3ELi0EELj16EEE7config6EEvRN3hls6streamIT_Li0EEERNSB_IT0_Li0EEEPNT1_8weight_tEPNSI_6bias_tEE11line_buffer_1_30' with compact=bit mode in 16-bits
INFO: [HLS 214-241] Aggregating bram variable '_ZZN4nnet25conv_2d_buffer_latency_clINS_5arrayI8ap_fixedILi16ELi6EL9ap_q_mode5EL9ap_o_mode3ELi0EELj32EEENS1_IS2_ILi42ELi22ELS3_5ELS4_3ELi0EELj16EEE7config6EEvRN3hls6streamIT_Li0EEERNSB_IT0_Li0EEEPNT1_8weight_tEPNSI_6bias_tEE11line_buffer_1_31' with compact=bit mode in 16-bits
INFO: [HLS 214-376] Pipelining loop< PadTopWidth> at firmware/nnet_utils/nnet_padding_stream.h:53:9 due to pipeline_loops threshold
INFO: [HLS 214-376] Pipelining loop< CopyMain> at firmware/nnet_utils/nnet_padding_stream.h:65:9 due to pipeline_loops threshold
INFO: [HLS 214-376] Pipelining loop< PadBottomWidth> at firmware/nnet_utils/nnet_padding_stream.h:77:9 due to pipeline_loops threshold
INFO: [HLS 214-437] Disabling loop flattening for loop 'PadMain'. (firmware/nnet_utils/nnet_padding_stream.h:59:5)
INFO: [HLS 214-449] Partitioning array 'ref.tmp.i' dimension 1 due to constant index.
INFO: [HLS 214-248] Applying array_partition to 'ref.tmp.i': Complete partitioning on dimension 1.
INFO: [HLS 200-111] Finished Compiling Optimization and Transform: CPU user time: 213.28 seconds. CPU system time: 2.95 seconds. Elapsed time: 220.7 seconds; current allocated memory: 338.801 MB.
INFO: [HLS 200-111] Finished Checking Pragmas: CPU user time: 0 seconds. CPU system time: 0 seconds. Elapsed time: 0 seconds; current allocated memory: 338.801 MB.
INFO: [HLS 200-10] Starting code transformations ...
INFO: [HLS 200-111] Finished Standard Transforms: CPU user time: 0.95 seconds. CPU system time: 0.04 seconds. Elapsed time: 1.01 seconds; current allocated memory: 403.828 MB.
INFO: [HLS 200-10] Checking synthesizability ...
INFO: [HLS 200-111] Finished Checking Synthesizability: CPU user time: 3.18 seconds. CPU system time: 0.02 seconds. Elapsed time: 3.22 seconds; current allocated memory: 449.551 MB.
INFO: [XFORM 203-712] Applying dataflow to function 'myproject' (firmware/myproject.cpp:8), detected/extracted 9 process function(s): 
	 'nnet::zeropad2d_cl<nnet::array<ap_fixed<16, 6, (ap_q_mode)5, (ap_o_mode)3, 0>, 1u>, nnet::array<ap_fixed<16, 6, (ap_q_mode)5, (ap_o_mode)3, 0>, 1u>, config8>'
	 'nnet::conv_2d_cl<nnet::array<ap_fixed<16, 6, (ap_q_mode)5, (ap_o_mode)3, 0>, 1u>, nnet::array<ap_fixed<37, 17, (ap_q_mode)5, (ap_o_mode)3, 0>, 32u>, config2>'
	 'nnet::relu<nnet::array<ap_fixed<37, 17, (ap_q_mode)5, (ap_o_mode)3, 0>, 32u>, nnet::array<ap_fixed<16, 6, (ap_q_mode)5, (ap_o_mode)3, 0>, 32u>, relu_config3>'
	 'nnet::zeropad2d_cl<nnet::array<ap_fixed<16, 6, (ap_q_mode)5, (ap_o_mode)3, 0>, 32u>, nnet::array<ap_fixed<16, 6, (ap_q_mode)5, (ap_o_mode)3, 0>, 32u>, config9>'
	 'nnet::conv_2d_cl<nnet::array<ap_fixed<16, 6, (ap_q_mode)5, (ap_o_mode)3, 0>, 32u>, nnet::array<ap_fixed<42, 22, (ap_q_mode)5, (ap_o_mode)3, 0>, 32u>, config4>'
	 'nnet::relu<nnet::array<ap_fixed<42, 22, (ap_q_mode)5, (ap_o_mode)3, 0>, 32u>, nnet::array<ap_fixed<16, 6, (ap_q_mode)5, (ap_o_mode)3, 0>, 32u>, relu_config5>'
	 'nnet::zeropad2d_cl<nnet::array<ap_fixed<16, 6, (ap_q_mode)5, (ap_o_mode)3, 0>, 32u>, nnet::array<ap_fixed<16, 6, (ap_q_mode)5, (ap_o_mode)3, 0>, 32u>, config10>'
	 'nnet::conv_2d_cl<nnet::array<ap_fixed<16, 6, (ap_q_mode)5, (ap_o_mode)3, 0>, 32u>, nnet::array<ap_fixed<42, 22, (ap_q_mode)5, (ap_o_mode)3, 0>, 16u>, config6>'
	 'nnet::relu<nnet::array<ap_fixed<42, 22, (ap_q_mode)5, (ap_o_mode)3, 0>, 16u>, nnet::array<ap_fixed<16, 6, (ap_q_mode)5, (ap_o_mode)3, 0>, 16u>, relu_config7>'.
INFO: [XFORM 203-11] Balancing expressions in function 'nnet::dense_latency<ap_fixed<16, 6, (ap_q_mode)5, (ap_o_mode)3, 0>, ap_fixed<42, 22, (ap_q_mode)5, (ap_o_mode)3, 0>, config6_mult>' (firmware/nnet_utils/nnet_mult.h:17:29)...4561 expression(s) balanced.
INFO: [XFORM 203-11] Balancing expressions in function 'nnet::dense_latency<ap_fixed<16, 6, (ap_q_mode)5, (ap_o_mode)3, 0>, ap_fixed<42, 22, (ap_q_mode)5, (ap_o_mode)3, 0>, config4_mult>' (firmware/nnet_utils/nnet_mult.h:17:18)...9093 expression(s) balanced.
INFO: [XFORM 203-11] Balancing expressions in function 'nnet::dense_latency<ap_fixed<16, 6, (ap_q_mode)5, (ap_o_mode)3, 0>, ap_fixed<37, 17, (ap_q_mode)5, (ap_o_mode)3, 0>, config2_mult>' (firmware/nnet_utils/nnet_dense_latency.h:17:32)...191 expression(s) balanced.
INFO: [HLS 200-111] Finished Loop, function and other optimizations: CPU user time: 11.1 seconds. CPU system time: 0.03 seconds. Elapsed time: 11.19 seconds; current allocated memory: 517.266 MB.
INFO: [XFORM 203-541] Flattening a loop nest 'ReadInputHeight' (firmware/nnet_utils/nnet_conv2d_stream.h:25:5) in function 'nnet::conv_2d_cl<nnet::array<ap_fixed<16, 6, (ap_q_mode)5, (ap_o_mode)3, 0>, 32u>, nnet::array<ap_fixed<42, 22, (ap_q_mode)5, (ap_o_mode)3, 0>, 32u>, config4>'.
INFO: [XFORM 203-541] Flattening a loop nest 'ReadInputHeight' (firmware/nnet_utils/nnet_conv2d_stream.h:25:5) in function 'nnet::conv_2d_cl<nnet::array<ap_fixed<16, 6, (ap_q_mode)5, (ap_o_mode)3, 0>, 32u>, nnet::array<ap_fixed<42, 22, (ap_q_mode)5, (ap_o_mode)3, 0>, 16u>, config6>'.
INFO: [XFORM 203-541] Flattening a loop nest 'ReadInputHeight' (firmware/nnet_utils/nnet_conv2d_stream.h:25:5) in function 'nnet::conv_2d_cl<nnet::array<ap_fixed<16, 6, (ap_q_mode)5, (ap_o_mode)3, 0>, 1u>, nnet::array<ap_fixed<37, 17, (ap_q_mode)5, (ap_o_mode)3, 0>, 32u>, config2>'.
INFO: [HLS 200-111] Finished Architecture Synthesis: CPU user time: 5.36 seconds. CPU system time: 0.15 seconds. Elapsed time: 5.53 seconds; current allocated memory: 932.660 MB.
INFO: [HLS 200-10] Starting hardware synthesis ...
INFO: [HLS 200-10] Synthesizing 'myproject' ...
WARNING: [SYN 201-103] Legalizing function name 'zeropad2d_cl<array,array<ap_fixed<16,6,5,3,0>,1u>,config8>_Pipeline_PadTopWidth' to 'zeropad2d_cl_array_array_ap_fixed_16_6_5_3_0_1u_config8_Pipeline_PadTopWidth'.
WARNING: [SYN 201-103] Legalizing function name 'zeropad2d_cl<array,array<ap_fixed<16,6,5,3,0>,1u>,config8>_Pipeline_CopyMain' to 'zeropad2d_cl_array_array_ap_fixed_16_6_5_3_0_1u_config8_Pipeline_CopyMain'.
WARNING: [SYN 201-103] Legalizing function name 'zeropad2d_cl<array,array<ap_fixed,1u>,config8>_Pipeline_PadBottomWidth' to 'zeropad2d_cl_array_array_ap_fixed_1u_config8_Pipeline_PadBottomWidth'.
WARNING: [SYN 201-103] Legalizing function name 'zeropad2d_cl<array<ap_fixed,1u>,array<ap_fixed<16,6,5,3,0>,1u>,config8>' to 'zeropad2d_cl_array_ap_fixed_1u_array_ap_fixed_16_6_5_3_0_1u_config8_s'.
WARNING: [SYN 201-103] Legalizing function name 'shift_line_buffer<array<ap_fixed<16, 6, 5, 3, 0>, 1u>, config2>' to 'shift_line_buffer_array_ap_fixed_16_6_5_3_0_1u_config2_s'.
WARNING: [SYN 201-103] Legalizing function name 'dense_latency<ap_fixed<16, 6, 5, 3, 0>, ap_fixed<37, 17, 5, 3, 0>, config2_mult>' to 'dense_latency_ap_fixed_16_6_5_3_0_ap_fixed_37_17_5_3_0_config2_mult_s'.
WARNING: [SYN 201-103] Legalizing function name 'compute_output_buffer_2d<array,array<ap_fixed<37,17,5,3,0>,32u>,config2>' to 'compute_output_buffer_2d_array_array_ap_fixed_37_17_5_3_0_32u_config2_s'.
WARNING: [SYN 201-103] Legalizing function name 'conv_2d_cl<array<ap_fixed,1u>,array<ap_fixed<37,17,5,3,0>,32u>,config2>' to 'conv_2d_cl_array_ap_fixed_1u_array_ap_fixed_37_17_5_3_0_32u_config2_s'.
WARNING: [SYN 201-103] Legalizing function name 'relu<array<ap_fixed,32u>,array<ap_fixed<16,6,5,3,0>,32u>,relu_config3>' to 'relu_array_ap_fixed_32u_array_ap_fixed_16_6_5_3_0_32u_relu_config3_s'.
WARNING: [SYN 201-103] Legalizing function name 'zeropad2d_cl<array,array<ap_fixed<16,6,5,3,0>,32u>,config9>_Pipeline_PadTopWidth' to 'zeropad2d_cl_array_array_ap_fixed_16_6_5_3_0_32u_config9_Pipeline_PadTopWidth'.
WARNING: [SYN 201-103] Legalizing function name 'zeropad2d_cl<array,array<ap_fixed<16,6,5,3,0>,32u>,config9>_Pipeline_CopyMain' to 'zeropad2d_cl_array_array_ap_fixed_16_6_5_3_0_32u_config9_Pipeline_CopyMain'.
WARNING: [SYN 201-103] Legalizing function name 'zeropad2d_cl<array,array<ap_fixed,32u>,config9>_Pipeline_PadBottomWidth' to 'zeropad2d_cl_array_array_ap_fixed_32u_config9_Pipeline_PadBottomWidth'.
WARNING: [SYN 201-103] Legalizing function name 'zeropad2d_cl<array,array<ap_fixed<16,6,5,3,0>,32u>,config9>' to 'zeropad2d_cl_array_array_ap_fixed_16_6_5_3_0_32u_config9_s'.
WARNING: [SYN 201-103] Legalizing function name 'shift_line_buffer<array<ap_fixed<16, 6, 5, 3, 0>, 32u>, config4>' to 'shift_line_buffer_array_ap_fixed_16_6_5_3_0_32u_config4_s'.
WARNING: [SYN 201-103] Legalizing function name 'dense_latency<ap_fixed<16, 6, 5, 3, 0>, ap_fixed<42, 22, 5, 3, 0>, config4_mult>' to 'dense_latency_ap_fixed_16_6_5_3_0_ap_fixed_42_22_5_3_0_config4_mult_s'.
WARNING: [SYN 201-103] Legalizing function name 'compute_output_buffer_2d<array,array<ap_fixed<42,22,5,3,0>,32u>,config4>' to 'compute_output_buffer_2d_array_array_ap_fixed_42_22_5_3_0_32u_config4_s'.
WARNING: [SYN 201-103] Legalizing function name 'conv_2d_cl<array<ap_fixed,32u>,array<ap_fixed<42,22,5,3,0>,32u>,config4>' to 'conv_2d_cl_array_ap_fixed_32u_array_ap_fixed_42_22_5_3_0_32u_config4_s'.
WARNING: [SYN 201-103] Legalizing function name 'relu<array<ap_fixed,32u>,array<ap_fixed<16,6,5,3,0>,32u>,relu_config5>' to 'relu_array_ap_fixed_32u_array_ap_fixed_16_6_5_3_0_32u_relu_config5_s'.
WARNING: [SYN 201-103] Legalizing function name 'zeropad2d_cl<array,array<ap_fixed,32u>,config10>_Pipeline_PadTopWidth' to 'zeropad2d_cl_array_array_ap_fixed_32u_config10_Pipeline_PadTopWidth'.
WARNING: [SYN 201-103] Legalizing function name 'zeropad2d_cl<array,array<ap_fixed<16,6,5,3,0>,32u>,config10>_Pipeline_CopyMain' to 'zeropad2d_cl_array_array_ap_fixed_16_6_5_3_0_32u_config10_Pipeline_CopyMain'.
WARNING: [SYN 201-103] Legalizing function name 'zeropad2d_cl<array,array<ap_fixed,32u>,config10>_Pipeline_PadBottomWidth' to 'zeropad2d_cl_array_array_ap_fixed_32u_config10_Pipeline_PadBottomWidth'.
WARNING: [SYN 201-103] Legalizing function name 'zeropad2d_cl<array,array<ap_fixed<16,6,5,3,0>,32u>,config10>' to 'zeropad2d_cl_array_array_ap_fixed_16_6_5_3_0_32u_config10_s'.
WARNING: [SYN 201-103] Legalizing function name 'shift_line_buffer<array<ap_fixed<16, 6, 5, 3, 0>, 32u>, config6>' to 'shift_line_buffer_array_ap_fixed_16_6_5_3_0_32u_config6_s'.
WARNING: [SYN 201-103] Legalizing function name 'dense_latency<ap_fixed<16, 6, 5, 3, 0>, ap_fixed<42, 22, 5, 3, 0>, config6_mult>' to 'dense_latency_ap_fixed_16_6_5_3_0_ap_fixed_42_22_5_3_0_config6_mult_s'.
WARNING: [SYN 201-103] Legalizing function name 'compute_output_buffer_2d<array,array<ap_fixed<42,22,5,3,0>,16u>,config6>' to 'compute_output_buffer_2d_array_array_ap_fixed_42_22_5_3_0_16u_config6_s'.
WARNING: [SYN 201-103] Legalizing function name 'conv_2d_cl<array<ap_fixed,32u>,array<ap_fixed<42,22,5,3,0>,16u>,config6>' to 'conv_2d_cl_array_ap_fixed_32u_array_ap_fixed_42_22_5_3_0_16u_config6_s'.
WARNING: [SYN 201-103] Legalizing function name 'relu<array<ap_fixed,16u>,array<ap_fixed<16,6,5,3,0>,16u>,relu_config7>' to 'relu_array_ap_fixed_16u_array_ap_fixed_16_6_5_3_0_16u_relu_config7_s'.
INFO: [HLS 200-10] ----------------------------------------------------------------
INFO: [HLS 200-42] -- Implementing module 'zeropad2d_cl_array_array_ap_fixed_16_6_5_3_0_1u_config8_Pipeline_PadTopWidth' 
INFO: [HLS 200-10] ----------------------------------------------------------------
INFO: [SCHED 204-11] Starting scheduling ...
INFO: [SCHED 204-61] Pipelining loop 'PadTopWidth'.
INFO: [HLS 200-1470] Pipelining result : Target II = NA, Final II = 1, Depth = 2, loop 'PadTopWidth'
INFO: [SCHED 204-11] Finished scheduling.
INFO: [HLS 200-111] Finished Scheduling: CPU user time: 0.28 seconds. CPU system time: 0.06 seconds. Elapsed time: 0.35 seconds; current allocated memory: 936.938 MB.
INFO: [BIND 205-100] Starting micro-architecture generation ...
INFO: [BIND 205-101] Performing variable lifetime analysis.
INFO: [BIND 205-101] Exploring resource sharing.
INFO: [BIND 205-101] Binding ...
INFO: [BIND 205-100] Finished micro-architecture generation.
INFO: [HLS 200-111] Finished Binding: CPU user time: 0.01 seconds. CPU system time: 0 seconds. Elapsed time: 0.01 seconds; current allocated memory: 936.938 MB.
INFO: [HLS 200-10] ----------------------------------------------------------------
INFO: [HLS 200-42] -- Implementing module 'zeropad2d_cl_array_array_ap_fixed_16_6_5_3_0_1u_config8_Pipeline_CopyMain' 
INFO: [HLS 200-10] ----------------------------------------------------------------
INFO: [SCHED 204-11] Starting scheduling ...
INFO: [SCHED 204-61] Pipelining loop 'CopyMain'.
INFO: [HLS 200-1470] Pipelining result : Target II = NA, Final II = 1, Depth = 2, loop 'CopyMain'
INFO: [SCHED 204-11] Finished scheduling.
INFO: [HLS 200-111] Finished Scheduling: CPU user time: 0 seconds. CPU system time: 0 seconds. Elapsed time: 0 seconds; current allocated memory: 937.094 MB.
INFO: [BIND 205-100] Starting micro-architecture generation ...
INFO: [BIND 205-101] Performing variable lifetime analysis.
INFO: [BIND 205-101] Exploring resource sharing.
INFO: [BIND 205-101] Binding ...
INFO: [BIND 205-100] Finished micro-architecture generation.
INFO: [HLS 200-111] Finished Binding: CPU user time: 0 seconds. CPU system time: 0 seconds. Elapsed time: 0.01 seconds; current allocated memory: 937.094 MB.
INFO: [HLS 200-10] ----------------------------------------------------------------
INFO: [HLS 200-42] -- Implementing module 'zeropad2d_cl_array_array_ap_fixed_1u_config8_Pipeline_PadBottomWidth' 
INFO: [HLS 200-10] ----------------------------------------------------------------
INFO: [SCHED 204-11] Starting scheduling ...
INFO: [SCHED 204-61] Pipelining loop 'PadBottomWidth'.
INFO: [HLS 200-1470] Pipelining result : Target II = NA, Final II = 1, Depth = 2, loop 'PadBottomWidth'
INFO: [SCHED 204-11] Finished scheduling.
INFO: [HLS 200-111] Finished Scheduling: CPU user time: 0.01 seconds. CPU system time: 0 seconds. Elapsed time: 0 seconds; current allocated memory: 937.250 MB.
INFO: [BIND 205-100] Starting micro-architecture generation ...
INFO: [BIND 205-101] Performing variable lifetime analysis.
INFO: [BIND 205-101] Exploring resource sharing.
INFO: [BIND 205-101] Binding ...
INFO: [BIND 205-100] Finished micro-architecture generation.
INFO: [HLS 200-111] Finished Binding: CPU user time: 0 seconds. CPU system time: 0 seconds. Elapsed time: 0.01 seconds; current allocated memory: 937.250 MB.
INFO: [HLS 200-10] ----------------------------------------------------------------
INFO: [HLS 200-42] -- Implementing module 'zeropad2d_cl_array_ap_fixed_1u_array_ap_fixed_16_6_5_3_0_1u_config8_s' 
INFO: [HLS 200-10] ----------------------------------------------------------------
INFO: [SCHED 204-11] Starting scheduling ...
INFO: [SCHED 204-11] Finished scheduling.
INFO: [HLS 200-111] Finished Scheduling: CPU user time: 0.01 seconds. CPU system time: 0 seconds. Elapsed time: 0 seconds; current allocated memory: 937.508 MB.
INFO: [BIND 205-100] Starting micro-architecture generation ...
INFO: [BIND 205-101] Performing variable lifetime analysis.
INFO: [BIND 205-101] Exploring resource sharing.
INFO: [BIND 205-101] Binding ...
INFO: [BIND 205-100] Finished micro-architecture generation.
INFO: [HLS 200-111] Finished Binding: CPU user time: 0 seconds. CPU system time: 0 seconds. Elapsed time: 0.01 seconds; current allocated memory: 937.508 MB.
INFO: [HLS 200-10] ----------------------------------------------------------------
INFO: [HLS 200-42] -- Implementing module 'shift_line_buffer_array_ap_fixed_16_6_5_3_0_1u_config2_s' 
INFO: [HLS 200-10] ----------------------------------------------------------------
INFO: [SCHED 204-11] Starting scheduling ...
INFO: [SCHED 204-61] Pipelining function 'shift_line_buffer<array<ap_fixed<16, 6, 5, 3, 0>, 1u>, config2>'.
INFO: [HLS 200-1470] Pipelining result : Target II = 1, Final II = 1, Depth = 1, function 'shift_line_buffer<array<ap_fixed<16, 6, 5, 3, 0>, 1u>, config2>'
INFO: [SCHED 204-11] Finished scheduling.
INFO: [HLS 200-111] Finished Scheduling: CPU user time: 0.01 seconds. CPU system time: 0 seconds. Elapsed time: 0 seconds; current allocated memory: 937.508 MB.
INFO: [BIND 205-100] Starting micro-architecture generation ...
INFO: [BIND 205-101] Performing variable lifetime analysis.
INFO: [BIND 205-101] Exploring resource sharing.
INFO: [BIND 205-101] Binding ...
INFO: [BIND 205-100] Finished micro-architecture generation.
INFO: [HLS 200-111] Finished Binding: CPU user time: 0 seconds. CPU system time: 0 seconds. Elapsed time: 0.01 seconds; current allocated memory: 937.508 MB.
INFO: [HLS 200-10] ----------------------------------------------------------------
INFO: [HLS 200-42] -- Implementing module 'dense_latency_ap_fixed_16_6_5_3_0_ap_fixed_37_17_5_3_0_config2_mult_s' 
INFO: [HLS 200-10] ----------------------------------------------------------------
INFO: [SCHED 204-11] Starting scheduling ...
INFO: [SCHED 204-61] Pipelining function 'dense_latency<ap_fixed<16, 6, 5, 3, 0>, ap_fixed<37, 17, 5, 3, 0>, config2_mult>'.
INFO: [HLS 200-1470] Pipelining result : Target II = 1, Final II = 1, Depth = 5, function 'dense_latency<ap_fixed<16, 6, 5, 3, 0>, ap_fixed<37, 17, 5, 3, 0>, config2_mult>'
INFO: [SCHED 204-11] Finished scheduling.
INFO: [HLS 200-111] Finished Scheduling: CPU user time: 0.31 seconds. CPU system time: 0.01 seconds. Elapsed time: 0.31 seconds; current allocated memory: 947.137 MB.
INFO: [BIND 205-100] Starting micro-architecture generation ...
INFO: [BIND 205-101] Performing variable lifetime analysis.
INFO: [BIND 205-101] Exploring resource sharing.
INFO: [BIND 205-101] Binding ...
INFO: [BIND 205-100] Starting global binding ...
INFO: [BIND 205-100] Finished micro-architecture generation.
INFO: [HLS 200-111] Finished Binding: CPU user time: 0.17 seconds. CPU system time: 0.01 seconds. Elapsed time: 0.18 seconds; current allocated memory: 955.488 MB.
INFO: [HLS 200-10] ----------------------------------------------------------------
INFO: [HLS 200-42] -- Implementing module 'compute_output_buffer_2d_array_array_ap_fixed_37_17_5_3_0_32u_config2_s' 
INFO: [HLS 200-10] ----------------------------------------------------------------
INFO: [SCHED 204-11] Starting scheduling ...
INFO: [SCHED 204-61] Pipelining function 'compute_output_buffer_2d<array,array<ap_fixed<37,17,5,3,0>,32u>,config2>'.
WARNING: [HLS 200-880] The II Violation in module 'compute_output_buffer_2d_array_array_ap_fixed_37_17_5_3_0_32u_config2_s' (function 'compute_output_buffer_2d<array,array<ap_fixed<37,17,5,3,0>,32u>,config2>'): Unable to enforce a carried dependence constraint (II = 1, distance = 1, offset = 1) between 'call' operation 1184 bit ('tmp', firmware/nnet_utils/nnet_dense.h:54->firmware/nnet_utils/nnet_conv_stream.h:288) to 'dense_latency<ap_fixed<16, 6, 5, 3, 0>, ap_fixed<37, 17, 5, 3, 0>, config2_mult>' and 'call' operation ('_ln281', firmware/nnet_utils/nnet_conv_stream.h:281) to 'shift_line_buffer<array<ap_fixed<16, 6, 5, 3, 0>, 1u>, config2>'.
Resolution: For help on HLS 200-880 see docs.amd.com/access/sources/dita/topic?Doc_Version=2025.2%20English&url=ug1448-hls-guidance&resourceid=200-880.html
WARNING: [HLS 200-880] The II Violation in module 'compute_output_buffer_2d_array_array_ap_fixed_37_17_5_3_0_32u_config2_s' (function 'compute_output_buffer_2d<array,array<ap_fixed<37,17,5,3,0>,32u>,config2>'): Unable to enforce a carried dependence constraint (II = 2, distance = 1, offset = 1) between 'call' operation 1184 bit ('tmp', firmware/nnet_utils/nnet_dense.h:54->firmware/nnet_utils/nnet_conv_stream.h:288) to 'dense_latency<ap_fixed<16, 6, 5, 3, 0>, ap_fixed<37, 17, 5, 3, 0>, config2_mult>' and 'call' operation ('_ln281', firmware/nnet_utils/nnet_conv_stream.h:281) to 'shift_line_buffer<array<ap_fixed<16, 6, 5, 3, 0>, 1u>, config2>'.
Resolution: For help on HLS 200-880 see docs.amd.com/access/sources/dita/topic?Doc_Version=2025.2%20English&url=ug1448-hls-guidance&resourceid=200-880.html
WARNING: [HLS 200-880] The II Violation in module 'compute_output_buffer_2d_array_array_ap_fixed_37_17_5_3_0_32u_config2_s' (function 'compute_output_buffer_2d<array,array<ap_fixed<37,17,5,3,0>,32u>,config2>'): Unable to enforce a carried dependence constraint (II = 3, distance = 1, offset = 1) between 'call' operation 1184 bit ('tmp', firmware/nnet_utils/nnet_dense.h:54->firmware/nnet_utils/nnet_conv_stream.h:288) to 'dense_latency<ap_fixed<16, 6, 5, 3, 0>, ap_fixed<37, 17, 5, 3, 0>, config2_mult>' and 'call' operation ('_ln281', firmware/nnet_utils/nnet_conv_stream.h:281) to 'shift_line_buffer<array<ap_fixed<16, 6, 5, 3, 0>, 1u>, config2>'.
Resolution: For help on HLS 200-880 see docs.amd.com/access/sources/dita/topic?Doc_Version=2025.2%20English&url=ug1448-hls-guidance&resourceid=200-880.html
WARNING: [HLS 200-880] The II Violation in module 'compute_output_buffer_2d_array_array_ap_fixed_37_17_5_3_0_32u_config2_s' (function 'compute_output_buffer_2d<array,array<ap_fixed<37,17,5,3,0>,32u>,config2>'): Unable to enforce a carried dependence constraint (II = 4, distance = 1, offset = 1) between 'call' operation 1184 bit ('tmp', firmware/nnet_utils/nnet_dense.h:54->firmware/nnet_utils/nnet_conv_stream.h:288) to 'dense_latency<ap_fixed<16, 6, 5, 3, 0>, ap_fixed<37, 17, 5, 3, 0>, config2_mult>' and 'call' operation ('_ln281', firmware/nnet_utils/nnet_conv_stream.h:281) to 'shift_line_buffer<array<ap_fixed<16, 6, 5, 3, 0>, 1u>, config2>'.
Resolution: For help on HLS 200-880 see docs.amd.com/access/sources/dita/topic?Doc_Version=2025.2%20English&url=ug1448-hls-guidance&resourceid=200-880.html
WARNING: [HLS 200-880] The II Violation in module 'compute_output_buffer_2d_array_array_ap_fixed_37_17_5_3_0_32u_config2_s' (function 'compute_output_buffer_2d<array,array<ap_fixed<37,17,5,3,0>,32u>,config2>'): Unable to enforce a carried dependence constraint (II = 5, distance = 1, offset = 1) between 'call' operation 1184 bit ('tmp', firmware/nnet_utils/nnet_dense.h:54->firmware/nnet_utils/nnet_conv_stream.h:288) to 'dense_latency<ap_fixed<16, 6, 5, 3, 0>, ap_fixed<37, 17, 5, 3, 0>, config2_mult>' and 'call' operation ('_ln281', firmware/nnet_utils/nnet_conv_stream.h:281) to 'shift_line_buffer<array<ap_fixed<16, 6, 5, 3, 0>, 1u>, config2>'.
Resolution: For help on HLS 200-880 see docs.amd.com/access/sources/dita/topic?Doc_Version=2025.2%20English&url=ug1448-hls-guidance&resourceid=200-880.html
WARNING: [HLS 200-880] The II Violation in module 'compute_output_buffer_2d_array_array_ap_fixed_37_17_5_3_0_32u_config2_s' (function 'compute_output_buffer_2d<array,array<ap_fixed<37,17,5,3,0>,32u>,config2>'): Unable to enforce a carried dependence constraint (II = 6, distance = 1, offset = 1) between 'call' operation 1184 bit ('tmp', firmware/nnet_utils/nnet_dense.h:54->firmware/nnet_utils/nnet_conv_stream.h:288) to 'dense_latency<ap_fixed<16, 6, 5, 3, 0>, ap_fixed<37, 17, 5, 3, 0>, config2_mult>' and 'call' operation ('_ln281', firmware/nnet_utils/nnet_conv_stream.h:281) to 'shift_line_buffer<array<ap_fixed<16, 6, 5, 3, 0>, 1u>, config2>'.
Resolution: For help on HLS 200-880 see docs.amd.com/access/sources/dita/topic?Doc_Version=2025.2%20English&url=ug1448-hls-guidance&resourceid=200-880.html
INFO: [HLS 200-1470] Pipelining result : Target II = 1, Final II = 7, Depth = 8, function 'compute_output_buffer_2d<array,array<ap_fixed<37,17,5,3,0>,32u>,config2>'
INFO: [SCHED 204-11] Finished scheduling.
INFO: [HLS 200-111] Finished Scheduling: CPU user time: 0.06 seconds. CPU system time: 0 seconds. Elapsed time: 0.07 seconds; current allocated memory: 955.488 MB.
INFO: [BIND 205-100] Starting micro-architecture generation ...
INFO: [BIND 205-101] Performing variable lifetime analysis.
INFO: [BIND 205-101] Exploring resource sharing.
INFO: [BIND 205-101] Binding ...
INFO: [BIND 205-100] Finished micro-architecture generation.
INFO: [HLS 200-111] Finished Binding: CPU user time: 0.01 seconds. CPU system time: 0 seconds. Elapsed time: 0.01 seconds; current allocated memory: 955.488 MB.
INFO: [HLS 200-10] ----------------------------------------------------------------
INFO: [HLS 200-42] -- Implementing module 'conv_2d_cl_array_ap_fixed_1u_array_ap_fixed_37_17_5_3_0_32u_config2_s' 
INFO: [HLS 200-10] ----------------------------------------------------------------
INFO: [SCHED 204-11] Starting scheduling ...
INFO: [SCHED 204-61] Pipelining loop 'ReadInputHeight_ReadInputWidth'.
INFO: [HLS 200-1470] Pipelining result : Target II = 1, Final II = 7, Depth = 9, loop 'ReadInputHeight_ReadInputWidth'
INFO: [SCHED 204-11] Finished scheduling.
INFO: [HLS 200-111] Finished Scheduling: CPU user time: 0.02 seconds. CPU system time: 0 seconds. Elapsed time: 0.02 seconds; current allocated memory: 955.488 MB.
INFO: [BIND 205-100] Starting micro-architecture generation ...
INFO: [BIND 205-101] Performing variable lifetime analysis.
INFO: [BIND 205-101] Exploring resource sharing.
INFO: [BIND 205-101] Binding ...
INFO: [BIND 205-100] Finished micro-architecture generation.
INFO: [HLS 200-111] Finished Binding: CPU user time: 0 seconds. CPU system time: 0.01 seconds. Elapsed time: 0 seconds; current allocated memory: 955.488 MB.
INFO: [HLS 200-10] ----------------------------------------------------------------
INFO: [HLS 200-42] -- Implementing module 'relu_array_ap_fixed_32u_array_ap_fixed_16_6_5_3_0_32u_relu_config3_s' 
INFO: [HLS 200-10] ----------------------------------------------------------------
INFO: [SCHED 204-11] Starting scheduling ...
INFO: [SCHED 204-61] Pipelining loop 'ReLUActLoop'.
INFO: [HLS 200-1470] Pipelining result : Target II = NA, Final II = 1, Depth = 2, loop 'ReLUActLoop'
INFO: [SCHED 204-11] Finished scheduling.
INFO: [HLS 200-111] Finished Scheduling: CPU user time: 0.03 seconds. CPU system time: 0 seconds. Elapsed time: 0.04 seconds; current allocated memory: 955.488 MB.
INFO: [BIND 205-100] Starting micro-architecture generation ...
INFO: [BIND 205-101] Performing variable lifetime analysis.
INFO: [BIND 205-101] Exploring resource sharing.
INFO: [BIND 205-101] Binding ...
INFO: [BIND 205-100] Finished micro-architecture generation.
INFO: [HLS 200-111] Finished Binding: CPU user time: 0.01 seconds. CPU system time: 0 seconds. Elapsed time: 0.01 seconds; current allocated memory: 955.488 MB.
INFO: [HLS 200-10] ----------------------------------------------------------------
INFO: [HLS 200-42] -- Implementing module 'zeropad2d_cl_array_array_ap_fixed_16_6_5_3_0_32u_config9_Pipeline_PadTopWidth' 
INFO: [HLS 200-10] ----------------------------------------------------------------
INFO: [SCHED 204-11] Starting scheduling ...
INFO: [SCHED 204-61] Pipelining loop 'PadTopWidth'.
INFO: [HLS 200-1470] Pipelining result : Target II = NA, Final II = 1, Depth = 2, loop 'PadTopWidth'
INFO: [SCHED 204-11] Finished scheduling.
INFO: [HLS 200-111] Finished Scheduling: CPU user time: 0.02 seconds. CPU system time: 0 seconds. Elapsed time: 0.01 seconds; current allocated memory: 955.488 MB.
INFO: [BIND 205-100] Starting micro-architecture generation ...
INFO: [BIND 205-101] Performing variable lifetime analysis.
INFO: [BIND 205-101] Exploring resource sharing.
INFO: [BIND 205-101] Binding ...
INFO: [BIND 205-100] Finished micro-architecture generation.
INFO: [HLS 200-111] Finished Binding: CPU user time: 0 seconds. CPU system time: 0 seconds. Elapsed time: 0 seconds; current allocated memory: 955.488 MB.
INFO: [HLS 200-10] ----------------------------------------------------------------
INFO: [HLS 200-42] -- Implementing module 'zeropad2d_cl_array_array_ap_fixed_16_6_5_3_0_32u_config9_Pipeline_CopyMain' 
INFO: [HLS 200-10] ----------------------------------------------------------------
INFO: [SCHED 204-11] Starting scheduling ...
INFO: [SCHED 204-61] Pipelining loop 'CopyMain'.
INFO: [HLS 200-1470] Pipelining result : Target II = NA, Final II = 1, Depth = 2, loop 'CopyMain'
INFO: [SCHED 204-11] Finished scheduling.
INFO: [HLS 200-111] Finished Scheduling: CPU user time: 0.01 seconds. CPU system time: 0 seconds. Elapsed time: 0 seconds; current allocated memory: 955.488 MB.
INFO: [BIND 205-100] Starting micro-architecture generation ...
INFO: [BIND 205-101] Performing variable lifetime analysis.
INFO: [BIND 205-101] Exploring resource sharing.
INFO: [BIND 205-101] Binding ...
INFO: [BIND 205-100] Finished micro-architecture generation.
INFO: [HLS 200-111] Finished Binding: CPU user time: 0 seconds. CPU system time: 0 seconds. Elapsed time: 0 seconds; current allocated memory: 955.488 MB.
INFO: [HLS 200-10] ----------------------------------------------------------------
INFO: [HLS 200-42] -- Implementing module 'zeropad2d_cl_array_array_ap_fixed_32u_config9_Pipeline_PadBottomWidth' 
INFO: [HLS 200-10] ----------------------------------------------------------------
INFO: [SCHED 204-11] Starting scheduling ...
INFO: [SCHED 204-61] Pipelining loop 'PadBottomWidth'.
INFO: [HLS 200-1470] Pipelining result : Target II = NA, Final II = 1, Depth = 2, loop 'PadBottomWidth'
INFO: [SCHED 204-11] Finished scheduling.
INFO: [HLS 200-111] Finished Scheduling: CPU user time: 0 seconds. CPU system time: 0 seconds. Elapsed time: 0.01 seconds; current allocated memory: 955.488 MB.
INFO: [BIND 205-100] Starting micro-architecture generation ...
INFO: [BIND 205-101] Performing variable lifetime analysis.
INFO: [BIND 205-101] Exploring resource sharing.
INFO: [BIND 205-101] Binding ...
INFO: [BIND 205-100] Finished micro-architecture generation.
INFO: [HLS 200-111] Finished Binding: CPU user time: 0 seconds. CPU system time: 0 seconds. Elapsed time: 0 seconds; current allocated memory: 955.488 MB.
INFO: [HLS 200-10] ----------------------------------------------------------------
INFO: [HLS 200-42] -- Implementing module 'zeropad2d_cl_array_array_ap_fixed_16_6_5_3_0_32u_config9_s' 
INFO: [HLS 200-10] ----------------------------------------------------------------
INFO: [SCHED 204-11] Starting scheduling ...
INFO: [SCHED 204-11] Finished scheduling.
INFO: [HLS 200-111] Finished Scheduling: CPU user time: 0 seconds. CPU system time: 0 seconds. Elapsed time: 0.01 seconds; current allocated memory: 955.488 MB.
INFO: [BIND 205-100] Starting micro-architecture generation ...
INFO: [BIND 205-101] Performing variable lifetime analysis.
INFO: [BIND 205-101] Exploring resource sharing.
INFO: [BIND 205-101] Binding ...
INFO: [BIND 205-100] Finished micro-architecture generation.
INFO: [HLS 200-111] Finished Binding: CPU user time: 0.01 seconds. CPU system time: 0 seconds. Elapsed time: 0 seconds; current allocated memory: 955.488 MB.
INFO: [HLS 200-10] ----------------------------------------------------------------
INFO: [HLS 200-42] -- Implementing module 'shift_line_buffer_array_ap_fixed_16_6_5_3_0_32u_config4_s' 
INFO: [HLS 200-10] ----------------------------------------------------------------
INFO: [SCHED 204-11] Starting scheduling ...
INFO: [SCHED 204-61] Pipelining function 'shift_line_buffer<array<ap_fixed<16, 6, 5, 3, 0>, 32u>, config4>'.
INFO: [HLS 200-1470] Pipelining result : Target II = 1, Final II = 1, Depth = 1, function 'shift_line_buffer<array<ap_fixed<16, 6, 5, 3, 0>, 32u>, config4>'
INFO: [SCHED 204-11] Finished scheduling.
INFO: [HLS 200-111] Finished Scheduling: CPU user time: 0.09 seconds. CPU system time: 0 seconds. Elapsed time: 0.09 seconds; current allocated memory: 956.219 MB.
INFO: [BIND 205-100] Starting micro-architecture generation ...
INFO: [BIND 205-101] Performing variable lifetime analysis.
INFO: [BIND 205-101] Exploring resource sharing.
INFO: [BIND 205-101] Binding ...
INFO: [BIND 205-100] Finished micro-architecture generation.
INFO: [HLS 200-111] Finished Binding: CPU user time: 0.02 seconds. CPU system time: 0 seconds. Elapsed time: 0.03 seconds; current allocated memory: 956.395 MB.
INFO: [HLS 200-10] ----------------------------------------------------------------
INFO: [HLS 200-42] -- Implementing module 'dense_latency_ap_fixed_16_6_5_3_0_ap_fixed_42_22_5_3_0_config4_mult_s' 
INFO: [HLS 200-10] ----------------------------------------------------------------
INFO: [SCHED 204-11] Starting scheduling ...
INFO: [SCHED 204-61] Pipelining function 'dense_latency<ap_fixed<16, 6, 5, 3, 0>, ap_fixed<42, 22, 5, 3, 0>, config4_mult>'.
INFO: [HLS 200-1470] Pipelining result : Target II = 1, Final II = 1, Depth = 17, function 'dense_latency<ap_fixed<16, 6, 5, 3, 0>, ap_fixed<42, 22, 5, 3, 0>, config4_mult>'
INFO: [SCHED 204-11] Finished scheduling.
INFO: [HLS 200-111] Finished Scheduling: CPU user time: 35.36 seconds. CPU system time: 0.16 seconds. Elapsed time: 35.67 seconds; current allocated memory: 1.238 GB.
INFO: [BIND 205-100] Starting micro-architecture generation ...
INFO: [BIND 205-101] Performing variable lifetime analysis.
INFO: [BIND 205-101] Exploring resource sharing.
INFO: [BIND 205-101] Binding ...
INFO: [BIND 205-100] Starting global binding ...
INFO: [BIND 205-100] Finished micro-architecture generation.
INFO: [HLS 200-111] Finished Binding: CPU user time: 153.52 seconds. CPU system time: 4.57 seconds. Elapsed time: 158.78 seconds; current allocated memory: 5.671 GB.
INFO: [HLS 200-10] ----------------------------------------------------------------
INFO: [HLS 200-42] -- Implementing module 'compute_output_buffer_2d_array_array_ap_fixed_42_22_5_3_0_32u_config4_s' 
INFO: [HLS 200-10] ----------------------------------------------------------------
INFO: [SCHED 204-11] Starting scheduling ...
INFO: [SCHED 204-61] Pipelining function 'compute_output_buffer_2d<array,array<ap_fixed<42,22,5,3,0>,32u>,config4>'.
WARNING: [HLS 200-880] The II Violation in module 'compute_output_buffer_2d_array_array_ap_fixed_42_22_5_3_0_32u_config4_s' (function 'compute_output_buffer_2d<array,array<ap_fixed<42,22,5,3,0>,32u>,config4>'): Unable to enforce a carried dependence constraint (II = 1, distance = 1, offset = 1) between 'call' operation 1344 bit ('tmp', firmware/nnet_utils/nnet_dense.h:54->firmware/nnet_utils/nnet_conv_stream.h:288) to 'dense_latency<ap_fixed<16, 6, 5, 3, 0>, ap_fixed<42, 22, 5, 3, 0>, config4_mult>' and 'call' operation ('_ln281', firmware/nnet_utils/nnet_conv_stream.h:281) to 'shift_line_buffer<array<ap_fixed<16, 6, 5, 3, 0>, 32u>, config4>'.
Resolution: For help on HLS 200-880 see docs.amd.com/access/sources/dita/topic?Doc_Version=2025.2%20English&url=ug1448-hls-guidance&resourceid=200-880.html
WARNING: [HLS 200-880] The II Violation in module 'compute_output_buffer_2d_array_array_ap_fixed_42_22_5_3_0_32u_config4_s' (function 'compute_output_buffer_2d<array,array<ap_fixed<42,22,5,3,0>,32u>,config4>'): Unable to enforce a carried dependence constraint (II = 2, distance = 1, offset = 1) between 'call' operation 1344 bit ('tmp', firmware/nnet_utils/nnet_dense.h:54->firmware/nnet_utils/nnet_conv_stream.h:288) to 'dense_latency<ap_fixed<16, 6, 5, 3, 0>, ap_fixed<42, 22, 5, 3, 0>, config4_mult>' and 'call' operation ('_ln281', firmware/nnet_utils/nnet_conv_stream.h:281) to 'shift_line_buffer<array<ap_fixed<16, 6, 5, 3, 0>, 32u>, config4>'.
Resolution: For help on HLS 200-880 see docs.amd.com/access/sources/dita/topic?Doc_Version=2025.2%20English&url=ug1448-hls-guidance&resourceid=200-880.html
WARNING: [HLS 200-880] The II Violation in module 'compute_output_buffer_2d_array_array_ap_fixed_42_22_5_3_0_32u_config4_s' (function 'compute_output_buffer_2d<array,array<ap_fixed<42,22,5,3,0>,32u>,config4>'): Unable to enforce a carried dependence constraint (II = 3, distance = 1, offset = 1) between 'call' operation 1344 bit ('tmp', firmware/nnet_utils/nnet_dense.h:54->firmware/nnet_utils/nnet_conv_stream.h:288) to 'dense_latency<ap_fixed<16, 6, 5, 3, 0>, ap_fixed<42, 22, 5, 3, 0>, config4_mult>' and 'call' operation ('_ln281', firmware/nnet_utils/nnet_conv_stream.h:281) to 'shift_line_buffer<array<ap_fixed<16, 6, 5, 3, 0>, 32u>, config4>'.
Resolution: For help on HLS 200-880 see docs.amd.com/access/sources/dita/topic?Doc_Version=2025.2%20English&url=ug1448-hls-guidance&resourceid=200-880.html
WARNING: [HLS 200-880] The II Violation in module 'compute_output_buffer_2d_array_array_ap_fixed_42_22_5_3_0_32u_config4_s' (function 'compute_output_buffer_2d<array,array<ap_fixed<42,22,5,3,0>,32u>,config4>'): Unable to enforce a carried dependence constraint (II = 4, distance = 1, offset = 1) between 'call' operation 1344 bit ('tmp', firmware/nnet_utils/nnet_dense.h:54->firmware/nnet_utils/nnet_conv_stream.h:288) to 'dense_latency<ap_fixed<16, 6, 5, 3, 0>, ap_fixed<42, 22, 5, 3, 0>, config4_mult>' and 'call' operation ('_ln281', firmware/nnet_utils/nnet_conv_stream.h:281) to 'shift_line_buffer<array<ap_fixed<16, 6, 5, 3, 0>, 32u>, config4>'.
Resolution: For help on HLS 200-880 see docs.amd.com/access/sources/dita/topic?Doc_Version=2025.2%20English&url=ug1448-hls-guidance&resourceid=200-880.html
WARNING: [HLS 200-880] The II Violation in module 'compute_output_buffer_2d_array_array_ap_fixed_42_22_5_3_0_32u_config4_s' (function 'compute_output_buffer_2d<array,array<ap_fixed<42,22,5,3,0>,32u>,config4>'): Unable to enforce a carried dependence constraint (II = 11, distance = 1, offset = 1) between 'call' operation 1344 bit ('tmp', firmware/nnet_utils/nnet_dense.h:54->firmware/nnet_utils/nnet_conv_stream.h:288) to 'dense_latency<ap_fixed<16, 6, 5, 3, 0>, ap_fixed<42, 22, 5, 3, 0>, config4_mult>' and 'call' operation ('_ln281', firmware/nnet_utils/nnet_conv_stream.h:281) to 'shift_line_buffer<array<ap_fixed<16, 6, 5, 3, 0>, 32u>, config4>'.
Resolution: For help on HLS 200-880 see docs.amd.com/access/sources/dita/topic?Doc_Version=2025.2%20English&url=ug1448-hls-guidance&resourceid=200-880.html
WARNING: [HLS 200-880] The II Violation in module 'compute_output_buffer_2d_array_array_ap_fixed_42_22_5_3_0_32u_config4_s' (function 'compute_output_buffer_2d<array,array<ap_fixed<42,22,5,3,0>,32u>,config4>'): Unable to enforce a carried dependence constraint (II = 15, distance = 1, offset = 1) between 'call' operation 1344 bit ('tmp', firmware/nnet_utils/nnet_dense.h:54->firmware/nnet_utils/nnet_conv_stream.h:288) to 'dense_latency<ap_fixed<16, 6, 5, 3, 0>, ap_fixed<42, 22, 5, 3, 0>, config4_mult>' and 'call' operation ('_ln281', firmware/nnet_utils/nnet_conv_stream.h:281) to 'shift_line_buffer<array<ap_fixed<16, 6, 5, 3, 0>, 32u>, config4>'.
Resolution: For help on HLS 200-880 see docs.amd.com/access/sources/dita/topic?Doc_Version=2025.2%20English&url=ug1448-hls-guidance&resourceid=200-880.html
WARNING: [HLS 200-880] The II Violation in module 'compute_output_buffer_2d_array_array_ap_fixed_42_22_5_3_0_32u_config4_s' (function 'compute_output_buffer_2d<array,array<ap_fixed<42,22,5,3,0>,32u>,config4>'): Unable to enforce a carried dependence constraint (II = 17, distance = 1, offset = 1) between 'call' operation 1344 bit ('tmp', firmware/nnet_utils/nnet_dense.h:54->firmware/nnet_utils/nnet_conv_stream.h:288) to 'dense_latency<ap_fixed<16, 6, 5, 3, 0>, ap_fixed<42, 22, 5, 3, 0>, config4_mult>' and 'call' operation ('_ln281', firmware/nnet_utils/nnet_conv_stream.h:281) to 'shift_line_buffer<array<ap_fixed<16, 6, 5, 3, 0>, 32u>, config4>'.
Resolution: For help on HLS 200-880 see docs.amd.com/access/sources/dita/topic?Doc_Version=2025.2%20English&url=ug1448-hls-guidance&resourceid=200-880.html
WARNING: [HLS 200-880] The II Violation in module 'compute_output_buffer_2d_array_array_ap_fixed_42_22_5_3_0_32u_config4_s' (function 'compute_output_buffer_2d<array,array<ap_fixed<42,22,5,3,0>,32u>,config4>'): Unable to enforce a carried dependence constraint (II = 18, distance = 1, offset = 1) between 'call' operation 1344 bit ('tmp', firmware/nnet_utils/nnet_dense.h:54->firmware/nnet_utils/nnet_conv_stream.h:288) to 'dense_latency<ap_fixed<16, 6, 5, 3, 0>, ap_fixed<42, 22, 5, 3, 0>, config4_mult>' and 'call' operation ('_ln281', firmware/nnet_utils/nnet_conv_stream.h:281) to 'shift_line_buffer<array<ap_fixed<16, 6, 5, 3, 0>, 32u>, config4>'.
Resolution: For help on HLS 200-880 see docs.amd.com/access/sources/dita/topic?Doc_Version=2025.2%20English&url=ug1448-hls-guidance&resourceid=200-880.html
INFO: [HLS 200-1470] Pipelining result : Target II = 1, Final II = 19, Depth = 20, function 'compute_output_buffer_2d<array,array<ap_fixed<42,22,5,3,0>,32u>,config4>'
INFO: [SCHED 204-11] Finished scheduling.
INFO: [HLS 200-111] Finished Scheduling: CPU user time: 1.46 seconds. CPU system time: 0.15 seconds. Elapsed time: 1.62 seconds; current allocated memory: 5.671 GB.
INFO: [BIND 205-100] Starting micro-architecture generation ...
INFO: [BIND 205-101] Performing variable lifetime analysis.
INFO: [BIND 205-101] Exploring resource sharing.
INFO: [BIND 205-101] Binding ...
INFO: [BIND 205-100] Finished micro-architecture generation.
INFO: [HLS 200-111] Finished Binding: CPU user time: 0.11 seconds. CPU system time: 0 seconds. Elapsed time: 0.12 seconds; current allocated memory: 5.671 GB.
INFO: [HLS 200-10] ----------------------------------------------------------------
INFO: [HLS 200-42] -- Implementing module 'conv_2d_cl_array_ap_fixed_32u_array_ap_fixed_42_22_5_3_0_32u_config4_s' 
INFO: [HLS 200-10] ----------------------------------------------------------------
INFO: [SCHED 204-11] Starting scheduling ...
INFO: [SCHED 204-61] Pipelining loop 'ReadInputHeight_ReadInputWidth'.
INFO: [HLS 200-1470] Pipelining result : Target II = 1, Final II = 19, Depth = 21, loop 'ReadInputHeight_ReadInputWidth'
INFO: [SCHED 204-11] Finished scheduling.
INFO: [HLS 200-111] Finished Scheduling: CPU user time: 0.3 seconds. CPU system time: 0.01 seconds. Elapsed time: 0.3 seconds; current allocated memory: 5.671 GB.
INFO: [BIND 205-100] Starting micro-architecture generation ...
INFO: [BIND 205-101] Performing variable lifetime analysis.
INFO: [BIND 205-101] Exploring resource sharing.
INFO: [BIND 205-101] Binding ...
INFO: [BIND 205-100] Finished micro-architecture generation.
INFO: [HLS 200-111] Finished Binding: CPU user time: 0.11 seconds. CPU system time: 0 seconds. Elapsed time: 0.11 seconds; current allocated memory: 5.671 GB.
INFO: [HLS 200-10] ----------------------------------------------------------------
INFO: [HLS 200-42] -- Implementing module 'relu_array_ap_fixed_32u_array_ap_fixed_16_6_5_3_0_32u_relu_config5_s' 
INFO: [HLS 200-10] ----------------------------------------------------------------
INFO: [SCHED 204-11] Starting scheduling ...
INFO: [SCHED 204-61] Pipelining loop 'ReLUActLoop'.
INFO: [HLS 200-1470] Pipelining result : Target II = NA, Final II = 1, Depth = 2, loop 'ReLUActLoop'
INFO: [SCHED 204-11] Finished scheduling.
INFO: [HLS 200-111] Finished Scheduling: CPU user time: 0.3 seconds. CPU system time: 0 seconds. Elapsed time: 0.31 seconds; current allocated memory: 5.671 GB.
INFO: [BIND 205-100] Starting micro-architecture generation ...
INFO: [BIND 205-101] Performing variable lifetime analysis.
INFO: [BIND 205-101] Exploring resource sharing.
INFO: [BIND 205-101] Binding ...
INFO: [BIND 205-100] Finished micro-architecture generation.
INFO: [HLS 200-111] Finished Binding: CPU user time: 0.01 seconds. CPU system time: 0 seconds. Elapsed time: 0.01 seconds; current allocated memory: 5.671 GB.
INFO: [HLS 200-10] ----------------------------------------------------------------
INFO: [HLS 200-42] -- Implementing module 'zeropad2d_cl_array_array_ap_fixed_32u_config10_Pipeline_PadTopWidth' 
INFO: [HLS 200-10] ----------------------------------------------------------------
INFO: [SCHED 204-11] Starting scheduling ...
INFO: [SCHED 204-61] Pipelining loop 'PadTopWidth'.
INFO: [HLS 200-1470] Pipelining result : Target II = NA, Final II = 1, Depth = 2, loop 'PadTopWidth'
INFO: [SCHED 204-11] Finished scheduling.
INFO: [HLS 200-111] Finished Scheduling: CPU user time: 0.01 seconds. CPU system time: 0.01 seconds. Elapsed time: 0.02 seconds; current allocated memory: 5.671 GB.
INFO: [BIND 205-100] Starting micro-architecture generation ...
INFO: [BIND 205-101] Performing variable lifetime analysis.
INFO: [BIND 205-101] Exploring resource sharing.
INFO: [BIND 205-101] Binding ...
INFO: [BIND 205-100] Finished micro-architecture generation.
INFO: [HLS 200-111] Finished Binding: CPU user time: 0.01 seconds. CPU system time: 0 seconds. Elapsed time: 0 seconds; current allocated memory: 5.671 GB.
INFO: [HLS 200-10] ----------------------------------------------------------------
INFO: [HLS 200-42] -- Implementing module 'zeropad2d_cl_array_array_ap_fixed_16_6_5_3_0_32u_config10_Pipeline_CopyMain' 
INFO: [HLS 200-10] ----------------------------------------------------------------
INFO: [SCHED 204-11] Starting scheduling ...
INFO: [SCHED 204-61] Pipelining loop 'CopyMain'.
INFO: [HLS 200-1470] Pipelining result : Target II = NA, Final II = 1, Depth = 2, loop 'CopyMain'
INFO: [SCHED 204-11] Finished scheduling.
INFO: [HLS 200-111] Finished Scheduling: CPU user time: 0 seconds. CPU system time: 0 seconds. Elapsed time: 0.01 seconds; current allocated memory: 5.671 GB.
INFO: [BIND 205-100] Starting micro-architecture generation ...
INFO: [BIND 205-101] Performing variable lifetime analysis.
INFO: [BIND 205-101] Exploring resource sharing.
INFO: [BIND 205-101] Binding ...
INFO: [BIND 205-100] Finished micro-architecture generation.
INFO: [HLS 200-111] Finished Binding: CPU user time: 0.01 seconds. CPU system time: 0 seconds. Elapsed time: 0 seconds; current allocated memory: 5.671 GB.
INFO: [HLS 200-10] ----------------------------------------------------------------
INFO: [HLS 200-42] -- Implementing module 'zeropad2d_cl_array_array_ap_fixed_32u_config10_Pipeline_PadBottomWidth' 
INFO: [HLS 200-10] ----------------------------------------------------------------
INFO: [SCHED 204-11] Starting scheduling ...
INFO: [SCHED 204-61] Pipelining loop 'PadBottomWidth'.
INFO: [HLS 200-1470] Pipelining result : Target II = NA, Final II = 1, Depth = 2, loop 'PadBottomWidth'
INFO: [SCHED 204-11] Finished scheduling.
INFO: [HLS 200-111] Finished Scheduling: CPU user time: 0 seconds. CPU system time: 0 seconds. Elapsed time: 0.01 seconds; current allocated memory: 5.671 GB.
INFO: [BIND 205-100] Starting micro-architecture generation ...
INFO: [BIND 205-101] Performing variable lifetime analysis.
INFO: [BIND 205-101] Exploring resource sharing.
INFO: [BIND 205-101] Binding ...
INFO: [BIND 205-100] Finished micro-architecture generation.
INFO: [HLS 200-111] Finished Binding: CPU user time: 0 seconds. CPU system time: 0 seconds. Elapsed time: 0 seconds; current allocated memory: 5.671 GB.
INFO: [HLS 200-10] ----------------------------------------------------------------
INFO: [HLS 200-42] -- Implementing module 'zeropad2d_cl_array_array_ap_fixed_16_6_5_3_0_32u_config10_s' 
INFO: [HLS 200-10] ----------------------------------------------------------------
INFO: [SCHED 204-11] Starting scheduling ...
INFO: [SCHED 204-11] Finished scheduling.
INFO: [HLS 200-111] Finished Scheduling: CPU user time: 0.01 seconds. CPU system time: 0 seconds. Elapsed time: 0.01 seconds; current allocated memory: 5.671 GB.
INFO: [BIND 205-100] Starting micro-architecture generation ...
INFO: [BIND 205-101] Performing variable lifetime analysis.
INFO: [BIND 205-101] Exploring resource sharing.
INFO: [BIND 205-101] Binding ...
INFO: [BIND 205-100] Finished micro-architecture generation.
INFO: [HLS 200-111] Finished Binding: CPU user time: 0 seconds. CPU system time: 0 seconds. Elapsed time: 0 seconds; current allocated memory: 5.671 GB.
INFO: [HLS 200-10] ----------------------------------------------------------------
INFO: [HLS 200-42] -- Implementing module 'shift_line_buffer_array_ap_fixed_16_6_5_3_0_32u_config6_s' 
INFO: [HLS 200-10] ----------------------------------------------------------------
INFO: [SCHED 204-11] Starting scheduling ...
INFO: [SCHED 204-61] Pipelining function 'shift_line_buffer<array<ap_fixed<16, 6, 5, 3, 0>, 32u>, config6>'.
INFO: [HLS 200-1470] Pipelining result : Target II = 1, Final II = 1, Depth = 1, function 'shift_line_buffer<array<ap_fixed<16, 6, 5, 3, 0>, 32u>, config6>'
INFO: [SCHED 204-11] Finished scheduling.
INFO: [HLS 200-111] Finished Scheduling: CPU user time: 0.09 seconds. CPU system time: 0 seconds. Elapsed time: 0.09 seconds; current allocated memory: 5.671 GB.
INFO: [BIND 205-100] Starting micro-architecture generation ...
INFO: [BIND 205-101] Performing variable lifetime analysis.
INFO: [BIND 205-101] Exploring resource sharing.
INFO: [BIND 205-101] Binding ...
INFO: [BIND 205-100] Finished micro-architecture generation.
INFO: [HLS 200-111] Finished Binding: CPU user time: 0.03 seconds. CPU system time: 0 seconds. Elapsed time: 0.03 seconds; current allocated memory: 5.671 GB.
INFO: [HLS 200-10] ----------------------------------------------------------------
INFO: [HLS 200-42] -- Implementing module 'dense_latency_ap_fixed_16_6_5_3_0_ap_fixed_42_22_5_3_0_config6_mult_s' 
INFO: [HLS 200-10] ----------------------------------------------------------------
INFO: [SCHED 204-11] Starting scheduling ...
INFO: [SCHED 204-61] Pipelining function 'dense_latency<ap_fixed<16, 6, 5, 3, 0>, ap_fixed<42, 22, 5, 3, 0>, config6_mult>'.
INFO: [HLS 200-1470] Pipelining result : Target II = 1, Final II = 1, Depth = 17, function 'dense_latency<ap_fixed<16, 6, 5, 3, 0>, ap_fixed<42, 22, 5, 3, 0>, config6_mult>'
INFO: [SCHED 204-11] Finished scheduling.
INFO: [HLS 200-111] Finished Scheduling: CPU user time: 11.64 seconds. CPU system time: 0.01 seconds. Elapsed time: 11.7 seconds; current allocated memory: 5.671 GB.
INFO: [BIND 205-100] Starting micro-architecture generation ...
INFO: [BIND 205-101] Performing variable lifetime analysis.
INFO: [BIND 205-101] Exploring resource sharing.
INFO: [BIND 205-101] Binding ...
INFO: [BIND 205-100] Starting global binding ...
INFO: [BIND 205-100] Finished micro-architecture generation.
INFO: [HLS 200-111] Finished Binding: CPU user time: 37.24 seconds. CPU system time: 0.33 seconds. Elapsed time: 37.73 seconds; current allocated memory: 6.210 GB.
INFO: [HLS 200-10] ----------------------------------------------------------------
INFO: [HLS 200-42] -- Implementing module 'compute_output_buffer_2d_array_array_ap_fixed_42_22_5_3_0_16u_config6_s' 
INFO: [HLS 200-10] ----------------------------------------------------------------
INFO: [SCHED 204-11] Starting scheduling ...
INFO: [SCHED 204-61] Pipelining function 'compute_output_buffer_2d<array,array<ap_fixed<42,22,5,3,0>,16u>,config6>'.
WARNING: [HLS 200-880] The II Violation in module 'compute_output_buffer_2d_array_array_ap_fixed_42_22_5_3_0_16u_config6_s' (function 'compute_output_buffer_2d<array,array<ap_fixed<42,22,5,3,0>,16u>,config6>'): Unable to enforce a carried dependence constraint (II = 1, distance = 1, offset = 1) between 'call' operation 672 bit ('tmp', firmware/nnet_utils/nnet_dense.h:54->firmware/nnet_utils/nnet_conv_stream.h:288) to 'dense_latency<ap_fixed<16, 6, 5, 3, 0>, ap_fixed<42, 22, 5, 3, 0>, config6_mult>' and 'call' operation ('_ln281', firmware/nnet_utils/nnet_conv_stream.h:281) to 'shift_line_buffer<array<ap_fixed<16, 6, 5, 3, 0>, 32u>, config6>'.
Resolution: For help on HLS 200-880 see docs.amd.com/access/sources/dita/topic?Doc_Version=2025.2%20English&url=ug1448-hls-guidance&resourceid=200-880.html
WARNING: [HLS 200-880] The II Violation in module 'compute_output_buffer_2d_array_array_ap_fixed_42_22_5_3_0_16u_config6_s' (function 'compute_output_buffer_2d<array,array<ap_fixed<42,22,5,3,0>,16u>,config6>'): Unable to enforce a carried dependence constraint (II = 2, distance = 1, offset = 1) between 'call' operation 672 bit ('tmp', firmware/nnet_utils/nnet_dense.h:54->firmware/nnet_utils/nnet_conv_stream.h:288) to 'dense_latency<ap_fixed<16, 6, 5, 3, 0>, ap_fixed<42, 22, 5, 3, 0>, config6_mult>' and 'call' operation ('_ln281', firmware/nnet_utils/nnet_conv_stream.h:281) to 'shift_line_buffer<array<ap_fixed<16, 6, 5, 3, 0>, 32u>, config6>'.
Resolution: For help on HLS 200-880 see docs.amd.com/access/sources/dita/topic?Doc_Version=2025.2%20English&url=ug1448-hls-guidance&resourceid=200-880.html
WARNING: [HLS 200-880] The II Violation in module 'compute_output_buffer_2d_array_array_ap_fixed_42_22_5_3_0_16u_config6_s' (function 'compute_output_buffer_2d<array,array<ap_fixed<42,22,5,3,0>,16u>,config6>'): Unable to enforce a carried dependence constraint (II = 3, distance = 1, offset = 1) between 'call' operation 672 bit ('tmp', firmware/nnet_utils/nnet_dense.h:54->firmware/nnet_utils/nnet_conv_stream.h:288) to 'dense_latency<ap_fixed<16, 6, 5, 3, 0>, ap_fixed<42, 22, 5, 3, 0>, config6_mult>' and 'call' operation ('_ln281', firmware/nnet_utils/nnet_conv_stream.h:281) to 'shift_line_buffer<array<ap_fixed<16, 6, 5, 3, 0>, 32u>, config6>'.
Resolution: For help on HLS 200-880 see docs.amd.com/access/sources/dita/topic?Doc_Version=2025.2%20English&url=ug1448-hls-guidance&resourceid=200-880.html
WARNING: [HLS 200-880] The II Violation in module 'compute_output_buffer_2d_array_array_ap_fixed_42_22_5_3_0_16u_config6_s' (function 'compute_output_buffer_2d<array,array<ap_fixed<42,22,5,3,0>,16u>,config6>'): Unable to enforce a carried dependence constraint (II = 4, distance = 1, offset = 1) between 'call' operation 672 bit ('tmp', firmware/nnet_utils/nnet_dense.h:54->firmware/nnet_utils/nnet_conv_stream.h:288) to 'dense_latency<ap_fixed<16, 6, 5, 3, 0>, ap_fixed<42, 22, 5, 3, 0>, config6_mult>' and 'call' operation ('_ln281', firmware/nnet_utils/nnet_conv_stream.h:281) to 'shift_line_buffer<array<ap_fixed<16, 6, 5, 3, 0>, 32u>, config6>'.
Resolution: For help on HLS 200-880 see docs.amd.com/access/sources/dita/topic?Doc_Version=2025.2%20English&url=ug1448-hls-guidance&resourceid=200-880.html
WARNING: [HLS 200-880] The II Violation in module 'compute_output_buffer_2d_array_array_ap_fixed_42_22_5_3_0_16u_config6_s' (function 'compute_output_buffer_2d<array,array<ap_fixed<42,22,5,3,0>,16u>,config6>'): Unable to enforce a carried dependence constraint (II = 11, distance = 1, offset = 1) between 'call' operation 672 bit ('tmp', firmware/nnet_utils/nnet_dense.h:54->firmware/nnet_utils/nnet_conv_stream.h:288) to 'dense_latency<ap_fixed<16, 6, 5, 3, 0>, ap_fixed<42, 22, 5, 3, 0>, config6_mult>' and 'call' operation ('_ln281', firmware/nnet_utils/nnet_conv_stream.h:281) to 'shift_line_buffer<array<ap_fixed<16, 6, 5, 3, 0>, 32u>, config6>'.
Resolution: For help on HLS 200-880 see docs.amd.com/access/sources/dita/topic?Doc_Version=2025.2%20English&url=ug1448-hls-guidance&resourceid=200-880.html
WARNING: [HLS 200-880] The II Violation in module 'compute_output_buffer_2d_array_array_ap_fixed_42_22_5_3_0_16u_config6_s' (function 'compute_output_buffer_2d<array,array<ap_fixed<42,22,5,3,0>,16u>,config6>'): Unable to enforce a carried dependence constraint (II = 15, distance = 1, offset = 1) between 'call' operation 672 bit ('tmp', firmware/nnet_utils/nnet_dense.h:54->firmware/nnet_utils/nnet_conv_stream.h:288) to 'dense_latency<ap_fixed<16, 6, 5, 3, 0>, ap_fixed<42, 22, 5, 3, 0>, config6_mult>' and 'call' operation ('_ln281', firmware/nnet_utils/nnet_conv_stream.h:281) to 'shift_line_buffer<array<ap_fixed<16, 6, 5, 3, 0>, 32u>, config6>'.
Resolution: For help on HLS 200-880 see docs.amd.com/access/sources/dita/topic?Doc_Version=2025.2%20English&url=ug1448-hls-guidance&resourceid=200-880.html
WARNING: [HLS 200-880] The II Violation in module 'compute_output_buffer_2d_array_array_ap_fixed_42_22_5_3_0_16u_config6_s' (function 'compute_output_buffer_2d<array,array<ap_fixed<42,22,5,3,0>,16u>,config6>'): Unable to enforce a carried dependence constraint (II = 17, distance = 1, offset = 1) between 'call' operation 672 bit ('tmp', firmware/nnet_utils/nnet_dense.h:54->firmware/nnet_utils/nnet_conv_stream.h:288) to 'dense_latency<ap_fixed<16, 6, 5, 3, 0>, ap_fixed<42, 22, 5, 3, 0>, config6_mult>' and 'call' operation ('_ln281', firmware/nnet_utils/nnet_conv_stream.h:281) to 'shift_line_buffer<array<ap_fixed<16, 6, 5, 3, 0>, 32u>, config6>'.
Resolution: For help on HLS 200-880 see docs.amd.com/access/sources/dita/topic?Doc_Version=2025.2%20English&url=ug1448-hls-guidance&resourceid=200-880.html
WARNING: [HLS 200-880] The II Violation in module 'compute_output_buffer_2d_array_array_ap_fixed_42_22_5_3_0_16u_config6_s' (function 'compute_output_buffer_2d<array,array<ap_fixed<42,22,5,3,0>,16u>,config6>'): Unable to enforce a carried dependence constraint (II = 18, distance = 1, offset = 1) between 'call' operation 672 bit ('tmp', firmware/nnet_utils/nnet_dense.h:54->firmware/nnet_utils/nnet_conv_stream.h:288) to 'dense_latency<ap_fixed<16, 6, 5, 3, 0>, ap_fixed<42, 22, 5, 3, 0>, config6_mult>' and 'call' operation ('_ln281', firmware/nnet_utils/nnet_conv_stream.h:281) to 'shift_line_buffer<array<ap_fixed<16, 6, 5, 3, 0>, 32u>, config6>'.
Resolution: For help on HLS 200-880 see docs.amd.com/access/sources/dita/topic?Doc_Version=2025.2%20English&url=ug1448-hls-guidance&resourceid=200-880.html
INFO: [HLS 200-1470] Pipelining result : Target II = 1, Final II = 19, Depth = 20, function 'compute_output_buffer_2d<array,array<ap_fixed<42,22,5,3,0>,16u>,config6>'
INFO: [SCHED 204-11] Finished scheduling.
INFO: [HLS 200-111] Finished Scheduling: CPU user time: 0.76 seconds. CPU system time: 0.07 seconds. Elapsed time: 0.84 seconds; current allocated memory: 6.210 GB.
INFO: [BIND 205-100] Starting micro-architecture generation ...
INFO: [BIND 205-101] Performing variable lifetime analysis.
INFO: [BIND 205-101] Exploring resource sharing.
INFO: [BIND 205-101] Binding ...
INFO: [BIND 205-100] Finished micro-architecture generation.
INFO: [HLS 200-111] Finished Binding: CPU user time: 0.06 seconds. CPU system time: 0 seconds. Elapsed time: 0.06 seconds; current allocated memory: 6.210 GB.
INFO: [HLS 200-10] ----------------------------------------------------------------
INFO: [HLS 200-42] -- Implementing module 'conv_2d_cl_array_ap_fixed_32u_array_ap_fixed_42_22_5_3_0_16u_config6_s' 
INFO: [HLS 200-10] ----------------------------------------------------------------
INFO: [SCHED 204-11] Starting scheduling ...
INFO: [SCHED 204-61] Pipelining loop 'ReadInputHeight_ReadInputWidth'.
INFO: [HLS 200-1470] Pipelining result : Target II = 1, Final II = 19, Depth = 21, loop 'ReadInputHeight_ReadInputWidth'
INFO: [SCHED 204-11] Finished scheduling.
INFO: [HLS 200-111] Finished Scheduling: CPU user time: 0.16 seconds. CPU system time: 0 seconds. Elapsed time: 0.16 seconds; current allocated memory: 6.210 GB.
INFO: [BIND 205-100] Starting micro-architecture generation ...
INFO: [BIND 205-101] Performing variable lifetime analysis.
INFO: [BIND 205-101] Exploring resource sharing.
INFO: [BIND 205-101] Binding ...
INFO: [BIND 205-100] Finished micro-architecture generation.
INFO: [HLS 200-111] Finished Binding: CPU user time: 0.06 seconds. CPU system time: 0.01 seconds. Elapsed time: 0.06 seconds; current allocated memory: 6.210 GB.
INFO: [HLS 200-10] ----------------------------------------------------------------
INFO: [HLS 200-42] -- Implementing module 'relu_array_ap_fixed_16u_array_ap_fixed_16_6_5_3_0_16u_relu_config7_s' 
INFO: [HLS 200-10] ----------------------------------------------------------------
INFO: [SCHED 204-11] Starting scheduling ...
INFO: [SCHED 204-61] Pipelining loop 'ReLUActLoop'.
INFO: [HLS 200-1470] Pipelining result : Target II = NA, Final II = 1, Depth = 3, loop 'ReLUActLoop'
INFO: [SCHED 204-11] Finished scheduling.
INFO: [HLS 200-111] Finished Scheduling: CPU user time: 0.16 seconds. CPU system time: 0 seconds. Elapsed time: 0.16 seconds; current allocated memory: 6.210 GB.
INFO: [BIND 205-100] Starting micro-architecture generation ...
INFO: [BIND 205-101] Performing variable lifetime analysis.
INFO: [BIND 205-101] Exploring resource sharing.
INFO: [BIND 205-101] Binding ...
INFO: [BIND 205-100] Finished micro-architecture generation.
INFO: [HLS 200-111] Finished Binding: CPU user time: 0.01 seconds. CPU system time: 0 seconds. Elapsed time: 0.01 seconds; current allocated memory: 6.210 GB.
INFO: [HLS 200-10] ----------------------------------------------------------------
INFO: [HLS 200-42] -- Implementing module 'myproject' 
INFO: [HLS 200-10] ----------------------------------------------------------------
INFO: [SCHED 204-11] Starting scheduling ...
INFO: [SCHED 204-11] Finished scheduling.
INFO: [HLS 200-111] Finished Scheduling: CPU user time: 0.01 seconds. CPU system time: 0 seconds. Elapsed time: 0.01 seconds; current allocated memory: 6.210 GB.
INFO: [BIND 205-100] Starting micro-architecture generation ...
INFO: [BIND 205-101] Performing variable lifetime analysis.
INFO: [BIND 205-101] Exploring resource sharing.
INFO: [BIND 205-101] Binding ...
INFO: [BIND 205-100] Finished micro-architecture generation.
INFO: [HLS 200-111] Finished Binding: CPU user time: 0.16 seconds. CPU system time: 0 seconds. Elapsed time: 0.16 seconds; current allocated memory: 6.210 GB.
INFO: [HLS 200-10] ----------------------------------------------------------------
INFO: [HLS 200-10] -- Generating RTL for module 'zeropad2d_cl_array_array_ap_fixed_16_6_5_3_0_1u_config8_Pipeline_PadTopWidth' 
INFO: [HLS 200-10] ----------------------------------------------------------------
INFO: [HLS 200-1030] Apply Unified Pipeline Control on module 'zeropad2d_cl_array_array_ap_fixed_16_6_5_3_0_1u_config8_Pipeline_PadTopWidth' pipeline 'PadTopWidth' pipeline type 'loop pipeline'
INFO: [RTGEN 206-100] Finished creating RTL model for 'zeropad2d_cl_array_array_ap_fixed_16_6_5_3_0_1u_config8_Pipeline_PadTopWidth'.
INFO: [HLS 200-111] Finished Creating RTL model: CPU user time: 0.46 seconds. CPU system time: 0.01 seconds. Elapsed time: 0.49 seconds; current allocated memory: 6.210 GB.
INFO: [HLS 200-10] ----------------------------------------------------------------
INFO: [HLS 200-10] -- Generating RTL for module 'zeropad2d_cl_array_array_ap_fixed_16_6_5_3_0_1u_config8_Pipeline_CopyMain' 
INFO: [HLS 200-10] ----------------------------------------------------------------
INFO: [HLS 200-1030] Apply Unified Pipeline Control on module 'zeropad2d_cl_array_array_ap_fixed_16_6_5_3_0_1u_config8_Pipeline_CopyMain' pipeline 'CopyMain' pipeline type 'loop pipeline'
INFO: [RTGEN 206-100] Finished creating RTL model for 'zeropad2d_cl_array_array_ap_fixed_16_6_5_3_0_1u_config8_Pipeline_CopyMain'.
INFO: [HLS 200-111] Finished Creating RTL model: CPU user time: 0.02 seconds. CPU system time: 0 seconds. Elapsed time: 0.02 seconds; current allocated memory: 6.210 GB.
INFO: [HLS 200-10] ----------------------------------------------------------------
INFO: [HLS 200-10] -- Generating RTL for module 'zeropad2d_cl_array_array_ap_fixed_1u_config8_Pipeline_PadBottomWidth' 
INFO: [HLS 200-10] ----------------------------------------------------------------
INFO: [HLS 200-1030] Apply Unified Pipeline Control on module 'zeropad2d_cl_array_array_ap_fixed_1u_config8_Pipeline_PadBottomWidth' pipeline 'PadBottomWidth' pipeline type 'loop pipeline'
INFO: [RTGEN 206-100] Finished creating RTL model for 'zeropad2d_cl_array_array_ap_fixed_1u_config8_Pipeline_PadBottomWidth'.
INFO: [HLS 200-111] Finished Creating RTL model: CPU user time: 0.01 seconds. CPU system time: 0.01 seconds. Elapsed time: 0.02 seconds; current allocated memory: 6.210 GB.
INFO: [HLS 200-10] ----------------------------------------------------------------
INFO: [HLS 200-10] -- Generating RTL for module 'zeropad2d_cl_array_ap_fixed_1u_array_ap_fixed_16_6_5_3_0_1u_config8_s' 
INFO: [HLS 200-10] ----------------------------------------------------------------
INFO: [RTGEN 206-100] Finished creating RTL model for 'zeropad2d_cl_array_ap_fixed_1u_array_ap_fixed_16_6_5_3_0_1u_config8_s'.
INFO: [HLS 200-111] Finished Creating RTL model: CPU user time: 0.01 seconds. CPU system time: 0 seconds. Elapsed time: 0.01 seconds; current allocated memory: 6.210 GB.
INFO: [HLS 200-10] ----------------------------------------------------------------
INFO: [HLS 200-10] -- Generating RTL for module 'shift_line_buffer_array_ap_fixed_16_6_5_3_0_1u_config2_s' 
INFO: [HLS 200-10] ----------------------------------------------------------------
INFO: [SYN 201-210] Renamed object name 'shift_line_buffer_array_ap_fixed_16_6_5_3_0_1u_config2_s_void_conv_2d_buffer_latency_cl_stream_stream_weight_t_bias_t_line_buffer_1_SHIFTREG_AUTO_0R0W' to 'shift_line_buffer_array_ap_fixed_16_6_5_3_0_1u_config2_s_void_conv_2d_buffer_bkb' due to the length limit 80
INFO: [SYN 201-210] Renamed object name 'shift_line_buffer_array_ap_fixed_16_6_5_3_0_1u_config2_s_void_conv_2d_buffer_latency_cl_stream_stream_weight_t_bias_t_line_buffer_SHIFTREG_AUTO_0R0W' to 'shift_line_buffer_array_ap_fixed_16_6_5_3_0_1u_config2_s_void_conv_2d_buffer_cud' due to the length limit 80
INFO: [RTGEN 206-100] Finished creating RTL model for 'shift_line_buffer_array_ap_fixed_16_6_5_3_0_1u_config2_s'.
INFO: [HLS 200-111] Finished Creating RTL model: CPU user time: 0.02 seconds. CPU system time: 0 seconds. Elapsed time: 0.02 seconds; current allocated memory: 6.210 GB.
INFO: [HLS 200-10] ----------------------------------------------------------------
INFO: [HLS 200-10] -- Generating RTL for module 'dense_latency_ap_fixed_16_6_5_3_0_ap_fixed_37_17_5_3_0_config2_mult_s' 
INFO: [HLS 200-10] ----------------------------------------------------------------
INFO: [RTGEN 206-104] Estimated max fanout for 'dense_latency_ap_fixed_16_6_5_3_0_ap_fixed_37_17_5_3_0_config2_mult_s' is 8753 from HDL expression: ((1'b0 == ap_block_pp0_stage0_11001) & (1'b1 == ap_ce_reg))
INFO: [RTGEN 206-100] Generating core module 'mul_16s_10ns_26_1_0': 1 instance(s).
INFO: [RTGEN 206-100] Generating core module 'mul_16s_10s_26_1_0': 1 instance(s).
INFO: [RTGEN 206-100] Generating core module 'mul_16s_5s_20_1_0': 1 instance(s).
INFO: [RTGEN 206-100] Generating core module 'mul_16s_6ns_22_1_0': 5 instance(s).
INFO: [RTGEN 206-100] Generating core module 'mul_16s_6s_21_1_0': 2 instance(s).
INFO: [RTGEN 206-100] Generating core module 'mul_16s_6s_22_1_0': 8 instance(s).
INFO: [RTGEN 206-100] Generating core module 'mul_16s_7ns_22_1_0': 5 instance(s).
INFO: [RTGEN 206-100] Generating core module 'mul_16s_7ns_23_1_0': 15 instance(s).
INFO: [RTGEN 206-100] Generating core module 'mul_16s_7s_22_1_0': 5 instance(s).
INFO: [RTGEN 206-100] Generating core module 'mul_16s_7s_23_1_0': 18 instance(s).
INFO: [RTGEN 206-100] Generating core module 'mul_16s_8ns_23_1_0': 9 instance(s).
INFO: [RTGEN 206-100] Generating core module 'mul_16s_8ns_24_1_0': 33 instance(s).
INFO: [RTGEN 206-100] Generating core module 'mul_16s_8s_23_1_0': 10 instance(s).
INFO: [RTGEN 206-100] Generating core module 'mul_16s_8s_24_1_0': 36 instance(s).
INFO: [RTGEN 206-100] Generating core module 'mul_16s_9ns_24_1_0': 14 instance(s).
INFO: [RTGEN 206-100] Generating core module 'mul_16s_9ns_25_1_0': 21 instance(s).
INFO: [RTGEN 206-100] Generating core module 'mul_16s_9s_24_1_0': 6 instance(s).
INFO: [RTGEN 206-100] Generating core module 'mul_16s_9s_25_1_0': 13 instance(s).
INFO: [RTGEN 206-100] Finished creating RTL model for 'dense_latency_ap_fixed_16_6_5_3_0_ap_fixed_37_17_5_3_0_config2_mult_s'.
INFO: [HLS 200-111] Finished Creating RTL model: CPU user time: 0.15 seconds. CPU system time: 0 seconds. Elapsed time: 0.16 seconds; current allocated memory: 6.210 GB.
INFO: [HLS 200-10] ----------------------------------------------------------------
INFO: [HLS 200-10] -- Generating RTL for module 'compute_output_buffer_2d_array_array_ap_fixed_37_17_5_3_0_32u_config2_s' 
INFO: [HLS 200-10] ----------------------------------------------------------------
WARNING: [RTGEN 206-101] Register 'void_compute_output_buffer_2d_array_const_ap_shift_reg_n_chan_stream_weig_27' is power-on initialization.
WARNING: [RTGEN 206-101] Register 'void_compute_output_buffer_2d_array_const_ap_shift_reg_n_chan_stream_weig_28' is power-on initialization.
WARNING: [RTGEN 206-101] Register 'void_compute_output_buffer_2d_array_const_ap_shift_reg_n_chan_stream_weig_24' is power-on initialization.
WARNING: [RTGEN 206-101] Register 'void_compute_output_buffer_2d_array_const_ap_shift_reg_n_chan_stream_weig_25' is power-on initialization.
WARNING: [RTGEN 206-101] Register 'void_compute_output_buffer_2d_array_const_ap_shift_reg_n_chan_stream_weig_21' is power-on initialization.
WARNING: [RTGEN 206-101] Register 'void_compute_output_buffer_2d_array_const_ap_shift_reg_n_chan_stream_weig_22' is power-on initialization.
WARNING: [RTGEN 206-101] Register 'void_compute_output_buffer_2d_array_const_ap_shift_reg_n_chan_stream_weig_26' is power-on initialization.
WARNING: [RTGEN 206-101] Register 'void_compute_output_buffer_2d_array_const_ap_shift_reg_n_chan_stream_weig_23' is power-on initialization.
WARNING: [RTGEN 206-101] Register 'void_compute_output_buffer_2d_array_const_ap_shift_reg_n_chan_stream_weig_20' is power-on initialization.
WARNING: [RTGEN 206-101] Register 'sX_2' is power-on initialization.
WARNING: [RTGEN 206-101] Register 'sY_2' is power-on initialization.
WARNING: [RTGEN 206-101] Register 'pY_2' is power-on initialization.
WARNING: [RTGEN 206-101] Register 'pX_2' is power-on initialization.
INFO: [HLS 200-1030] Apply Unified Pipeline Control on module 'compute_output_buffer_2d_array_array_ap_fixed_37_17_5_3_0_32u_config2_s' pipeline 'compute_output_buffer_2d<array,array<ap_fixed<37,17,5,3,0>,32u>,config2>' pipeline type 'function pipeline'
INFO: [RTGEN 206-104] Estimated max fanout for 'compute_output_buffer_2d_array_array_ap_fixed_37_17_5_3_0_32u_config2_s' is 12449 from HDL expression: ((1'b1 == ap_ce) & (((1'b0 == ap_block_pp0_stage6_11001_ignoreCallOp54) & (1'b1 == ap_CS_fsm_pp0_stage6)) | ((1'b0 == ap_block_pp0_stage5_11001_ignoreCallOp53) & (1'b1 == ap_CS_fsm_pp0_stage5)) | ((1'b0 == ap_block_pp0_stage4_11001_ignoreCallOp52) & (1'b1 == ap_CS_fsm_pp0_stage4)) | ((1'b0 == ap_block_pp0_stage3_11001_ignoreCallOp51) & (1'b1 == ap_CS_fsm_pp0_stage3)) | ((1'b0 == ap_block_pp0_stage2_11001_ignoreCallOp50) & (1'b1 == ap_CS_fsm_pp0_stage2)) | ((1'b0 == ap_block_pp0_stage1_11001_ignoreCallOp43) & (1'b1 == ap_CS_fsm_pp0_stage1))))
INFO: [RTGEN 206-100] Finished creating RTL model for 'compute_output_buffer_2d_array_array_ap_fixed_37_17_5_3_0_32u_config2_s'.
INFO: [HLS 200-111] Finished Creating RTL model: CPU user time: 0.25 seconds. CPU system time: 0.03 seconds. Elapsed time: 0.28 seconds; current allocated memory: 6.210 GB.
INFO: [HLS 200-10] ----------------------------------------------------------------
INFO: [HLS 200-10] -- Generating RTL for module 'conv_2d_cl_array_ap_fixed_1u_array_ap_fixed_37_17_5_3_0_32u_config2_s' 
INFO: [HLS 200-10] ----------------------------------------------------------------
INFO: [HLS 200-1030] Apply Unified Pipeline Control on module 'conv_2d_cl_array_ap_fixed_1u_array_ap_fixed_37_17_5_3_0_32u_config2_s' pipeline 'ReadInputHeight_ReadInputWidth' pipeline type 'loop pipeline'
INFO: [RTGEN 206-104] Estimated max fanout for 'conv_2d_cl_array_ap_fixed_1u_array_ap_fixed_37_17_5_3_0_32u_config2_s' is 14879 from HDL expression: (((1'b0 == ap_block_pp0_stage0_11001_ignoreCallOp29) & (1'b1 == ap_CS_fsm_pp0_stage0)) | ((1'b0 == ap_block_pp0_stage6_11001_ignoreCallOp28) & (1'b1 == ap_CS_fsm_pp0_stage6)) | ((1'b0 == ap_block_pp0_stage5_11001_ignoreCallOp27) & (1'b1 == ap_CS_fsm_pp0_stage5)) | ((1'b0 == ap_block_pp0_stage4_11001_ignoreCallOp26) & (1'b1 == ap_CS_fsm_pp0_stage4)) | ((1'b0 == ap_block_pp0_stage3_11001_ignoreCallOp25) & (1'b1 == ap_CS_fsm_pp0_stage3)) | ((1'b0 == ap_block_pp0_stage2_11001_ignoreCallOp24) & (1'b1 == ap_CS_fsm_pp0_stage2)) | ((1'b0 == ap_block_pp0_stage1_11001_ignoreCallOp23_grp1) & (1'b1 == ap_CS_fsm_pp0_stage1)))
INFO: [RTGEN 206-100] Finished creating RTL model for 'conv_2d_cl_array_ap_fixed_1u_array_ap_fixed_37_17_5_3_0_32u_config2_s'.
INFO: [HLS 200-111] Finished Creating RTL model: CPU user time: 0.04 seconds. CPU system time: 0.01 seconds. Elapsed time: 0.04 seconds; current allocated memory: 6.210 GB.
INFO: [HLS 200-10] ----------------------------------------------------------------
INFO: [HLS 200-10] -- Generating RTL for module 'relu_array_ap_fixed_32u_array_ap_fixed_16_6_5_3_0_32u_relu_config3_s' 
INFO: [HLS 200-10] ----------------------------------------------------------------
INFO: [HLS 200-1030] Apply Unified Pipeline Control on module 'relu_array_ap_fixed_32u_array_ap_fixed_16_6_5_3_0_32u_relu_config3_s' pipeline 'ReLUActLoop' pipeline type 'loop pipeline'
INFO: [RTGEN 206-100] Finished creating RTL model for 'relu_array_ap_fixed_32u_array_ap_fixed_16_6_5_3_0_32u_relu_config3_s'.
INFO: [HLS 200-111] Finished Creating RTL model: CPU user time: 0.04 seconds. CPU system time: 0 seconds. Elapsed time: 0.05 seconds; current allocated memory: 6.210 GB.
INFO: [HLS 200-10] ----------------------------------------------------------------
INFO: [HLS 200-10] -- Generating RTL for module 'zeropad2d_cl_array_array_ap_fixed_16_6_5_3_0_32u_config9_Pipeline_PadTopWidth' 
INFO: [HLS 200-10] ----------------------------------------------------------------
INFO: [HLS 200-1030] Apply Unified Pipeline Control on module 'zeropad2d_cl_array_array_ap_fixed_16_6_5_3_0_32u_config9_Pipeline_PadTopWidth' pipeline 'PadTopWidth' pipeline type 'loop pipeline'
INFO: [RTGEN 206-100] Finished creating RTL model for 'zeropad2d_cl_array_array_ap_fixed_16_6_5_3_0_32u_config9_Pipeline_PadTopWidth'.
INFO: [HLS 200-111] Finished Creating RTL model: CPU user time: 0.04 seconds. CPU system time: 0.01 seconds. Elapsed time: 0.05 seconds; current allocated memory: 6.210 GB.
INFO: [HLS 200-10] ----------------------------------------------------------------
INFO: [HLS 200-10] -- Generating RTL for module 'zeropad2d_cl_array_array_ap_fixed_16_6_5_3_0_32u_config9_Pipeline_CopyMain' 
INFO: [HLS 200-10] ----------------------------------------------------------------
INFO: [HLS 200-1030] Apply Unified Pipeline Control on module 'zeropad2d_cl_array_array_ap_fixed_16_6_5_3_0_32u_config9_Pipeline_CopyMain' pipeline 'CopyMain' pipeline type 'loop pipeline'
INFO: [RTGEN 206-100] Finished creating RTL model for 'zeropad2d_cl_array_array_ap_fixed_16_6_5_3_0_32u_config9_Pipeline_CopyMain'.
INFO: [HLS 200-111] Finished Creating RTL model: CPU user time: 0.02 seconds. CPU system time: 0 seconds. Elapsed time: 0.02 seconds; current allocated memory: 6.210 GB.
INFO: [HLS 200-10] ----------------------------------------------------------------
INFO: [HLS 200-10] -- Generating RTL for module 'zeropad2d_cl_array_array_ap_fixed_32u_config9_Pipeline_PadBottomWidth' 
INFO: [HLS 200-10] ----------------------------------------------------------------
INFO: [HLS 200-1030] Apply Unified Pipeline Control on module 'zeropad2d_cl_array_array_ap_fixed_32u_config9_Pipeline_PadBottomWidth' pipeline 'PadBottomWidth' pipeline type 'loop pipeline'
INFO: [RTGEN 206-100] Finished creating RTL model for 'zeropad2d_cl_array_array_ap_fixed_32u_config9_Pipeline_PadBottomWidth'.
INFO: [HLS 200-111] Finished Creating RTL model: CPU user time: 0.01 seconds. CPU system time: 0.01 seconds. Elapsed time: 0.02 seconds; current allocated memory: 6.210 GB.
INFO: [HLS 200-10] ----------------------------------------------------------------
INFO: [HLS 200-10] -- Generating RTL for module 'zeropad2d_cl_array_array_ap_fixed_16_6_5_3_0_32u_config9_s' 
INFO: [HLS 200-10] ----------------------------------------------------------------
INFO: [RTGEN 206-100] Finished creating RTL model for 'zeropad2d_cl_array_array_ap_fixed_16_6_5_3_0_32u_config9_s'.
INFO: [HLS 200-111] Finished Creating RTL model: CPU user time: 0.02 seconds. CPU system time: 0 seconds. Elapsed time: 0.02 seconds; current allocated memory: 6.210 GB.
INFO: [HLS 200-10] ----------------------------------------------------------------
INFO: [HLS 200-10] -- Generating RTL for module 'shift_line_buffer_array_ap_fixed_16_6_5_3_0_32u_config4_s' 
INFO: [HLS 200-10] ----------------------------------------------------------------
INFO: [SYN 201-210] Renamed object name 'shift_line_buffer_array_ap_fixed_16_6_5_3_0_32u_config4_s_p_ZZN4nnet25conv_2d_buffer_latency_clINS_5arrayI8ap_fixedILi16ELi6EL9ap_q_mode5EL_63_SHIFTREG_AUTO_0R0W' to 'shift_line_buffer_array_ap_fixed_16_6_5_3_0_32u_config4_s_p_ZZN4nnet25conv_2ddEe' due to the length limit 80
INFO: [SYN 201-210] Renamed object name 'shift_line_buffer_array_ap_fixed_16_6_5_3_0_32u_config4_s_p_ZZN4nnet25conv_2d_buffer_latency_clINS_5arrayI8ap_fixedILi16ELi6EL9ap_q_mode5EL_31_SHIFTREG_AUTO_0R0W' to 'shift_line_buffer_array_ap_fixed_16_6_5_3_0_32u_config4_s_p_ZZN4nnet25conv_2deOg' due to the length limit 80
INFO: [SYN 201-210] Renamed object name 'shift_line_buffer_array_ap_fixed_16_6_5_3_0_32u_config4_s_p_ZZN4nnet25conv_2d_buffer_latency_clINS_5arrayI8ap_fixedILi16ELi6EL9ap_q_mode5EL_62_SHIFTREG_AUTO_0R0W' to 'shift_line_buffer_array_ap_fixed_16_6_5_3_0_32u_config4_s_p_ZZN4nnet25conv_2dfYi' due to the length limit 80
INFO: [SYN 201-210] Renamed object name 'shift_line_buffer_array_ap_fixed_16_6_5_3_0_32u_config4_s_p_ZZN4nnet25conv_2d_buffer_latency_clINS_5arrayI8ap_fixedILi16ELi6EL9ap_q_mode5EL_30_SHIFTREG_AUTO_0R0W' to 'shift_line_buffer_array_ap_fixed_16_6_5_3_0_32u_config4_s_p_ZZN4nnet25conv_2dg8j' due to the length limit 80
INFO: [SYN 201-210] Renamed object name 'shift_line_buffer_array_ap_fixed_16_6_5_3_0_32u_config4_s_p_ZZN4nnet25conv_2d_buffer_latency_clINS_5arrayI8ap_fixedILi16ELi6EL9ap_q_mode5EL_51_SHIFTREG_AUTO_0R0W' to 'shift_line_buffer_array_ap_fixed_16_6_5_3_0_32u_config4_s_p_ZZN4nnet25conv_2dhbi' due to the length limit 80
INFO: [SYN 201-210] Renamed object name 'shift_line_buffer_array_ap_fixed_16_6_5_3_0_32u_config4_s_p_ZZN4nnet25conv_2d_buffer_latency_clINS_5arrayI8ap_fixedILi16ELi6EL9ap_q_mode5EL_19_SHIFTREG_AUTO_0R0W' to 'shift_line_buffer_array_ap_fixed_16_6_5_3_0_32u_config4_s_p_ZZN4nnet25conv_2dibs' due to the length limit 80
INFO: [SYN 201-210] Renamed object name 'shift_line_buffer_array_ap_fixed_16_6_5_3_0_32u_config4_s_p_ZZN4nnet25conv_2d_buffer_latency_clINS_5arrayI8ap_fixedILi16ELi6EL9ap_q_mode5EL_40_SHIFTREG_AUTO_0R0W' to 'shift_line_buffer_array_ap_fixed_16_6_5_3_0_32u_config4_s_p_ZZN4nnet25conv_2djbC' due to the length limit 80
INFO: [SYN 201-210] Renamed object name 'shift_line_buffer_array_ap_fixed_16_6_5_3_0_32u_config4_s_p_ZZN4nnet25conv_2d_buffer_latency_clINS_5arrayI8ap_fixedILi16ELi6EL9ap_q_mode5EL_8_SHIFTREG_AUTO_0R0W' to 'shift_line_buffer_array_ap_fixed_16_6_5_3_0_32u_config4_s_p_ZZN4nnet25conv_2dkbM' due to the length limit 80
INFO: [SYN 201-210] Renamed object name 'shift_line_buffer_array_ap_fixed_16_6_5_3_0_32u_config4_s_p_ZZN4nnet25conv_2d_buffer_latency_clINS_5arrayI8ap_fixedILi16ELi6EL9ap_q_mode5EL_37_SHIFTREG_AUTO_0R0W' to 'shift_line_buffer_array_ap_fixed_16_6_5_3_0_32u_config4_s_p_ZZN4nnet25conv_2dlbW' due to the length limit 80
INFO: [SYN 201-210] Renamed object name 'shift_line_buffer_array_ap_fixed_16_6_5_3_0_32u_config4_s_p_ZZN4nnet25conv_2d_buffer_latency_clINS_5arrayI8ap_fixedILi16ELi6EL9ap_q_mode5EL_5_SHIFTREG_AUTO_0R0W' to 'shift_line_buffer_array_ap_fixed_16_6_5_3_0_32u_config4_s_p_ZZN4nnet25conv_2dmb6' due to the length limit 80
INFO: [SYN 201-210] Renamed object name 'shift_line_buffer_array_ap_fixed_16_6_5_3_0_32u_config4_s_p_ZZN4nnet25conv_2d_buffer_latency_clINS_5arrayI8ap_fixedILi16ELi6EL9ap_q_mode5EL_36_SHIFTREG_AUTO_0R0W' to 'shift_line_buffer_array_ap_fixed_16_6_5_3_0_32u_config4_s_p_ZZN4nnet25conv_2dncg' due to the length limit 80
INFO: [SYN 201-210] Renamed object name 'shift_line_buffer_array_ap_fixed_16_6_5_3_0_32u_config4_s_p_ZZN4nnet25conv_2d_buffer_latency_clINS_5arrayI8ap_fixedILi16ELi6EL9ap_q_mode5EL_4_SHIFTREG_AUTO_0R0W' to 'shift_line_buffer_array_ap_fixed_16_6_5_3_0_32u_config4_s_p_ZZN4nnet25conv_2docq' due to the length limit 80
INFO: [SYN 201-210] Renamed object name 'shift_line_buffer_array_ap_fixed_16_6_5_3_0_32u_config4_s_p_ZZN4nnet25conv_2d_buffer_latency_clINS_5arrayI8ap_fixedILi16ELi6EL9ap_q_mode5EL_35_SHIFTREG_AUTO_0R0W' to 'shift_line_buffer_array_ap_fixed_16_6_5_3_0_32u_config4_s_p_ZZN4nnet25conv_2dpcA' due to the length limit 80
INFO: [SYN 201-210] Renamed object name 'shift_line_buffer_array_ap_fixed_16_6_5_3_0_32u_config4_s_p_ZZN4nnet25conv_2d_buffer_latency_clINS_5arrayI8ap_fixedILi16ELi6EL9ap_q_mode5EL_3_SHIFTREG_AUTO_0R0W' to 'shift_line_buffer_array_ap_fixed_16_6_5_3_0_32u_config4_s_p_ZZN4nnet25conv_2dqcK' due to the length limit 80
INFO: [SYN 201-210] Renamed object name 'shift_line_buffer_array_ap_fixed_16_6_5_3_0_32u_config4_s_p_ZZN4nnet25conv_2d_buffer_latency_clINS_5arrayI8ap_fixedILi16ELi6EL9ap_q_mode5EL_34_SHIFTREG_AUTO_0R0W' to 'shift_line_buffer_array_ap_fixed_16_6_5_3_0_32u_config4_s_p_ZZN4nnet25conv_2drcU' due to the length limit 80
INFO: [SYN 201-210] Renamed object name 'shift_line_buffer_array_ap_fixed_16_6_5_3_0_32u_config4_s_p_ZZN4nnet25conv_2d_buffer_latency_clINS_5arrayI8ap_fixedILi16ELi6EL9ap_q_mode5EL_2_SHIFTREG_AUTO_0R0W' to 'shift_line_buffer_array_ap_fixed_16_6_5_3_0_32u_config4_s_p_ZZN4nnet25conv_2dsc4' due to the length limit 80
INFO: [SYN 201-210] Renamed object name 'shift_line_buffer_array_ap_fixed_16_6_5_3_0_32u_config4_s_p_ZZN4nnet25conv_2d_buffer_latency_clINS_5arrayI8ap_fixedILi16ELi6EL9ap_q_mode5EL_33_SHIFTREG_AUTO_0R0W' to 'shift_line_buffer_array_ap_fixed_16_6_5_3_0_32u_config4_s_p_ZZN4nnet25conv_2dtde' due to the length limit 80
INFO: [SYN 201-210] Renamed object name 'shift_line_buffer_array_ap_fixed_16_6_5_3_0_32u_config4_s_p_ZZN4nnet25conv_2d_buffer_latency_clINS_5arrayI8ap_fixedILi16ELi6EL9ap_q_mode5EL_1_SHIFTREG_AUTO_0R0W' to 'shift_line_buffer_array_ap_fixed_16_6_5_3_0_32u_config4_s_p_ZZN4nnet25conv_2dudo' due to the length limit 80
INFO: [SYN 201-210] Renamed object name 'shift_line_buffer_array_ap_fixed_16_6_5_3_0_32u_config4_s_p_ZZN4nnet25conv_2d_buffer_latency_clINS_5arrayI8ap_fixedILi16ELi6EL9ap_q_mode5EL_32_SHIFTREG_AUTO_0R0W' to 'shift_line_buffer_array_ap_fixed_16_6_5_3_0_32u_config4_s_p_ZZN4nnet25conv_2dvdy' due to the length limit 80
INFO: [SYN 201-210] Renamed object name 'shift_line_buffer_array_ap_fixed_16_6_5_3_0_32u_config4_s_p_ZZN4nnet25conv_2d_buffer_latency_clINS_5arrayI8ap_fixedILi16ELi6EL9ap_q_mode5EL_SHIFTREG_AUTO_0R0W' to 'shift_line_buffer_array_ap_fixed_16_6_5_3_0_32u_config4_s_p_ZZN4nnet25conv_2dwdI' due to the length limit 80
INFO: [SYN 201-210] Renamed object name 'shift_line_buffer_array_ap_fixed_16_6_5_3_0_32u_config4_s_p_ZZN4nnet25conv_2d_buffer_latency_clINS_5arrayI8ap_fixedILi16ELi6EL9ap_q_mode5EL_61_SHIFTREG_AUTO_0R0W' to 'shift_line_buffer_array_ap_fixed_16_6_5_3_0_32u_config4_s_p_ZZN4nnet25conv_2dxdS' due to the length limit 80
INFO: [SYN 201-210] Renamed object name 'shift_line_buffer_array_ap_fixed_16_6_5_3_0_32u_config4_s_p_ZZN4nnet25conv_2d_buffer_latency_clINS_5arrayI8ap_fixedILi16ELi6EL9ap_q_mode5EL_29_SHIFTREG_AUTO_0R0W' to 'shift_line_buffer_array_ap_fixed_16_6_5_3_0_32u_config4_s_p_ZZN4nnet25conv_2dyd2' due to the length limit 80
INFO: [SYN 201-210] Renamed object name 'shift_line_buffer_array_ap_fixed_16_6_5_3_0_32u_config4_s_p_ZZN4nnet25conv_2d_buffer_latency_clINS_5arrayI8ap_fixedILi16ELi6EL9ap_q_mode5EL_60_SHIFTREG_AUTO_0R0W' to 'shift_line_buffer_array_ap_fixed_16_6_5_3_0_32u_config4_s_p_ZZN4nnet25conv_2dzec' due to the length limit 80
INFO: [SYN 201-210] Renamed object name 'shift_line_buffer_array_ap_fixed_16_6_5_3_0_32u_config4_s_p_ZZN4nnet25conv_2d_buffer_latency_clINS_5arrayI8ap_fixedILi16ELi6EL9ap_q_mode5EL_28_SHIFTREG_AUTO_0R0W' to 'shift_line_buffer_array_ap_fixed_16_6_5_3_0_32u_config4_s_p_ZZN4nnet25conv_2dAem' due to the length limit 80
INFO: [SYN 201-210] Renamed object name 'shift_line_buffer_array_ap_fixed_16_6_5_3_0_32u_config4_s_p_ZZN4nnet25conv_2d_buffer_latency_clINS_5arrayI8ap_fixedILi16ELi6EL9ap_q_mode5EL_59_SHIFTREG_AUTO_0R0W' to 'shift_line_buffer_array_ap_fixed_16_6_5_3_0_32u_config4_s_p_ZZN4nnet25conv_2dBew' due to the length limit 80
INFO: [SYN 201-210] Renamed object name 'shift_line_buffer_array_ap_fixed_16_6_5_3_0_32u_config4_s_p_ZZN4nnet25conv_2d_buffer_latency_clINS_5arrayI8ap_fixedILi16ELi6EL9ap_q_mode5EL_27_SHIFTREG_AUTO_0R0W' to 'shift_line_buffer_array_ap_fixed_16_6_5_3_0_32u_config4_s_p_ZZN4nnet25conv_2dCeG' due to the length limit 80
INFO: [SYN 201-210] Renamed object name 'shift_line_buffer_array_ap_fixed_16_6_5_3_0_32u_config4_s_p_ZZN4nnet25conv_2d_buffer_latency_clINS_5arrayI8ap_fixedILi16ELi6EL9ap_q_mode5EL_58_SHIFTREG_AUTO_0R0W' to 'shift_line_buffer_array_ap_fixed_16_6_5_3_0_32u_config4_s_p_ZZN4nnet25conv_2dDeQ' due to the length limit 80
INFO: [SYN 201-210] Renamed object name 'shift_line_buffer_array_ap_fixed_16_6_5_3_0_32u_config4_s_p_ZZN4nnet25conv_2d_buffer_latency_clINS_5arrayI8ap_fixedILi16ELi6EL9ap_q_mode5EL_26_SHIFTREG_AUTO_0R0W' to 'shift_line_buffer_array_ap_fixed_16_6_5_3_0_32u_config4_s_p_ZZN4nnet25conv_2dEe0' due to the length limit 80
INFO: [SYN 201-210] Renamed object name 'shift_line_buffer_array_ap_fixed_16_6_5_3_0_32u_config4_s_p_ZZN4nnet25conv_2d_buffer_latency_clINS_5arrayI8ap_fixedILi16ELi6EL9ap_q_mode5EL_57_SHIFTREG_AUTO_0R0W' to 'shift_line_buffer_array_ap_fixed_16_6_5_3_0_32u_config4_s_p_ZZN4nnet25conv_2dFfa' due to the length limit 80
INFO: [SYN 201-210] Renamed object name 'shift_line_buffer_array_ap_fixed_16_6_5_3_0_32u_config4_s_p_ZZN4nnet25conv_2d_buffer_latency_clINS_5arrayI8ap_fixedILi16ELi6EL9ap_q_mode5EL_25_SHIFTREG_AUTO_0R0W' to 'shift_line_buffer_array_ap_fixed_16_6_5_3_0_32u_config4_s_p_ZZN4nnet25conv_2dGfk' due to the length limit 80
INFO: [SYN 201-210] Renamed object name 'shift_line_buffer_array_ap_fixed_16_6_5_3_0_32u_config4_s_p_ZZN4nnet25conv_2d_buffer_latency_clINS_5arrayI8ap_fixedILi16ELi6EL9ap_q_mode5EL_56_SHIFTREG_AUTO_0R0W' to 'shift_line_buffer_array_ap_fixed_16_6_5_3_0_32u_config4_s_p_ZZN4nnet25conv_2dHfu' due to the length limit 80
INFO: [SYN 201-210] Renamed object name 'shift_line_buffer_array_ap_fixed_16_6_5_3_0_32u_config4_s_p_ZZN4nnet25conv_2d_buffer_latency_clINS_5arrayI8ap_fixedILi16ELi6EL9ap_q_mode5EL_24_SHIFTREG_AUTO_0R0W' to 'shift_line_buffer_array_ap_fixed_16_6_5_3_0_32u_config4_s_p_ZZN4nnet25conv_2dIfE' due to the length limit 80
INFO: [SYN 201-210] Renamed object name 'shift_line_buffer_array_ap_fixed_16_6_5_3_0_32u_config4_s_p_ZZN4nnet25conv_2d_buffer_latency_clINS_5arrayI8ap_fixedILi16ELi6EL9ap_q_mode5EL_55_SHIFTREG_AUTO_0R0W' to 'shift_line_buffer_array_ap_fixed_16_6_5_3_0_32u_config4_s_p_ZZN4nnet25conv_2dJfO' due to the length limit 80
INFO: [SYN 201-210] Renamed object name 'shift_line_buffer_array_ap_fixed_16_6_5_3_0_32u_config4_s_p_ZZN4nnet25conv_2d_buffer_latency_clINS_5arrayI8ap_fixedILi16ELi6EL9ap_q_mode5EL_23_SHIFTREG_AUTO_0R0W' to 'shift_line_buffer_array_ap_fixed_16_6_5_3_0_32u_config4_s_p_ZZN4nnet25conv_2dKfY' due to the length limit 80
INFO: [SYN 201-210] Renamed object name 'shift_line_buffer_array_ap_fixed_16_6_5_3_0_32u_config4_s_p_ZZN4nnet25conv_2d_buffer_latency_clINS_5arrayI8ap_fixedILi16ELi6EL9ap_q_mode5EL_54_SHIFTREG_AUTO_0R0W' to 'shift_line_buffer_array_ap_fixed_16_6_5_3_0_32u_config4_s_p_ZZN4nnet25conv_2dLf8' due to the length limit 80
INFO: [SYN 201-210] Renamed object name 'shift_line_buffer_array_ap_fixed_16_6_5_3_0_32u_config4_s_p_ZZN4nnet25conv_2d_buffer_latency_clINS_5arrayI8ap_fixedILi16ELi6EL9ap_q_mode5EL_22_SHIFTREG_AUTO_0R0W' to 'shift_line_buffer_array_ap_fixed_16_6_5_3_0_32u_config4_s_p_ZZN4nnet25conv_2dMgi' due to the length limit 80
INFO: [SYN 201-210] Renamed object name 'shift_line_buffer_array_ap_fixed_16_6_5_3_0_32u_config4_s_p_ZZN4nnet25conv_2d_buffer_latency_clINS_5arrayI8ap_fixedILi16ELi6EL9ap_q_mode5EL_53_SHIFTREG_AUTO_0R0W' to 'shift_line_buffer_array_ap_fixed_16_6_5_3_0_32u_config4_s_p_ZZN4nnet25conv_2dNgs' due to the length limit 80
INFO: [SYN 201-210] Renamed object name 'shift_line_buffer_array_ap_fixed_16_6_5_3_0_32u_config4_s_p_ZZN4nnet25conv_2d_buffer_latency_clINS_5arrayI8ap_fixedILi16ELi6EL9ap_q_mode5EL_21_SHIFTREG_AUTO_0R0W' to 'shift_line_buffer_array_ap_fixed_16_6_5_3_0_32u_config4_s_p_ZZN4nnet25conv_2dOgC' due to the length limit 80
INFO: [SYN 201-210] Renamed object name 'shift_line_buffer_array_ap_fixed_16_6_5_3_0_32u_config4_s_p_ZZN4nnet25conv_2d_buffer_latency_clINS_5arrayI8ap_fixedILi16ELi6EL9ap_q_mode5EL_52_SHIFTREG_AUTO_0R0W' to 'shift_line_buffer_array_ap_fixed_16_6_5_3_0_32u_config4_s_p_ZZN4nnet25conv_2dPgM' due to the length limit 80
INFO: [SYN 201-210] Renamed object name 'shift_line_buffer_array_ap_fixed_16_6_5_3_0_32u_config4_s_p_ZZN4nnet25conv_2d_buffer_latency_clINS_5arrayI8ap_fixedILi16ELi6EL9ap_q_mode5EL_20_SHIFTREG_AUTO_0R0W' to 'shift_line_buffer_array_ap_fixed_16_6_5_3_0_32u_config4_s_p_ZZN4nnet25conv_2dQgW' due to the length limit 80
INFO: [SYN 201-210] Renamed object name 'shift_line_buffer_array_ap_fixed_16_6_5_3_0_32u_config4_s_p_ZZN4nnet25conv_2d_buffer_latency_clINS_5arrayI8ap_fixedILi16ELi6EL9ap_q_mode5EL_50_SHIFTREG_AUTO_0R0W' to 'shift_line_buffer_array_ap_fixed_16_6_5_3_0_32u_config4_s_p_ZZN4nnet25conv_2dRg6' due to the length limit 80
INFO: [SYN 201-210] Renamed object name 'shift_line_buffer_array_ap_fixed_16_6_5_3_0_32u_config4_s_p_ZZN4nnet25conv_2d_buffer_latency_clINS_5arrayI8ap_fixedILi16ELi6EL9ap_q_mode5EL_18_SHIFTREG_AUTO_0R0W' to 'shift_line_buffer_array_ap_fixed_16_6_5_3_0_32u_config4_s_p_ZZN4nnet25conv_2dShg' due to the length limit 80
INFO: [SYN 201-210] Renamed object name 'shift_line_buffer_array_ap_fixed_16_6_5_3_0_32u_config4_s_p_ZZN4nnet25conv_2d_buffer_latency_clINS_5arrayI8ap_fixedILi16ELi6EL9ap_q_mode5EL_49_SHIFTREG_AUTO_0R0W' to 'shift_line_buffer_array_ap_fixed_16_6_5_3_0_32u_config4_s_p_ZZN4nnet25conv_2dThq' due to the length limit 80
INFO: [SYN 201-210] Renamed object name 'shift_line_buffer_array_ap_fixed_16_6_5_3_0_32u_config4_s_p_ZZN4nnet25conv_2d_buffer_latency_clINS_5arrayI8ap_fixedILi16ELi6EL9ap_q_mode5EL_17_SHIFTREG_AUTO_0R0W' to 'shift_line_buffer_array_ap_fixed_16_6_5_3_0_32u_config4_s_p_ZZN4nnet25conv_2dUhA' due to the length limit 80
INFO: [SYN 201-210] Renamed object name 'shift_line_buffer_array_ap_fixed_16_6_5_3_0_32u_config4_s_p_ZZN4nnet25conv_2d_buffer_latency_clINS_5arrayI8ap_fixedILi16ELi6EL9ap_q_mode5EL_48_SHIFTREG_AUTO_0R0W' to 'shift_line_buffer_array_ap_fixed_16_6_5_3_0_32u_config4_s_p_ZZN4nnet25conv_2dVhK' due to the length limit 80
INFO: [SYN 201-210] Renamed object name 'shift_line_buffer_array_ap_fixed_16_6_5_3_0_32u_config4_s_p_ZZN4nnet25conv_2d_buffer_latency_clINS_5arrayI8ap_fixedILi16ELi6EL9ap_q_mode5EL_16_SHIFTREG_AUTO_0R0W' to 'shift_line_buffer_array_ap_fixed_16_6_5_3_0_32u_config4_s_p_ZZN4nnet25conv_2dWhU' due to the length limit 80
INFO: [SYN 201-210] Renamed object name 'shift_line_buffer_array_ap_fixed_16_6_5_3_0_32u_config4_s_p_ZZN4nnet25conv_2d_buffer_latency_clINS_5arrayI8ap_fixedILi16ELi6EL9ap_q_mode5EL_47_SHIFTREG_AUTO_0R0W' to 'shift_line_buffer_array_ap_fixed_16_6_5_3_0_32u_config4_s_p_ZZN4nnet25conv_2dXh4' due to the length limit 80
INFO: [SYN 201-210] Renamed object name 'shift_line_buffer_array_ap_fixed_16_6_5_3_0_32u_config4_s_p_ZZN4nnet25conv_2d_buffer_latency_clINS_5arrayI8ap_fixedILi16ELi6EL9ap_q_mode5EL_15_SHIFTREG_AUTO_0R0W' to 'shift_line_buffer_array_ap_fixed_16_6_5_3_0_32u_config4_s_p_ZZN4nnet25conv_2dYie' due to the length limit 80
INFO: [SYN 201-210] Renamed object name 'shift_line_buffer_array_ap_fixed_16_6_5_3_0_32u_config4_s_p_ZZN4nnet25conv_2d_buffer_latency_clINS_5arrayI8ap_fixedILi16ELi6EL9ap_q_mode5EL_46_SHIFTREG_AUTO_0R0W' to 'shift_line_buffer_array_ap_fixed_16_6_5_3_0_32u_config4_s_p_ZZN4nnet25conv_2dZio' due to the length limit 80
INFO: [SYN 201-210] Renamed object name 'shift_line_buffer_array_ap_fixed_16_6_5_3_0_32u_config4_s_p_ZZN4nnet25conv_2d_buffer_latency_clINS_5arrayI8ap_fixedILi16ELi6EL9ap_q_mode5EL_14_SHIFTREG_AUTO_0R0W' to 'shift_line_buffer_array_ap_fixed_16_6_5_3_0_32u_config4_s_p_ZZN4nnet25conv_2d0iy' due to the length limit 80
INFO: [SYN 201-210] Renamed object name 'shift_line_buffer_array_ap_fixed_16_6_5_3_0_32u_config4_s_p_ZZN4nnet25conv_2d_buffer_latency_clINS_5arrayI8ap_fixedILi16ELi6EL9ap_q_mode5EL_45_SHIFTREG_AUTO_0R0W' to 'shift_line_buffer_array_ap_fixed_16_6_5_3_0_32u_config4_s_p_ZZN4nnet25conv_2d1iI' due to the length limit 80
INFO: [SYN 201-210] Renamed object name 'shift_line_buffer_array_ap_fixed_16_6_5_3_0_32u_config4_s_p_ZZN4nnet25conv_2d_buffer_latency_clINS_5arrayI8ap_fixedILi16ELi6EL9ap_q_mode5EL_13_SHIFTREG_AUTO_0R0W' to 'shift_line_buffer_array_ap_fixed_16_6_5_3_0_32u_config4_s_p_ZZN4nnet25conv_2d2iS' due to the length limit 80
INFO: [SYN 201-210] Renamed object name 'shift_line_buffer_array_ap_fixed_16_6_5_3_0_32u_config4_s_p_ZZN4nnet25conv_2d_buffer_latency_clINS_5arrayI8ap_fixedILi16ELi6EL9ap_q_mode5EL_44_SHIFTREG_AUTO_0R0W' to 'shift_line_buffer_array_ap_fixed_16_6_5_3_0_32u_config4_s_p_ZZN4nnet25conv_2d3i2' due to the length limit 80
INFO: [SYN 201-210] Renamed object name 'shift_line_buffer_array_ap_fixed_16_6_5_3_0_32u_config4_s_p_ZZN4nnet25conv_2d_buffer_latency_clINS_5arrayI8ap_fixedILi16ELi6EL9ap_q_mode5EL_12_SHIFTREG_AUTO_0R0W' to 'shift_line_buffer_array_ap_fixed_16_6_5_3_0_32u_config4_s_p_ZZN4nnet25conv_2d4jc' due to the length limit 80
INFO: [SYN 201-210] Renamed object name 'shift_line_buffer_array_ap_fixed_16_6_5_3_0_32u_config4_s_p_ZZN4nnet25conv_2d_buffer_latency_clINS_5arrayI8ap_fixedILi16ELi6EL9ap_q_mode5EL_43_SHIFTREG_AUTO_0R0W' to 'shift_line_buffer_array_ap_fixed_16_6_5_3_0_32u_config4_s_p_ZZN4nnet25conv_2d5jm' due to the length limit 80
INFO: [SYN 201-210] Renamed object name 'shift_line_buffer_array_ap_fixed_16_6_5_3_0_32u_config4_s_p_ZZN4nnet25conv_2d_buffer_latency_clINS_5arrayI8ap_fixedILi16ELi6EL9ap_q_mode5EL_11_SHIFTREG_AUTO_0R0W' to 'shift_line_buffer_array_ap_fixed_16_6_5_3_0_32u_config4_s_p_ZZN4nnet25conv_2d6jw' due to the length limit 80
INFO: [SYN 201-210] Renamed object name 'shift_line_buffer_array_ap_fixed_16_6_5_3_0_32u_config4_s_p_ZZN4nnet25conv_2d_buffer_latency_clINS_5arrayI8ap_fixedILi16ELi6EL9ap_q_mode5EL_42_SHIFTREG_AUTO_0R0W' to 'shift_line_buffer_array_ap_fixed_16_6_5_3_0_32u_config4_s_p_ZZN4nnet25conv_2d7jG' due to the length limit 80
INFO: [SYN 201-210] Renamed object name 'shift_line_buffer_array_ap_fixed_16_6_5_3_0_32u_config4_s_p_ZZN4nnet25conv_2d_buffer_latency_clINS_5arrayI8ap_fixedILi16ELi6EL9ap_q_mode5EL_10_SHIFTREG_AUTO_0R0W' to 'shift_line_buffer_array_ap_fixed_16_6_5_3_0_32u_config4_s_p_ZZN4nnet25conv_2d8jQ' due to the length limit 80
INFO: [SYN 201-210] Renamed object name 'shift_line_buffer_array_ap_fixed_16_6_5_3_0_32u_config4_s_p_ZZN4nnet25conv_2d_buffer_latency_clINS_5arrayI8ap_fixedILi16ELi6EL9ap_q_mode5EL_41_SHIFTREG_AUTO_0R0W' to 'shift_line_buffer_array_ap_fixed_16_6_5_3_0_32u_config4_s_p_ZZN4nnet25conv_2d9j0' due to the length limit 80
INFO: [SYN 201-210] Renamed object name 'shift_line_buffer_array_ap_fixed_16_6_5_3_0_32u_config4_s_p_ZZN4nnet25conv_2d_buffer_latency_clINS_5arrayI8ap_fixedILi16ELi6EL9ap_q_mode5EL_9_SHIFTREG_AUTO_0R0W' to 'shift_line_buffer_array_ap_fixed_16_6_5_3_0_32u_config4_s_p_ZZN4nnet25conv_2dbak' due to the length limit 80
INFO: [SYN 201-210] Renamed object name 'shift_line_buffer_array_ap_fixed_16_6_5_3_0_32u_config4_s_p_ZZN4nnet25conv_2d_buffer_latency_clINS_5arrayI8ap_fixedILi16ELi6EL9ap_q_mode5EL_39_SHIFTREG_AUTO_0R0W' to 'shift_line_buffer_array_ap_fixed_16_6_5_3_0_32u_config4_s_p_ZZN4nnet25conv_2dbbk' due to the length limit 80
INFO: [SYN 201-210] Renamed object name 'shift_line_buffer_array_ap_fixed_16_6_5_3_0_32u_config4_s_p_ZZN4nnet25conv_2d_buffer_latency_clINS_5arrayI8ap_fixedILi16ELi6EL9ap_q_mode5EL_7_SHIFTREG_AUTO_0R0W' to 'shift_line_buffer_array_ap_fixed_16_6_5_3_0_32u_config4_s_p_ZZN4nnet25conv_2dbck' due to the length limit 80
INFO: [SYN 201-210] Renamed object name 'shift_line_buffer_array_ap_fixed_16_6_5_3_0_32u_config4_s_p_ZZN4nnet25conv_2d_buffer_latency_clINS_5arrayI8ap_fixedILi16ELi6EL9ap_q_mode5EL_38_SHIFTREG_AUTO_0R0W' to 'shift_line_buffer_array_ap_fixed_16_6_5_3_0_32u_config4_s_p_ZZN4nnet25conv_2dbdk' due to the length limit 80
INFO: [SYN 201-210] Renamed object name 'shift_line_buffer_array_ap_fixed_16_6_5_3_0_32u_config4_s_p_ZZN4nnet25conv_2d_buffer_latency_clINS_5arrayI8ap_fixedILi16ELi6EL9ap_q_mode5EL_6_SHIFTREG_AUTO_0R0W' to 'shift_line_buffer_array_ap_fixed_16_6_5_3_0_32u_config4_s_p_ZZN4nnet25conv_2dbek' due to the length limit 80
INFO: [RTGEN 206-100] Finished creating RTL model for 'shift_line_buffer_array_ap_fixed_16_6_5_3_0_32u_config4_s'.
INFO: [HLS 200-111] Finished Creating RTL model: CPU user time: 0.06 seconds. CPU system time: 0 seconds. Elapsed time: 0.06 seconds; current allocated memory: 6.210 GB.
INFO: [HLS 200-10] ----------------------------------------------------------------
INFO: [HLS 200-10] -- Generating RTL for module 'dense_latency_ap_fixed_16_6_5_3_0_ap_fixed_42_22_5_3_0_config4_mult_s' 
INFO: [HLS 200-10] ----------------------------------------------------------------
INFO: [RTGEN 206-104] Estimated max fanout for 'dense_latency_ap_fixed_16_6_5_3_0_ap_fixed_42_22_5_3_0_config4_mult_s' is 309311 from HDL expression: ((1'b0 == ap_block_pp0_stage0_11001) & (1'b1 == ap_ce_reg))
INFO: [RTGEN 206-100] Generating core module 'mul_16s_10ns_25_1_0': 31 instance(s).
INFO: [RTGEN 206-100] Generating core module 'mul_16s_10ns_26_1_0': 195 instance(s).
INFO: [RTGEN 206-100] Generating core module 'mul_16s_10s_25_1_0': 8 instance(s).
INFO: [RTGEN 206-100] Generating core module 'mul_16s_10s_26_1_0': 104 instance(s).
INFO: [RTGEN 206-100] Generating core module 'mul_16s_11ns_26_1_0': 4 instance(s).
INFO: [RTGEN 206-100] Generating core module 'mul_16s_11ns_27_1_0': 20 instance(s).
INFO: [RTGEN 206-100] Generating core module 'mul_16s_11s_26_1_0': 1 instance(s).
INFO: [RTGEN 206-100] Generating core module 'mul_16s_11s_27_1_0': 27 instance(s).
INFO: [RTGEN 206-100] Generating core module 'mul_16s_12s_27_1_0': 1 instance(s).
INFO: [RTGEN 206-100] Generating core module 'mul_16s_12s_28_1_0': 3 instance(s).
INFO: [RTGEN 206-100] Generating core module 'mul_16s_5ns_20_1_0': 2 instance(s).
INFO: [RTGEN 206-100] Generating core module 'mul_16s_5ns_21_1_0': 62 instance(s).
INFO: [RTGEN 206-100] Generating core module 'mul_16s_5s_21_1_0': 68 instance(s).
INFO: [RTGEN 206-100] Generating core module 'mul_16s_6ns_21_1_0': 6 instance(s).
INFO: [RTGEN 206-100] Generating core module 'mul_16s_6ns_22_1_0': 256 instance(s).
INFO: [RTGEN 206-100] Generating core module 'mul_16s_6s_21_1_0': 3 instance(s).
INFO: [RTGEN 206-100] Generating core module 'mul_16s_6s_22_1_0': 222 instance(s).
INFO: [RTGEN 206-100] Generating core module 'mul_16s_7ns_22_1_0': 9 instance(s).
INFO: [RTGEN 206-100] Generating core module 'mul_16s_7ns_23_1_0': 648 instance(s).
INFO: [RTGEN 206-100] Generating core module 'mul_16s_7s_22_1_0': 9 instance(s).
INFO: [RTGEN 206-100] Generating core module 'mul_16s_7s_23_1_0': 691 instance(s).
INFO: [RTGEN 206-100] Generating core module 'mul_16s_8ns_23_1_0': 17 instance(s).
INFO: [RTGEN 206-100] Generating core module 'mul_16s_8ns_24_1_0': 1291 instance(s).
INFO: [RTGEN 206-100] Generating core module 'mul_16s_8s_23_1_0': 10 instance(s).
INFO: [RTGEN 206-100] Generating core module 'mul_16s_8s_24_1_0': 1020 instance(s).
INFO: [RTGEN 206-100] Generating core module 'mul_16s_9ns_24_1_0': 23 instance(s).
INFO: [RTGEN 206-100] Generating core module 'mul_16s_9ns_25_1_0': 680 instance(s).
INFO: [RTGEN 206-100] Generating core module 'mul_16s_9s_24_1_0': 11 instance(s).
INFO: [RTGEN 206-100] Generating core module 'mul_16s_9s_25_1_0': 390 instance(s).
INFO: [RTGEN 206-100] Generating core module 'mul_17s_10ns_26_1_0': 1 instance(s).
INFO: [RTGEN 206-100] Generating core module 'mul_17s_5s_21_1_0': 1 instance(s).
INFO: [RTGEN 206-100] Generating core module 'mul_17s_6ns_22_1_0': 3 instance(s).
INFO: [RTGEN 206-100] Generating core module 'mul_17s_6s_22_1_0': 9 instance(s).
INFO: [RTGEN 206-100] Generating core module 'mul_17s_7ns_23_1_0': 5 instance(s).
INFO: [RTGEN 206-100] Generating core module 'mul_17s_7s_23_1_0': 2 instance(s).
INFO: [RTGEN 206-100] Generating core module 'mul_17s_8ns_24_1_0': 6 instance(s).
INFO: [RTGEN 206-100] Generating core module 'mul_17s_8s_24_1_0': 2 instance(s).
INFO: [RTGEN 206-100] Generating core module 'mul_17s_9ns_25_1_0': 4 instance(s).
INFO: [RTGEN 206-100] Finished creating RTL model for 'dense_latency_ap_fixed_16_6_5_3_0_ap_fixed_42_22_5_3_0_config4_mult_s'.
INFO: [HLS 200-111] Finished Creating RTL model: CPU user time: 17.05 seconds. CPU system time: 0.03 seconds. Elapsed time: 17.15 seconds; current allocated memory: 6.210 GB.
INFO: [HLS 200-10] ----------------------------------------------------------------
INFO: [HLS 200-10] -- Generating RTL for module 'compute_output_buffer_2d_array_array_ap_fixed_42_22_5_3_0_32u_config4_s' 
INFO: [HLS 200-10] ----------------------------------------------------------------
WARNING: [RTGEN 206-101] Register 'p_ZZN4nnet24compute_output_buffer_2dINS_5arrayI8ap_fixedILi16ELi6EL9ap_q_mode5EL9_67' is power-on initialization.
WARNING: [RTGEN 206-101] Register 'void_compute_output_buffer_2d_array_const_ap_shift_reg_n_chan_stream_weig_9' is power-on initialization.
WARNING: [RTGEN 206-101] Register 'p_ZZN4nnet24compute_output_buffer_2dINS_5arrayI8ap_fixedILi16ELi6EL9ap_q_mode5EL9_66' is power-on initialization.
WARNING: [RTGEN 206-101] Register 'void_compute_output_buffer_2d_array_const_ap_shift_reg_n_chan_stream_weig_8' is power-on initialization.
WARNING: [RTGEN 206-101] Register 'p_ZZN4nnet24compute_output_buffer_2dINS_5arrayI8ap_fixedILi16ELi6EL9ap_q_mode5EL9_65' is power-on initialization.
WARNING: [RTGEN 206-101] Register 'void_compute_output_buffer_2d_array_const_ap_shift_reg_n_chan_stream_weig_7' is power-on initialization.
WARNING: [RTGEN 206-101] Register 'p_ZZN4nnet24compute_output_buffer_2dINS_5arrayI8ap_fixedILi16ELi6EL9ap_q_mode5EL9_64' is power-on initialization.
WARNING: [RTGEN 206-101] Register 'void_compute_output_buffer_2d_array_const_ap_shift_reg_n_chan_stream_weig_6' is power-on initialization.
WARNING: [RTGEN 206-101] Register 'p_ZZN4nnet24compute_output_buffer_2dINS_5arrayI8ap_fixedILi16ELi6EL9ap_q_mode5EL9_63' is power-on initialization.
WARNING: [RTGEN 206-101] Register 'void_compute_output_buffer_2d_array_const_ap_shift_reg_n_chan_stream_weig_5' is power-on initialization.
WARNING: [RTGEN 206-101] Register 'p_ZZN4nnet24compute_output_buffer_2dINS_5arrayI8ap_fixedILi16ELi6EL9ap_q_mode5EL9_62' is power-on initialization.
WARNING: [RTGEN 206-101] Register 'void_compute_output_buffer_2d_array_const_ap_shift_reg_n_chan_stream_weig_4' is power-on initialization.
WARNING: [RTGEN 206-101] Register 'p_ZZN4nnet24compute_output_buffer_2dINS_5arrayI8ap_fixedILi16ELi6EL9ap_q_mode5EL9_61' is power-on initialization.
WARNING: [RTGEN 206-101] Register 'void_compute_output_buffer_2d_array_const_ap_shift_reg_n_chan_stream_weig_3' is power-on initialization.
WARNING: [RTGEN 206-101] Register 'p_ZZN4nnet24compute_output_buffer_2dINS_5arrayI8ap_fixedILi16ELi6EL9ap_q_mode5EL9_60' is power-on initialization.
WARNING: [RTGEN 206-101] Register 'void_compute_output_buffer_2d_array_const_ap_shift_reg_n_chan_stream_weig_2' is power-on initialization.
WARNING: [RTGEN 206-101] Register 'p_ZZN4nnet24compute_output_buffer_2dINS_5arrayI8ap_fixedILi16ELi6EL9ap_q_mode5EL9_59' is power-on initialization.
WARNING: [RTGEN 206-101] Register 'void_compute_output_buffer_2d_array_const_ap_shift_reg_n_chan_stream_weig_1' is power-on initialization.
WARNING: [RTGEN 206-101] Register 'p_ZZN4nnet24compute_output_buffer_2dINS_5arrayI8ap_fixedILi16ELi6EL9ap_q_mode5EL9_58' is power-on initialization.
WARNING: [RTGEN 206-101] Register 'void_compute_output_buffer_2d_array_const_ap_shift_reg_n_chan_stream_weig' is power-on initialization.
WARNING: [RTGEN 206-101] Register 'p_ZZN4nnet24compute_output_buffer_2dINS_5arrayI8ap_fixedILi16ELi6EL9ap_q_mode5EL9_57' is power-on initialization.
WARNING: [RTGEN 206-101] Register 'p_ZZN4nnet24compute_output_buffer_2dINS_5arrayI8ap_fixedILi16ELi6EL9ap_q_mode5EL9_833' is power-on initialization.
WARNING: [RTGEN 206-101] Register 'p_ZZN4nnet24compute_output_buffer_2dINS_5arrayI8ap_fixedILi16ELi6EL9ap_q_mode5EL9_56' is power-on initialization.
WARNING: [RTGEN 206-101] Register 'p_ZZN4nnet24compute_output_buffer_2dINS_5arrayI8ap_fixedILi16ELi6EL9ap_q_mode5EL9_844' is power-on initialization.
WARNING: [RTGEN 206-101] Register 'p_ZZN4nnet24compute_output_buffer_2dINS_5arrayI8ap_fixedILi16ELi6EL9ap_q_mode5EL9_55' is power-on initialization.
WARNING: [RTGEN 206-101] Register 'p_ZZN4nnet24compute_output_buffer_2dINS_5arrayI8ap_fixedILi16ELi6EL9ap_q_mode5EL9_855' is power-on initialization.
WARNING: [RTGEN 206-101] Register 'p_ZZN4nnet24compute_output_buffer_2dINS_5arrayI8ap_fixedILi16ELi6EL9ap_q_mode5EL9_54' is power-on initialization.
WARNING: [RTGEN 206-101] Register 'p_ZZN4nnet24compute_output_buffer_2dINS_5arrayI8ap_fixedILi16ELi6EL9ap_q_mode5EL9_866' is power-on initialization.
WARNING: [RTGEN 206-101] Register 'p_ZZN4nnet24compute_output_buffer_2dINS_5arrayI8ap_fixedILi16ELi6EL9ap_q_mode5EL9_53' is power-on initialization.
WARNING: [RTGEN 206-101] Register 'p_ZZN4nnet24compute_output_buffer_2dINS_5arrayI8ap_fixedILi16ELi6EL9ap_q_mode5EL9_877' is power-on initialization.
WARNING: [RTGEN 206-101] Register 'p_ZZN4nnet24compute_output_buffer_2dINS_5arrayI8ap_fixedILi16ELi6EL9ap_q_mode5EL9_52' is power-on initialization.
WARNING: [RTGEN 206-101] Register 'p_ZZN4nnet24compute_output_buffer_2dINS_5arrayI8ap_fixedILi16ELi6EL9ap_q_mode5EL9_888' is power-on initialization.
WARNING: [RTGEN 206-101] Register 'p_ZZN4nnet24compute_output_buffer_2dINS_5arrayI8ap_fixedILi16ELi6EL9ap_q_mode5EL9_51' is power-on initialization.
WARNING: [RTGEN 206-101] Register 'p_ZZN4nnet24compute_output_buffer_2dINS_5arrayI8ap_fixedILi16ELi6EL9ap_q_mode5EL9_899' is power-on initialization.
WARNING: [RTGEN 206-101] Register 'p_ZZN4nnet24compute_output_buffer_2dINS_5arrayI8ap_fixedILi16ELi6EL9ap_q_mode5EL9_50' is power-on initialization.
WARNING: [RTGEN 206-101] Register 'p_ZZN4nnet24compute_output_buffer_2dINS_5arrayI8ap_fixedILi16ELi6EL9ap_q_mode5EL9_910' is power-on initialization.
WARNING: [RTGEN 206-101] Register 'p_ZZN4nnet24compute_output_buffer_2dINS_5arrayI8ap_fixedILi16ELi6EL9ap_q_mode5EL9_49' is power-on initialization.
WARNING: [RTGEN 206-101] Register 'p_ZZN4nnet24compute_output_buffer_2dINS_5arrayI8ap_fixedILi16ELi6EL9ap_q_mode5EL9_921' is power-on initialization.
WARNING: [RTGEN 206-101] Register 'p_ZZN4nnet24compute_output_buffer_2dINS_5arrayI8ap_fixedILi16ELi6EL9ap_q_mode5EL9_48' is power-on initialization.
WARNING: [RTGEN 206-101] Register 'p_ZZN4nnet24compute_output_buffer_2dINS_5arrayI8ap_fixedILi16ELi6EL9ap_q_mode5EL9_932' is power-on initialization.
WARNING: [RTGEN 206-101] Register 'p_ZZN4nnet24compute_output_buffer_2dINS_5arrayI8ap_fixedILi16ELi6EL9ap_q_mode5EL9_47' is power-on initialization.
WARNING: [RTGEN 206-101] Register 'p_ZZN4nnet24compute_output_buffer_2dINS_5arrayI8ap_fixedILi16ELi6EL9ap_q_mode5EL9_943' is power-on initialization.
WARNING: [RTGEN 206-101] Register 'p_ZZN4nnet24compute_output_buffer_2dINS_5arrayI8ap_fixedILi16ELi6EL9ap_q_mode5EL9_46' is power-on initialization.
WARNING: [RTGEN 206-101] Register 'p_ZZN4nnet24compute_output_buffer_2dINS_5arrayI8ap_fixedILi16ELi6EL9ap_q_mode5EL9_954' is power-on initialization.
WARNING: [RTGEN 206-101] Register 'p_ZZN4nnet24compute_output_buffer_2dINS_5arrayI8ap_fixedILi16ELi6EL9ap_q_mode5EL9_45' is power-on initialization.
WARNING: [RTGEN 206-101] Register 'p_ZZN4nnet24compute_output_buffer_2dINS_5arrayI8ap_fixedILi16ELi6EL9ap_q_mode5EL9_965' is power-on initialization.
WARNING: [RTGEN 206-101] Register 'p_ZZN4nnet24compute_output_buffer_2dINS_5arrayI8ap_fixedILi16ELi6EL9ap_q_mode5EL9_44' is power-on initialization.
WARNING: [RTGEN 206-101] Register 'p_ZZN4nnet24compute_output_buffer_2dINS_5arrayI8ap_fixedILi16ELi6EL9ap_q_mode5EL9_976' is power-on initialization.
WARNING: [RTGEN 206-101] Register 'p_ZZN4nnet24compute_output_buffer_2dINS_5arrayI8ap_fixedILi16ELi6EL9ap_q_mode5EL9_43' is power-on initialization.
WARNING: [RTGEN 206-101] Register 'p_ZZN4nnet24compute_output_buffer_2dINS_5arrayI8ap_fixedILi16ELi6EL9ap_q_mode5EL9_987' is power-on initialization.
WARNING: [RTGEN 206-101] Register 'p_ZZN4nnet24compute_output_buffer_2dINS_5arrayI8ap_fixedILi16ELi6EL9ap_q_mode5EL9_42' is power-on initialization.
WARNING: [RTGEN 206-101] Register 'p_ZZN4nnet24compute_output_buffer_2dINS_5arrayI8ap_fixedILi16ELi6EL9ap_q_mode5EL9_998' is power-on initialization.
WARNING: [RTGEN 206-101] Register 'p_ZZN4nnet24compute_output_buffer_2dINS_5arrayI8ap_fixedILi16ELi6EL9ap_q_mode5EL9_41' is power-on initialization.
WARNING: [RTGEN 206-101] Register 'p_ZZN4nnet24compute_output_buffer_2dINS_5arrayI8ap_fixedILi16ELi6EL9ap_q_mode5EL9_1009' is power-on initialization.
WARNING: [RTGEN 206-101] Register 'p_ZZN4nnet24compute_output_buffer_2dINS_5arrayI8ap_fixedILi16ELi6EL9ap_q_mode5EL9_40' is power-on initialization.
WARNING: [RTGEN 206-101] Register 'p_ZZN4nnet24compute_output_buffer_2dINS_5arrayI8ap_fixedILi16ELi6EL9ap_q_mode5EL9_90' is power-on initialization.
WARNING: [RTGEN 206-101] Register 'p_ZZN4nnet24compute_output_buffer_2dINS_5arrayI8ap_fixedILi16ELi6EL9ap_q_mode5EL9_39' is power-on initialization.
WARNING: [RTGEN 206-101] Register 'p_ZZN4nnet24compute_output_buffer_2dINS_5arrayI8ap_fixedILi16ELi6EL9ap_q_mode5EL9_79' is power-on initialization.
WARNING: [RTGEN 206-101] Register 'p_ZZN4nnet24compute_output_buffer_2dINS_5arrayI8ap_fixedILi16ELi6EL9ap_q_mode5EL9_38' is power-on initialization.
WARNING: [RTGEN 206-101] Register 'p_ZZN4nnet24compute_output_buffer_2dINS_5arrayI8ap_fixedILi16ELi6EL9ap_q_mode5EL9_70' is power-on initialization.
WARNING: [RTGEN 206-101] Register 'p_ZZN4nnet24compute_output_buffer_2dINS_5arrayI8ap_fixedILi16ELi6EL9ap_q_mode5EL9_37' is power-on initialization.
WARNING: [RTGEN 206-101] Register 'p_ZZN4nnet24compute_output_buffer_2dINS_5arrayI8ap_fixedILi16ELi6EL9ap_q_mode5EL9_69' is power-on initialization.
WARNING: [RTGEN 206-101] Register 'p_ZZN4nnet24compute_output_buffer_2dINS_5arrayI8ap_fixedILi16ELi6EL9ap_q_mode5EL9_36' is power-on initialization.
WARNING: [RTGEN 206-101] Register 'p_ZZN4nnet24compute_output_buffer_2dINS_5arrayI8ap_fixedILi16ELi6EL9ap_q_mode5EL9_68' is power-on initialization.
WARNING: [RTGEN 206-101] Register 'p_ZZN4nnet24compute_output_buffer_2dINS_5arrayI8ap_fixedILi16ELi6EL9ap_q_mode5EL9_864' is power-on initialization.
WARNING: [RTGEN 206-101] Register 'p_ZZN4nnet24compute_output_buffer_2dINS_5arrayI8ap_fixedILi16ELi6EL9ap_q_mode5EL9_3' is power-on initialization.
WARNING: [RTGEN 206-101] Register 'p_ZZN4nnet24compute_output_buffer_2dINS_5arrayI8ap_fixedILi16ELi6EL9ap_q_mode5EL9_865' is power-on initialization.
WARNING: [RTGEN 206-101] Register 'p_ZZN4nnet24compute_output_buffer_2dINS_5arrayI8ap_fixedILi16ELi6EL9ap_q_mode5EL9_2' is power-on initialization.
WARNING: [RTGEN 206-101] Register 'p_ZZN4nnet24compute_output_buffer_2dINS_5arrayI8ap_fixedILi16ELi6EL9ap_q_mode5EL9_867' is power-on initialization.
WARNING: [RTGEN 206-101] Register 'p_ZZN4nnet24compute_output_buffer_2dINS_5arrayI8ap_fixedILi16ELi6EL9ap_q_mode5EL9_1' is power-on initialization.
WARNING: [RTGEN 206-101] Register 'p_ZZN4nnet24compute_output_buffer_2dINS_5arrayI8ap_fixedILi16ELi6EL9ap_q_mode5EL9_868' is power-on initialization.
WARNING: [RTGEN 206-101] Register 'p_ZZN4nnet24compute_output_buffer_2dINS_5arrayI8ap_fixedILi16ELi6EL9ap_q_mode5EL9' is power-on initialization.
WARNING: [RTGEN 206-101] Register 'p_ZZN4nnet24compute_output_buffer_2dINS_5arrayI8ap_fixedILi16ELi6EL9ap_q_mode5EL9_869' is power-on initialization.
WARNING: [RTGEN 206-101] Register 'p_ZZN4nnet24compute_output_buffer_2dINS_5arrayI8ap_fixedILi16ELi6EL9ap_q_mode5EL9_834' is power-on initialization.
WARNING: [RTGEN 206-101] Register 'p_ZZN4nnet24compute_output_buffer_2dINS_5arrayI8ap_fixedILi16ELi6EL9ap_q_mode5EL9_870' is power-on initialization.
WARNING: [RTGEN 206-101] Register 'p_ZZN4nnet24compute_output_buffer_2dINS_5arrayI8ap_fixedILi16ELi6EL9ap_q_mode5EL9_835' is power-on initialization.
WARNING: [RTGEN 206-101] Register 'p_ZZN4nnet24compute_output_buffer_2dINS_5arrayI8ap_fixedILi16ELi6EL9ap_q_mode5EL9_871' is power-on initialization.
WARNING: [RTGEN 206-101] Register 'p_ZZN4nnet24compute_output_buffer_2dINS_5arrayI8ap_fixedILi16ELi6EL9ap_q_mode5EL9_836' is power-on initialization.
WARNING: [RTGEN 206-101] Register 'p_ZZN4nnet24compute_output_buffer_2dINS_5arrayI8ap_fixedILi16ELi6EL9ap_q_mode5EL9_872' is power-on initialization.
WARNING: [RTGEN 206-101] Register 'p_ZZN4nnet24compute_output_buffer_2dINS_5arrayI8ap_fixedILi16ELi6EL9ap_q_mode5EL9_837' is power-on initialization.
WARNING: [RTGEN 206-101] Register 'p_ZZN4nnet24compute_output_buffer_2dINS_5arrayI8ap_fixedILi16ELi6EL9ap_q_mode5EL9_873' is power-on initialization.
WARNING: [RTGEN 206-101] Register 'p_ZZN4nnet24compute_output_buffer_2dINS_5arrayI8ap_fixedILi16ELi6EL9ap_q_mode5EL9_838' is power-on initialization.
WARNING: [RTGEN 206-101] Register 'p_ZZN4nnet24compute_output_buffer_2dINS_5arrayI8ap_fixedILi16ELi6EL9ap_q_mode5EL9_874' is power-on initialization.
WARNING: [RTGEN 206-101] Register 'p_ZZN4nnet24compute_output_buffer_2dINS_5arrayI8ap_fixedILi16ELi6EL9ap_q_mode5EL9_839' is power-on initialization.
WARNING: [RTGEN 206-101] Register 'p_ZZN4nnet24compute_output_buffer_2dINS_5arrayI8ap_fixedILi16ELi6EL9ap_q_mode5EL9_875' is power-on initialization.
WARNING: [RTGEN 206-101] Register 'p_ZZN4nnet24compute_output_buffer_2dINS_5arrayI8ap_fixedILi16ELi6EL9ap_q_mode5EL9_840' is power-on initialization.
WARNING: [RTGEN 206-101] Register 'p_ZZN4nnet24compute_output_buffer_2dINS_5arrayI8ap_fixedILi16ELi6EL9ap_q_mode5EL9_876' is power-on initialization.
WARNING: [RTGEN 206-101] Register 'p_ZZN4nnet24compute_output_buffer_2dINS_5arrayI8ap_fixedILi16ELi6EL9ap_q_mode5EL9_841' is power-on initialization.
WARNING: [RTGEN 206-101] Register 'p_ZZN4nnet24compute_output_buffer_2dINS_5arrayI8ap_fixedILi16ELi6EL9ap_q_mode5EL9_878' is power-on initialization.
WARNING: [RTGEN 206-101] Register 'p_ZZN4nnet24compute_output_buffer_2dINS_5arrayI8ap_fixedILi16ELi6EL9ap_q_mode5EL9_842' is power-on initialization.
WARNING: [RTGEN 206-101] Register 'p_ZZN4nnet24compute_output_buffer_2dINS_5arrayI8ap_fixedILi16ELi6EL9ap_q_mode5EL9_879' is power-on initialization.
WARNING: [RTGEN 206-101] Register 'p_ZZN4nnet24compute_output_buffer_2dINS_5arrayI8ap_fixedILi16ELi6EL9ap_q_mode5EL9_843' is power-on initialization.
WARNING: [RTGEN 206-101] Register 'p_ZZN4nnet24compute_output_buffer_2dINS_5arrayI8ap_fixedILi16ELi6EL9ap_q_mode5EL9_880' is power-on initialization.
WARNING: [RTGEN 206-101] Register 'p_ZZN4nnet24compute_output_buffer_2dINS_5arrayI8ap_fixedILi16ELi6EL9ap_q_mode5EL9_845' is power-on initialization.
WARNING: [RTGEN 206-101] Register 'p_ZZN4nnet24compute_output_buffer_2dINS_5arrayI8ap_fixedILi16ELi6EL9ap_q_mode5EL9_881' is power-on initialization.
WARNING: [RTGEN 206-101] Register 'p_ZZN4nnet24compute_output_buffer_2dINS_5arrayI8ap_fixedILi16ELi6EL9ap_q_mode5EL9_846' is power-on initialization.
WARNING: [RTGEN 206-101] Register 'p_ZZN4nnet24compute_output_buffer_2dINS_5arrayI8ap_fixedILi16ELi6EL9ap_q_mode5EL9_882' is power-on initialization.
WARNING: [RTGEN 206-101] Register 'p_ZZN4nnet24compute_output_buffer_2dINS_5arrayI8ap_fixedILi16ELi6EL9ap_q_mode5EL9_847' is power-on initialization.
WARNING: [RTGEN 206-101] Register 'p_ZZN4nnet24compute_output_buffer_2dINS_5arrayI8ap_fixedILi16ELi6EL9ap_q_mode5EL9_883' is power-on initialization.
WARNING: [RTGEN 206-101] Register 'p_ZZN4nnet24compute_output_buffer_2dINS_5arrayI8ap_fixedILi16ELi6EL9ap_q_mode5EL9_848' is power-on initialization.
WARNING: [RTGEN 206-101] Register 'p_ZZN4nnet24compute_output_buffer_2dINS_5arrayI8ap_fixedILi16ELi6EL9ap_q_mode5EL9_884' is power-on initialization.
WARNING: [RTGEN 206-101] Register 'p_ZZN4nnet24compute_output_buffer_2dINS_5arrayI8ap_fixedILi16ELi6EL9ap_q_mode5EL9_849' is power-on initialization.
WARNING: [RTGEN 206-101] Register 'p_ZZN4nnet24compute_output_buffer_2dINS_5arrayI8ap_fixedILi16ELi6EL9ap_q_mode5EL9_885' is power-on initialization.
WARNING: [RTGEN 206-101] Register 'p_ZZN4nnet24compute_output_buffer_2dINS_5arrayI8ap_fixedILi16ELi6EL9ap_q_mode5EL9_850' is power-on initialization.
WARNING: [RTGEN 206-101] Register 'p_ZZN4nnet24compute_output_buffer_2dINS_5arrayI8ap_fixedILi16ELi6EL9ap_q_mode5EL9_886' is power-on initialization.
WARNING: [RTGEN 206-101] Register 'p_ZZN4nnet24compute_output_buffer_2dINS_5arrayI8ap_fixedILi16ELi6EL9ap_q_mode5EL9_851' is power-on initialization.
WARNING: [RTGEN 206-101] Register 'p_ZZN4nnet24compute_output_buffer_2dINS_5arrayI8ap_fixedILi16ELi6EL9ap_q_mode5EL9_887' is power-on initialization.
WARNING: [RTGEN 206-101] Register 'p_ZZN4nnet24compute_output_buffer_2dINS_5arrayI8ap_fixedILi16ELi6EL9ap_q_mode5EL9_852' is power-on initialization.
WARNING: [RTGEN 206-101] Register 'p_ZZN4nnet24compute_output_buffer_2dINS_5arrayI8ap_fixedILi16ELi6EL9ap_q_mode5EL9_889' is power-on initialization.
WARNING: [RTGEN 206-101] Register 'p_ZZN4nnet24compute_output_buffer_2dINS_5arrayI8ap_fixedILi16ELi6EL9ap_q_mode5EL9_853' is power-on initialization.
WARNING: [RTGEN 206-101] Register 'p_ZZN4nnet24compute_output_buffer_2dINS_5arrayI8ap_fixedILi16ELi6EL9ap_q_mode5EL9_890' is power-on initialization.
WARNING: [RTGEN 206-101] Register 'p_ZZN4nnet24compute_output_buffer_2dINS_5arrayI8ap_fixedILi16ELi6EL9ap_q_mode5EL9_854' is power-on initialization.
WARNING: [RTGEN 206-101] Register 'p_ZZN4nnet24compute_output_buffer_2dINS_5arrayI8ap_fixedILi16ELi6EL9ap_q_mode5EL9_891' is power-on initialization.
WARNING: [RTGEN 206-101] Register 'p_ZZN4nnet24compute_output_buffer_2dINS_5arrayI8ap_fixedILi16ELi6EL9ap_q_mode5EL9_856' is power-on initialization.
WARNING: [RTGEN 206-101] Register 'p_ZZN4nnet24compute_output_buffer_2dINS_5arrayI8ap_fixedILi16ELi6EL9ap_q_mode5EL9_892' is power-on initialization.
WARNING: [RTGEN 206-101] Register 'p_ZZN4nnet24compute_output_buffer_2dINS_5arrayI8ap_fixedILi16ELi6EL9ap_q_mode5EL9_857' is power-on initialization.
WARNING: [RTGEN 206-101] Register 'p_ZZN4nnet24compute_output_buffer_2dINS_5arrayI8ap_fixedILi16ELi6EL9ap_q_mode5EL9_893' is power-on initialization.
WARNING: [RTGEN 206-101] Register 'p_ZZN4nnet24compute_output_buffer_2dINS_5arrayI8ap_fixedILi16ELi6EL9ap_q_mode5EL9_858' is power-on initialization.
WARNING: [RTGEN 206-101] Register 'p_ZZN4nnet24compute_output_buffer_2dINS_5arrayI8ap_fixedILi16ELi6EL9ap_q_mode5EL9_894' is power-on initialization.
WARNING: [RTGEN 206-101] Register 'p_ZZN4nnet24compute_output_buffer_2dINS_5arrayI8ap_fixedILi16ELi6EL9ap_q_mode5EL9_859' is power-on initialization.
WARNING: [RTGEN 206-101] Register 'p_ZZN4nnet24compute_output_buffer_2dINS_5arrayI8ap_fixedILi16ELi6EL9ap_q_mode5EL9_895' is power-on initialization.
WARNING: [RTGEN 206-101] Register 'p_ZZN4nnet24compute_output_buffer_2dINS_5arrayI8ap_fixedILi16ELi6EL9ap_q_mode5EL9_860' is power-on initialization.
WARNING: [RTGEN 206-101] Register 'p_ZZN4nnet24compute_output_buffer_2dINS_5arrayI8ap_fixedILi16ELi6EL9ap_q_mode5EL9_896' is power-on initialization.
WARNING: [RTGEN 206-101] Register 'p_ZZN4nnet24compute_output_buffer_2dINS_5arrayI8ap_fixedILi16ELi6EL9ap_q_mode5EL9_861' is power-on initialization.
WARNING: [RTGEN 206-101] Register 'p_ZZN4nnet24compute_output_buffer_2dINS_5arrayI8ap_fixedILi16ELi6EL9ap_q_mode5EL9_897' is power-on initialization.
WARNING: [RTGEN 206-101] Register 'p_ZZN4nnet24compute_output_buffer_2dINS_5arrayI8ap_fixedILi16ELi6EL9ap_q_mode5EL9_862' is power-on initialization.
WARNING: [RTGEN 206-101] Register 'p_ZZN4nnet24compute_output_buffer_2dINS_5arrayI8ap_fixedILi16ELi6EL9ap_q_mode5EL9_898' is power-on initialization.
WARNING: [RTGEN 206-101] Register 'p_ZZN4nnet24compute_output_buffer_2dINS_5arrayI8ap_fixedILi16ELi6EL9ap_q_mode5EL9_863' is power-on initialization.
WARNING: [RTGEN 206-101] Register 'p_ZZN4nnet24compute_output_buffer_2dINS_5arrayI8ap_fixedILi16ELi6EL9ap_q_mode5EL9_970' is power-on initialization.
WARNING: [RTGEN 206-101] Register 'p_ZZN4nnet24compute_output_buffer_2dINS_5arrayI8ap_fixedILi16ELi6EL9ap_q_mode5EL9_935' is power-on initialization.
WARNING: [RTGEN 206-101] Register 'p_ZZN4nnet24compute_output_buffer_2dINS_5arrayI8ap_fixedILi16ELi6EL9ap_q_mode5EL9_971' is power-on initialization.
WARNING: [RTGEN 206-101] Register 'p_ZZN4nnet24compute_output_buffer_2dINS_5arrayI8ap_fixedILi16ELi6EL9ap_q_mode5EL9_936' is power-on initialization.
WARNING: [RTGEN 206-101] Register 'p_ZZN4nnet24compute_output_buffer_2dINS_5arrayI8ap_fixedILi16ELi6EL9ap_q_mode5EL9_972' is power-on initialization.
WARNING: [RTGEN 206-101] Register 'p_ZZN4nnet24compute_output_buffer_2dINS_5arrayI8ap_fixedILi16ELi6EL9ap_q_mode5EL9_937' is power-on initialization.
WARNING: [RTGEN 206-101] Register 'p_ZZN4nnet24compute_output_buffer_2dINS_5arrayI8ap_fixedILi16ELi6EL9ap_q_mode5EL9_973' is power-on initialization.
WARNING: [RTGEN 206-101] Register 'p_ZZN4nnet24compute_output_buffer_2dINS_5arrayI8ap_fixedILi16ELi6EL9ap_q_mode5EL9_938' is power-on initialization.
WARNING: [RTGEN 206-101] Register 'p_ZZN4nnet24compute_output_buffer_2dINS_5arrayI8ap_fixedILi16ELi6EL9ap_q_mode5EL9_974' is power-on initialization.
WARNING: [RTGEN 206-101] Register 'p_ZZN4nnet24compute_output_buffer_2dINS_5arrayI8ap_fixedILi16ELi6EL9ap_q_mode5EL9_939' is power-on initialization.
WARNING: [RTGEN 206-101] Register 'p_ZZN4nnet24compute_output_buffer_2dINS_5arrayI8ap_fixedILi16ELi6EL9ap_q_mode5EL9_975' is power-on initialization.
WARNING: [RTGEN 206-101] Register 'p_ZZN4nnet24compute_output_buffer_2dINS_5arrayI8ap_fixedILi16ELi6EL9ap_q_mode5EL9_940' is power-on initialization.
WARNING: [RTGEN 206-101] Register 'p_ZZN4nnet24compute_output_buffer_2dINS_5arrayI8ap_fixedILi16ELi6EL9ap_q_mode5EL9_977' is power-on initialization.
WARNING: [RTGEN 206-101] Register 'p_ZZN4nnet24compute_output_buffer_2dINS_5arrayI8ap_fixedILi16ELi6EL9ap_q_mode5EL9_941' is power-on initialization.
WARNING: [RTGEN 206-101] Register 'p_ZZN4nnet24compute_output_buffer_2dINS_5arrayI8ap_fixedILi16ELi6EL9ap_q_mode5EL9_978' is power-on initialization.
WARNING: [RTGEN 206-101] Register 'p_ZZN4nnet24compute_output_buffer_2dINS_5arrayI8ap_fixedILi16ELi6EL9ap_q_mode5EL9_942' is power-on initialization.
WARNING: [RTGEN 206-101] Register 'p_ZZN4nnet24compute_output_buffer_2dINS_5arrayI8ap_fixedILi16ELi6EL9ap_q_mode5EL9_979' is power-on initialization.
WARNING: [RTGEN 206-101] Register 'p_ZZN4nnet24compute_output_buffer_2dINS_5arrayI8ap_fixedILi16ELi6EL9ap_q_mode5EL9_944' is power-on initialization.
WARNING: [RTGEN 206-101] Register 'p_ZZN4nnet24compute_output_buffer_2dINS_5arrayI8ap_fixedILi16ELi6EL9ap_q_mode5EL9_980' is power-on initialization.
WARNING: [RTGEN 206-101] Register 'p_ZZN4nnet24compute_output_buffer_2dINS_5arrayI8ap_fixedILi16ELi6EL9ap_q_mode5EL9_945' is power-on initialization.
WARNING: [RTGEN 206-101] Register 'p_ZZN4nnet24compute_output_buffer_2dINS_5arrayI8ap_fixedILi16ELi6EL9ap_q_mode5EL9_981' is power-on initialization.
WARNING: [RTGEN 206-101] Register 'p_ZZN4nnet24compute_output_buffer_2dINS_5arrayI8ap_fixedILi16ELi6EL9ap_q_mode5EL9_946' is power-on initialization.
WARNING: [RTGEN 206-101] Register 'p_ZZN4nnet24compute_output_buffer_2dINS_5arrayI8ap_fixedILi16ELi6EL9ap_q_mode5EL9_982' is power-on initialization.
WARNING: [RTGEN 206-101] Register 'p_ZZN4nnet24compute_output_buffer_2dINS_5arrayI8ap_fixedILi16ELi6EL9ap_q_mode5EL9_947' is power-on initialization.
WARNING: [RTGEN 206-101] Register 'p_ZZN4nnet24compute_output_buffer_2dINS_5arrayI8ap_fixedILi16ELi6EL9ap_q_mode5EL9_983' is power-on initialization.
WARNING: [RTGEN 206-101] Register 'p_ZZN4nnet24compute_output_buffer_2dINS_5arrayI8ap_fixedILi16ELi6EL9ap_q_mode5EL9_948' is power-on initialization.
WARNING: [RTGEN 206-101] Register 'p_ZZN4nnet24compute_output_buffer_2dINS_5arrayI8ap_fixedILi16ELi6EL9ap_q_mode5EL9_984' is power-on initialization.
WARNING: [RTGEN 206-101] Register 'p_ZZN4nnet24compute_output_buffer_2dINS_5arrayI8ap_fixedILi16ELi6EL9ap_q_mode5EL9_949' is power-on initialization.
WARNING: [RTGEN 206-101] Register 'p_ZZN4nnet24compute_output_buffer_2dINS_5arrayI8ap_fixedILi16ELi6EL9ap_q_mode5EL9_985' is power-on initialization.
WARNING: [RTGEN 206-101] Register 'p_ZZN4nnet24compute_output_buffer_2dINS_5arrayI8ap_fixedILi16ELi6EL9ap_q_mode5EL9_950' is power-on initialization.
WARNING: [RTGEN 206-101] Register 'p_ZZN4nnet24compute_output_buffer_2dINS_5arrayI8ap_fixedILi16ELi6EL9ap_q_mode5EL9_986' is power-on initialization.
WARNING: [RTGEN 206-101] Register 'p_ZZN4nnet24compute_output_buffer_2dINS_5arrayI8ap_fixedILi16ELi6EL9ap_q_mode5EL9_951' is power-on initialization.
WARNING: [RTGEN 206-101] Register 'p_ZZN4nnet24compute_output_buffer_2dINS_5arrayI8ap_fixedILi16ELi6EL9ap_q_mode5EL9_988' is power-on initialization.
WARNING: [RTGEN 206-101] Register 'p_ZZN4nnet24compute_output_buffer_2dINS_5arrayI8ap_fixedILi16ELi6EL9ap_q_mode5EL9_952' is power-on initialization.
WARNING: [RTGEN 206-101] Register 'p_ZZN4nnet24compute_output_buffer_2dINS_5arrayI8ap_fixedILi16ELi6EL9ap_q_mode5EL9_989' is power-on initialization.
WARNING: [RTGEN 206-101] Register 'p_ZZN4nnet24compute_output_buffer_2dINS_5arrayI8ap_fixedILi16ELi6EL9ap_q_mode5EL9_953' is power-on initialization.
WARNING: [RTGEN 206-101] Register 'p_ZZN4nnet24compute_output_buffer_2dINS_5arrayI8ap_fixedILi16ELi6EL9ap_q_mode5EL9_990' is power-on initialization.
WARNING: [RTGEN 206-101] Register 'p_ZZN4nnet24compute_output_buffer_2dINS_5arrayI8ap_fixedILi16ELi6EL9ap_q_mode5EL9_955' is power-on initialization.
WARNING: [RTGEN 206-101] Register 'p_ZZN4nnet24compute_output_buffer_2dINS_5arrayI8ap_fixedILi16ELi6EL9ap_q_mode5EL9_991' is power-on initialization.
WARNING: [RTGEN 206-101] Register 'p_ZZN4nnet24compute_output_buffer_2dINS_5arrayI8ap_fixedILi16ELi6EL9ap_q_mode5EL9_956' is power-on initialization.
WARNING: [RTGEN 206-101] Register 'p_ZZN4nnet24compute_output_buffer_2dINS_5arrayI8ap_fixedILi16ELi6EL9ap_q_mode5EL9_992' is power-on initialization.
WARNING: [RTGEN 206-101] Register 'p_ZZN4nnet24compute_output_buffer_2dINS_5arrayI8ap_fixedILi16ELi6EL9ap_q_mode5EL9_957' is power-on initialization.
WARNING: [RTGEN 206-101] Register 'p_ZZN4nnet24compute_output_buffer_2dINS_5arrayI8ap_fixedILi16ELi6EL9ap_q_mode5EL9_993' is power-on initialization.
WARNING: [RTGEN 206-101] Register 'p_ZZN4nnet24compute_output_buffer_2dINS_5arrayI8ap_fixedILi16ELi6EL9ap_q_mode5EL9_958' is power-on initialization.
WARNING: [RTGEN 206-101] Register 'p_ZZN4nnet24compute_output_buffer_2dINS_5arrayI8ap_fixedILi16ELi6EL9ap_q_mode5EL9_994' is power-on initialization.
WARNING: [RTGEN 206-101] Register 'p_ZZN4nnet24compute_output_buffer_2dINS_5arrayI8ap_fixedILi16ELi6EL9ap_q_mode5EL9_959' is power-on initialization.
WARNING: [RTGEN 206-101] Register 'p_ZZN4nnet24compute_output_buffer_2dINS_5arrayI8ap_fixedILi16ELi6EL9ap_q_mode5EL9_995' is power-on initialization.
WARNING: [RTGEN 206-101] Register 'p_ZZN4nnet24compute_output_buffer_2dINS_5arrayI8ap_fixedILi16ELi6EL9ap_q_mode5EL9_960' is power-on initialization.
WARNING: [RTGEN 206-101] Register 'p_ZZN4nnet24compute_output_buffer_2dINS_5arrayI8ap_fixedILi16ELi6EL9ap_q_mode5EL9_996' is power-on initialization.
WARNING: [RTGEN 206-101] Register 'p_ZZN4nnet24compute_output_buffer_2dINS_5arrayI8ap_fixedILi16ELi6EL9ap_q_mode5EL9_961' is power-on initialization.
WARNING: [RTGEN 206-101] Register 'p_ZZN4nnet24compute_output_buffer_2dINS_5arrayI8ap_fixedILi16ELi6EL9ap_q_mode5EL9_997' is power-on initialization.
WARNING: [RTGEN 206-101] Register 'p_ZZN4nnet24compute_output_buffer_2dINS_5arrayI8ap_fixedILi16ELi6EL9ap_q_mode5EL9_962' is power-on initialization.
WARNING: [RTGEN 206-101] Register 'p_ZZN4nnet24compute_output_buffer_2dINS_5arrayI8ap_fixedILi16ELi6EL9ap_q_mode5EL9_999' is power-on initialization.
WARNING: [RTGEN 206-101] Register 'p_ZZN4nnet24compute_output_buffer_2dINS_5arrayI8ap_fixedILi16ELi6EL9ap_q_mode5EL9_963' is power-on initialization.
WARNING: [RTGEN 206-101] Register 'p_ZZN4nnet24compute_output_buffer_2dINS_5arrayI8ap_fixedILi16ELi6EL9ap_q_mode5EL9_1000' is power-on initialization.
WARNING: [RTGEN 206-101] Register 'p_ZZN4nnet24compute_output_buffer_2dINS_5arrayI8ap_fixedILi16ELi6EL9ap_q_mode5EL9_964' is power-on initialization.
WARNING: [RTGEN 206-101] Register 'p_ZZN4nnet24compute_output_buffer_2dINS_5arrayI8ap_fixedILi16ELi6EL9ap_q_mode5EL9_1001' is power-on initialization.
WARNING: [RTGEN 206-101] Register 'p_ZZN4nnet24compute_output_buffer_2dINS_5arrayI8ap_fixedILi16ELi6EL9ap_q_mode5EL9_966' is power-on initialization.
WARNING: [RTGEN 206-101] Register 'p_ZZN4nnet24compute_output_buffer_2dINS_5arrayI8ap_fixedILi16ELi6EL9ap_q_mode5EL9_1002' is power-on initialization.
WARNING: [RTGEN 206-101] Register 'p_ZZN4nnet24compute_output_buffer_2dINS_5arrayI8ap_fixedILi16ELi6EL9ap_q_mode5EL9_967' is power-on initialization.
WARNING: [RTGEN 206-101] Register 'p_ZZN4nnet24compute_output_buffer_2dINS_5arrayI8ap_fixedILi16ELi6EL9ap_q_mode5EL9_1003' is power-on initialization.
WARNING: [RTGEN 206-101] Register 'p_ZZN4nnet24compute_output_buffer_2dINS_5arrayI8ap_fixedILi16ELi6EL9ap_q_mode5EL9_968' is power-on initialization.
WARNING: [RTGEN 206-101] Register 'p_ZZN4nnet24compute_output_buffer_2dINS_5arrayI8ap_fixedILi16ELi6EL9ap_q_mode5EL9_1004' is power-on initialization.
WARNING: [RTGEN 206-101] Register 'p_ZZN4nnet24compute_output_buffer_2dINS_5arrayI8ap_fixedILi16ELi6EL9ap_q_mode5EL9_969' is power-on initialization.
WARNING: [RTGEN 206-101] Register 'p_ZZN4nnet24compute_output_buffer_2dINS_5arrayI8ap_fixedILi16ELi6EL9ap_q_mode5EL9_35' is power-on initialization.
WARNING: [RTGEN 206-101] Register 'p_ZZN4nnet24compute_output_buffer_2dINS_5arrayI8ap_fixedILi16ELi6EL9ap_q_mode5EL9_34' is power-on initialization.
WARNING: [RTGEN 206-101] Register 'p_ZZN4nnet24compute_output_buffer_2dINS_5arrayI8ap_fixedILi16ELi6EL9ap_q_mode5EL9_33' is power-on initialization.
WARNING: [RTGEN 206-101] Register 'p_ZZN4nnet24compute_output_buffer_2dINS_5arrayI8ap_fixedILi16ELi6EL9ap_q_mode5EL9_32' is power-on initialization.
WARNING: [RTGEN 206-101] Register 'p_ZZN4nnet24compute_output_buffer_2dINS_5arrayI8ap_fixedILi16ELi6EL9ap_q_mode5EL9_31' is power-on initialization.
WARNING: [RTGEN 206-101] Register 'p_ZZN4nnet24compute_output_buffer_2dINS_5arrayI8ap_fixedILi16ELi6EL9ap_q_mode5EL9_30' is power-on initialization.
WARNING: [RTGEN 206-101] Register 'p_ZZN4nnet24compute_output_buffer_2dINS_5arrayI8ap_fixedILi16ELi6EL9ap_q_mode5EL9_29' is power-on initialization.
WARNING: [RTGEN 206-101] Register 'p_ZZN4nnet24compute_output_buffer_2dINS_5arrayI8ap_fixedILi16ELi6EL9ap_q_mode5EL9_28' is power-on initialization.
WARNING: [RTGEN 206-101] Register 'p_ZZN4nnet24compute_output_buffer_2dINS_5arrayI8ap_fixedILi16ELi6EL9ap_q_mode5EL9_27' is power-on initialization.
WARNING: [RTGEN 206-101] Register 'p_ZZN4nnet24compute_output_buffer_2dINS_5arrayI8ap_fixedILi16ELi6EL9ap_q_mode5EL9_26' is power-on initialization.
WARNING: [RTGEN 206-101] Register 'p_ZZN4nnet24compute_output_buffer_2dINS_5arrayI8ap_fixedILi16ELi6EL9ap_q_mode5EL9_25' is power-on initialization.
WARNING: [RTGEN 206-101] Register 'p_ZZN4nnet24compute_output_buffer_2dINS_5arrayI8ap_fixedILi16ELi6EL9ap_q_mode5EL9_24' is power-on initialization.
WARNING: [RTGEN 206-101] Register 'p_ZZN4nnet24compute_output_buffer_2dINS_5arrayI8ap_fixedILi16ELi6EL9ap_q_mode5EL9_23' is power-on initialization.
WARNING: [RTGEN 206-101] Register 'p_ZZN4nnet24compute_output_buffer_2dINS_5arrayI8ap_fixedILi16ELi6EL9ap_q_mode5EL9_22' is power-on initialization.
WARNING: [RTGEN 206-101] Register 'p_ZZN4nnet24compute_output_buffer_2dINS_5arrayI8ap_fixedILi16ELi6EL9ap_q_mode5EL9_21' is power-on initialization.
WARNING: [RTGEN 206-101] Register 'p_ZZN4nnet24compute_output_buffer_2dINS_5arrayI8ap_fixedILi16ELi6EL9ap_q_mode5EL9_20' is power-on initialization.
WARNING: [RTGEN 206-101] Register 'p_ZZN4nnet24compute_output_buffer_2dINS_5arrayI8ap_fixedILi16ELi6EL9ap_q_mode5EL9_19' is power-on initialization.
WARNING: [RTGEN 206-101] Register 'p_ZZN4nnet24compute_output_buffer_2dINS_5arrayI8ap_fixedILi16ELi6EL9ap_q_mode5EL9_18' is power-on initialization.
WARNING: [RTGEN 206-101] Register 'p_ZZN4nnet24compute_output_buffer_2dINS_5arrayI8ap_fixedILi16ELi6EL9ap_q_mode5EL9_17' is power-on initialization.
WARNING: [RTGEN 206-101] Register 'p_ZZN4nnet24compute_output_buffer_2dINS_5arrayI8ap_fixedILi16ELi6EL9ap_q_mode5EL9_16' is power-on initialization.
WARNING: [RTGEN 206-101] Register 'p_ZZN4nnet24compute_output_buffer_2dINS_5arrayI8ap_fixedILi16ELi6EL9ap_q_mode5EL9_15' is power-on initialization.
WARNING: [RTGEN 206-101] Register 'p_ZZN4nnet24compute_output_buffer_2dINS_5arrayI8ap_fixedILi16ELi6EL9ap_q_mode5EL9_14' is power-on initialization.
WARNING: [RTGEN 206-101] Register 'p_ZZN4nnet24compute_output_buffer_2dINS_5arrayI8ap_fixedILi16ELi6EL9ap_q_mode5EL9_13' is power-on initialization.
WARNING: [RTGEN 206-101] Register 'p_ZZN4nnet24compute_output_buffer_2dINS_5arrayI8ap_fixedILi16ELi6EL9ap_q_mode5EL9_12' is power-on initialization.
WARNING: [RTGEN 206-101] Register 'p_ZZN4nnet24compute_output_buffer_2dINS_5arrayI8ap_fixedILi16ELi6EL9ap_q_mode5EL9_11' is power-on initialization.
WARNING: [RTGEN 206-101] Register 'p_ZZN4nnet24compute_output_buffer_2dINS_5arrayI8ap_fixedILi16ELi6EL9ap_q_mode5EL9_10' is power-on initialization.
WARNING: [RTGEN 206-101] Register 'p_ZZN4nnet24compute_output_buffer_2dINS_5arrayI8ap_fixedILi16ELi6EL9ap_q_mode5EL9_9' is power-on initialization.
WARNING: [RTGEN 206-101] Register 'p_ZZN4nnet24compute_output_buffer_2dINS_5arrayI8ap_fixedILi16ELi6EL9ap_q_mode5EL9_8' is power-on initialization.
WARNING: [RTGEN 206-101] Register 'p_ZZN4nnet24compute_output_buffer_2dINS_5arrayI8ap_fixedILi16ELi6EL9ap_q_mode5EL9_7' is power-on initialization.
WARNING: [RTGEN 206-101] Register 'p_ZZN4nnet24compute_output_buffer_2dINS_5arrayI8ap_fixedILi16ELi6EL9ap_q_mode5EL9_6' is power-on initialization.
WARNING: [RTGEN 206-101] Register 'p_ZZN4nnet24compute_output_buffer_2dINS_5arrayI8ap_fixedILi16ELi6EL9ap_q_mode5EL9_5' is power-on initialization.
WARNING: [RTGEN 206-101] Register 'p_ZZN4nnet24compute_output_buffer_2dINS_5arrayI8ap_fixedILi16ELi6EL9ap_q_mode5EL9_4' is power-on initialization.
WARNING: [RTGEN 206-101] Register 'p_ZZN4nnet24compute_output_buffer_2dINS_5arrayI8ap_fixedILi16ELi6EL9ap_q_mode5EL9_900' is power-on initialization.
WARNING: [RTGEN 206-101] Register 'p_ZZN4nnet24compute_output_buffer_2dINS_5arrayI8ap_fixedILi16ELi6EL9ap_q_mode5EL9_901' is power-on initialization.
WARNING: [RTGEN 206-101] Register 'p_ZZN4nnet24compute_output_buffer_2dINS_5arrayI8ap_fixedILi16ELi6EL9ap_q_mode5EL9_902' is power-on initialization.
WARNING: [RTGEN 206-101] Register 'p_ZZN4nnet24compute_output_buffer_2dINS_5arrayI8ap_fixedILi16ELi6EL9ap_q_mode5EL9_903' is power-on initialization.
WARNING: [RTGEN 206-101] Register 'p_ZZN4nnet24compute_output_buffer_2dINS_5arrayI8ap_fixedILi16ELi6EL9ap_q_mode5EL9_904' is power-on initialization.
WARNING: [RTGEN 206-101] Register 'p_ZZN4nnet24compute_output_buffer_2dINS_5arrayI8ap_fixedILi16ELi6EL9ap_q_mode5EL9_905' is power-on initialization.
WARNING: [RTGEN 206-101] Register 'p_ZZN4nnet24compute_output_buffer_2dINS_5arrayI8ap_fixedILi16ELi6EL9ap_q_mode5EL9_906' is power-on initialization.
WARNING: [RTGEN 206-101] Register 'p_ZZN4nnet24compute_output_buffer_2dINS_5arrayI8ap_fixedILi16ELi6EL9ap_q_mode5EL9_907' is power-on initialization.
WARNING: [RTGEN 206-101] Register 'p_ZZN4nnet24compute_output_buffer_2dINS_5arrayI8ap_fixedILi16ELi6EL9ap_q_mode5EL9_908' is power-on initialization.
WARNING: [RTGEN 206-101] Register 'p_ZZN4nnet24compute_output_buffer_2dINS_5arrayI8ap_fixedILi16ELi6EL9ap_q_mode5EL9_909' is power-on initialization.
WARNING: [RTGEN 206-101] Register 'p_ZZN4nnet24compute_output_buffer_2dINS_5arrayI8ap_fixedILi16ELi6EL9ap_q_mode5EL9_911' is power-on initialization.
WARNING: [RTGEN 206-101] Register 'p_ZZN4nnet24compute_output_buffer_2dINS_5arrayI8ap_fixedILi16ELi6EL9ap_q_mode5EL9_912' is power-on initialization.
WARNING: [RTGEN 206-101] Register 'p_ZZN4nnet24compute_output_buffer_2dINS_5arrayI8ap_fixedILi16ELi6EL9ap_q_mode5EL9_913' is power-on initialization.
WARNING: [RTGEN 206-101] Register 'p_ZZN4nnet24compute_output_buffer_2dINS_5arrayI8ap_fixedILi16ELi6EL9ap_q_mode5EL9_914' is power-on initialization.
WARNING: [RTGEN 206-101] Register 'p_ZZN4nnet24compute_output_buffer_2dINS_5arrayI8ap_fixedILi16ELi6EL9ap_q_mode5EL9_915' is power-on initialization.
WARNING: [RTGEN 206-101] Register 'p_ZZN4nnet24compute_output_buffer_2dINS_5arrayI8ap_fixedILi16ELi6EL9ap_q_mode5EL9_916' is power-on initialization.
WARNING: [RTGEN 206-101] Register 'p_ZZN4nnet24compute_output_buffer_2dINS_5arrayI8ap_fixedILi16ELi6EL9ap_q_mode5EL9_917' is power-on initialization.
WARNING: [RTGEN 206-101] Register 'p_ZZN4nnet24compute_output_buffer_2dINS_5arrayI8ap_fixedILi16ELi6EL9ap_q_mode5EL9_918' is power-on initialization.
WARNING: [RTGEN 206-101] Register 'p_ZZN4nnet24compute_output_buffer_2dINS_5arrayI8ap_fixedILi16ELi6EL9ap_q_mode5EL9_919' is power-on initialization.
WARNING: [RTGEN 206-101] Register 'p_ZZN4nnet24compute_output_buffer_2dINS_5arrayI8ap_fixedILi16ELi6EL9ap_q_mode5EL9_920' is power-on initialization.
WARNING: [RTGEN 206-101] Register 'p_ZZN4nnet24compute_output_buffer_2dINS_5arrayI8ap_fixedILi16ELi6EL9ap_q_mode5EL9_922' is power-on initialization.
WARNING: [RTGEN 206-101] Register 'p_ZZN4nnet24compute_output_buffer_2dINS_5arrayI8ap_fixedILi16ELi6EL9ap_q_mode5EL9_923' is power-on initialization.
WARNING: [RTGEN 206-101] Register 'p_ZZN4nnet24compute_output_buffer_2dINS_5arrayI8ap_fixedILi16ELi6EL9ap_q_mode5EL9_924' is power-on initialization.
WARNING: [RTGEN 206-101] Register 'p_ZZN4nnet24compute_output_buffer_2dINS_5arrayI8ap_fixedILi16ELi6EL9ap_q_mode5EL9_925' is power-on initialization.
WARNING: [RTGEN 206-101] Register 'p_ZZN4nnet24compute_output_buffer_2dINS_5arrayI8ap_fixedILi16ELi6EL9ap_q_mode5EL9_926' is power-on initialization.
WARNING: [RTGEN 206-101] Register 'p_ZZN4nnet24compute_output_buffer_2dINS_5arrayI8ap_fixedILi16ELi6EL9ap_q_mode5EL9_927' is power-on initialization.
WARNING: [RTGEN 206-101] Register 'p_ZZN4nnet24compute_output_buffer_2dINS_5arrayI8ap_fixedILi16ELi6EL9ap_q_mode5EL9_928' is power-on initialization.
WARNING: [RTGEN 206-101] Register 'p_ZZN4nnet24compute_output_buffer_2dINS_5arrayI8ap_fixedILi16ELi6EL9ap_q_mode5EL9_929' is power-on initialization.
WARNING: [RTGEN 206-101] Register 'p_ZZN4nnet24compute_output_buffer_2dINS_5arrayI8ap_fixedILi16ELi6EL9ap_q_mode5EL9_930' is power-on initialization.
WARNING: [RTGEN 206-101] Register 'p_ZZN4nnet24compute_output_buffer_2dINS_5arrayI8ap_fixedILi16ELi6EL9ap_q_mode5EL9_931' is power-on initialization.
WARNING: [RTGEN 206-101] Register 'p_ZZN4nnet24compute_output_buffer_2dINS_5arrayI8ap_fixedILi16ELi6EL9ap_q_mode5EL9_933' is power-on initialization.
WARNING: [RTGEN 206-101] Register 'p_ZZN4nnet24compute_output_buffer_2dINS_5arrayI8ap_fixedILi16ELi6EL9ap_q_mode5EL9_934' is power-on initialization.
WARNING: [RTGEN 206-101] Register 'p_ZZN4nnet24compute_output_buffer_2dINS_5arrayI8ap_fixedILi16ELi6EL9ap_q_mode5EL9_1005' is power-on initialization.
WARNING: [RTGEN 206-101] Register 'p_ZZN4nnet24compute_output_buffer_2dINS_5arrayI8ap_fixedILi16ELi6EL9ap_q_mode5EL9_1006' is power-on initialization.
WARNING: [RTGEN 206-101] Register 'p_ZZN4nnet24compute_output_buffer_2dINS_5arrayI8ap_fixedILi16ELi6EL9ap_q_mode5EL9_1007' is power-on initialization.
WARNING: [RTGEN 206-101] Register 'p_ZZN4nnet24compute_output_buffer_2dINS_5arrayI8ap_fixedILi16ELi6EL9ap_q_mode5EL9_1008' is power-on initialization.
WARNING: [RTGEN 206-101] Register 'p_ZZN4nnet24compute_output_buffer_2dINS_5arrayI8ap_fixedILi16ELi6EL9ap_q_mode5EL9_1010' is power-on initialization.
WARNING: [RTGEN 206-101] Register 'p_ZZN4nnet24compute_output_buffer_2dINS_5arrayI8ap_fixedILi16ELi6EL9ap_q_mode5EL9_99' is power-on initialization.
WARNING: [RTGEN 206-101] Register 'p_ZZN4nnet24compute_output_buffer_2dINS_5arrayI8ap_fixedILi16ELi6EL9ap_q_mode5EL9_98' is power-on initialization.
WARNING: [RTGEN 206-101] Register 'p_ZZN4nnet24compute_output_buffer_2dINS_5arrayI8ap_fixedILi16ELi6EL9ap_q_mode5EL9_97' is power-on initialization.
WARNING: [RTGEN 206-101] Register 'p_ZZN4nnet24compute_output_buffer_2dINS_5arrayI8ap_fixedILi16ELi6EL9ap_q_mode5EL9_96' is power-on initialization.
WARNING: [RTGEN 206-101] Register 'p_ZZN4nnet24compute_output_buffer_2dINS_5arrayI8ap_fixedILi16ELi6EL9ap_q_mode5EL9_95' is power-on initialization.
WARNING: [RTGEN 206-101] Register 'p_ZZN4nnet24compute_output_buffer_2dINS_5arrayI8ap_fixedILi16ELi6EL9ap_q_mode5EL9_94' is power-on initialization.
WARNING: [RTGEN 206-101] Register 'p_ZZN4nnet24compute_output_buffer_2dINS_5arrayI8ap_fixedILi16ELi6EL9ap_q_mode5EL9_93' is power-on initialization.
WARNING: [RTGEN 206-101] Register 'p_ZZN4nnet24compute_output_buffer_2dINS_5arrayI8ap_fixedILi16ELi6EL9ap_q_mode5EL9_92' is power-on initialization.
WARNING: [RTGEN 206-101] Register 'p_ZZN4nnet24compute_output_buffer_2dINS_5arrayI8ap_fixedILi16ELi6EL9ap_q_mode5EL9_91' is power-on initialization.
WARNING: [RTGEN 206-101] Register 'p_ZZN4nnet24compute_output_buffer_2dINS_5arrayI8ap_fixedILi16ELi6EL9ap_q_mode5EL9_89' is power-on initialization.
WARNING: [RTGEN 206-101] Register 'p_ZZN4nnet24compute_output_buffer_2dINS_5arrayI8ap_fixedILi16ELi6EL9ap_q_mode5EL9_88' is power-on initialization.
WARNING: [RTGEN 206-101] Register 'p_ZZN4nnet24compute_output_buffer_2dINS_5arrayI8ap_fixedILi16ELi6EL9ap_q_mode5EL9_87' is power-on initialization.
WARNING: [RTGEN 206-101] Register 'p_ZZN4nnet24compute_output_buffer_2dINS_5arrayI8ap_fixedILi16ELi6EL9ap_q_mode5EL9_86' is power-on initialization.
WARNING: [RTGEN 206-101] Register 'p_ZZN4nnet24compute_output_buffer_2dINS_5arrayI8ap_fixedILi16ELi6EL9ap_q_mode5EL9_85' is power-on initialization.
WARNING: [RTGEN 206-101] Register 'p_ZZN4nnet24compute_output_buffer_2dINS_5arrayI8ap_fixedILi16ELi6EL9ap_q_mode5EL9_84' is power-on initialization.
WARNING: [RTGEN 206-101] Register 'p_ZZN4nnet24compute_output_buffer_2dINS_5arrayI8ap_fixedILi16ELi6EL9ap_q_mode5EL9_83' is power-on initialization.
WARNING: [RTGEN 206-101] Register 'p_ZZN4nnet24compute_output_buffer_2dINS_5arrayI8ap_fixedILi16ELi6EL9ap_q_mode5EL9_82' is power-on initialization.
WARNING: [RTGEN 206-101] Register 'p_ZZN4nnet24compute_output_buffer_2dINS_5arrayI8ap_fixedILi16ELi6EL9ap_q_mode5EL9_81' is power-on initialization.
WARNING: [RTGEN 206-101] Register 'p_ZZN4nnet24compute_output_buffer_2dINS_5arrayI8ap_fixedILi16ELi6EL9ap_q_mode5EL9_80' is power-on initialization.
WARNING: [RTGEN 206-101] Register 'p_ZZN4nnet24compute_output_buffer_2dINS_5arrayI8ap_fixedILi16ELi6EL9ap_q_mode5EL9_78' is power-on initialization.
WARNING: [RTGEN 206-101] Register 'p_ZZN4nnet24compute_output_buffer_2dINS_5arrayI8ap_fixedILi16ELi6EL9ap_q_mode5EL9_77' is power-on initialization.
WARNING: [RTGEN 206-101] Register 'p_ZZN4nnet24compute_output_buffer_2dINS_5arrayI8ap_fixedILi16ELi6EL9ap_q_mode5EL9_76' is power-on initialization.
WARNING: [RTGEN 206-101] Register 'p_ZZN4nnet24compute_output_buffer_2dINS_5arrayI8ap_fixedILi16ELi6EL9ap_q_mode5EL9_75' is power-on initialization.
WARNING: [RTGEN 206-101] Register 'p_ZZN4nnet24compute_output_buffer_2dINS_5arrayI8ap_fixedILi16ELi6EL9ap_q_mode5EL9_74' is power-on initialization.
WARNING: [RTGEN 206-101] Register 'p_ZZN4nnet24compute_output_buffer_2dINS_5arrayI8ap_fixedILi16ELi6EL9ap_q_mode5EL9_73' is power-on initialization.
WARNING: [RTGEN 206-101] Register 'p_ZZN4nnet24compute_output_buffer_2dINS_5arrayI8ap_fixedILi16ELi6EL9ap_q_mode5EL9_72' is power-on initialization.
WARNING: [RTGEN 206-101] Register 'p_ZZN4nnet24compute_output_buffer_2dINS_5arrayI8ap_fixedILi16ELi6EL9ap_q_mode5EL9_71' is power-on initialization.
WARNING: [RTGEN 206-101] Register 'sX' is power-on initialization.
WARNING: [RTGEN 206-101] Register 'sY' is power-on initialization.
WARNING: [RTGEN 206-101] Register 'pY' is power-on initialization.
WARNING: [RTGEN 206-101] Register 'pX' is power-on initialization.
INFO: [HLS 200-1030] Apply Unified Pipeline Control on module 'compute_output_buffer_2d_array_array_ap_fixed_42_22_5_3_0_32u_config4_s' pipeline 'compute_output_buffer_2d<array,array<ap_fixed<42,22,5,3,0>,32u>,config4>' pipeline type 'function pipeline'
INFO: [RTGEN 206-104] Estimated max fanout for 'compute_output_buffer_2d_array_array_ap_fixed_42_22_5_3_0_32u_config4_s' is 317951 from HDL expression: ((1'b1 == ap_ce) & (((1'b0 == ap_block_pp0_stage18_11001_ignoreCallOp109) & (1'b1 == ap_CS_fsm_pp0_stage18)) | ((1'b0 == ap_block_pp0_stage17_11001_ignoreCallOp108) & (1'b1 == ap_CS_fsm_pp0_stage17)) | ((1'b0 == ap_block_pp0_stage16_11001_ignoreCallOp107) & (1'b1 == ap_CS_fsm_pp0_stage16)) | ((1'b0 == ap_block_pp0_stage15_11001_ignoreCallOp106) & (1'b1 == ap_CS_fsm_pp0_stage15)) | ((1'b0 == ap_block_pp0_stage14_11001_ignoreCallOp105) & (1'b1 == ap_CS_fsm_pp0_stage14)) | ((1'b0 == ap_block_pp0_stage13_11001_ignoreCallOp104) & (1'b1 == ap_CS_fsm_pp0_stage13)) | ((1'b0 == ap_block_pp0_stage12_11001_ignoreCallOp103) & (1'b1 == ap_CS_fsm_pp0_stage12)) | ((1'b0 == ap_block_pp0_stage11_11001_ignoreCallOp102) & (1'b1 == ap_CS_fsm_pp0_stage11)) | ((1'b0 == ap_block_pp0_stage10_11001_ignoreCallOp101) & (1'b1 == ap_CS_fsm_pp0_stage10)) | ((1'b0 == ap_block_pp0_stage9_11001_ignoreCallOp100) & (1'b1 == ap_CS_fsm_pp0_stage9)) | ((1'b0 == ap_block_pp0_stage8_11001_ignoreCallOp99) & (1'b1 == ap_CS_fsm_pp0_stage8)) | ((1'b0 == 
    ap_block_pp0_stage7_11001_ignoreCallOp98) & (1'b1 == ap_CS_fsm_pp0_stage7)) | ((1'b0 == ap_block_pp0_stage6_11001_ignoreCallOp97) & (1'b1 == ap_CS_fsm_pp0_stage6)) | ((1'b0 == ap_block_pp0_stage5_11001_ignoreCallOp96) & (1'b1 == ap_CS_fsm_pp0_stage5)) | ((1'b0 == ap_block_pp0_stage4_11001_ignoreCallOp95) & (1'b1 == ap_CS_fsm_pp0_stage4)) | ((1'b0 == ap_block_pp0_stage3_11001_ignoreCallOp94) & (1'b1 == ap_CS_fsm_pp0_stage3)) | ((1'b0 == ap_block_pp0_stage2_11001_ignoreCallOp93) & (1'b1 == ap_CS_fsm_pp0_stage2)) | ((1'b0 == ap_block_pp0_stage1_11001_ignoreCallOp86) & (1'b1 == ap_CS_fsm_pp0_stage1))))
INFO: [RTGEN 206-100] Finished creating RTL model for 'compute_output_buffer_2d_array_array_ap_fixed_42_22_5_3_0_32u_config4_s'.
INFO: [HLS 200-111] Finished Creating RTL model: CPU user time: 29.92 seconds. CPU system time: 0.85 seconds. Elapsed time: 30.93 seconds; current allocated memory: 6.210 GB.
INFO: [HLS 200-10] ----------------------------------------------------------------
INFO: [HLS 200-10] -- Generating RTL for module 'conv_2d_cl_array_ap_fixed_32u_array_ap_fixed_42_22_5_3_0_32u_config4_s' 
INFO: [HLS 200-10] ----------------------------------------------------------------
INFO: [HLS 200-1030] Apply Unified Pipeline Control on module 'conv_2d_cl_array_ap_fixed_32u_array_ap_fixed_42_22_5_3_0_32u_config4_s' pipeline 'ReadInputHeight_ReadInputWidth' pipeline type 'loop pipeline'
INFO: [RTGEN 206-104] Estimated max fanout for 'conv_2d_cl_array_ap_fixed_32u_array_ap_fixed_42_22_5_3_0_32u_config4_s' is 321104 from HDL expression: (((1'b0 == ap_block_pp0_stage0_11001_ignoreCallOp85) & (1'b1 == ap_CS_fsm_pp0_stage0)) | ((1'b0 == ap_block_pp0_stage18_11001_ignoreCallOp84) & (1'b1 == ap_CS_fsm_pp0_stage18)) | ((1'b0 == ap_block_pp0_stage17_11001_ignoreCallOp83) & (1'b1 == ap_CS_fsm_pp0_stage17)) | ((1'b0 == ap_block_pp0_stage16_11001_ignoreCallOp82) & (1'b1 == ap_CS_fsm_pp0_stage16)) | ((1'b0 == ap_block_pp0_stage15_11001_ignoreCallOp81) & (1'b1 == ap_CS_fsm_pp0_stage15)) | ((1'b0 == ap_block_pp0_stage14_11001_ignoreCallOp80) & (1'b1 == ap_CS_fsm_pp0_stage14)) | ((1'b0 == ap_block_pp0_stage13_11001_ignoreCallOp79) & (1'b1 == ap_CS_fsm_pp0_stage13)) | ((1'b0 == ap_block_pp0_stage12_11001_ignoreCallOp78) & (1'b1 == ap_CS_fsm_pp0_stage12)) | ((1'b0 == ap_block_pp0_stage11_11001_ignoreCallOp77) & (1'b1 == ap_CS_fsm_pp0_stage11)) | ((1'b0 == ap_block_pp0_stage10_11001_ignoreCallOp76) & (1'b1 == ap_CS_fsm_pp0_stage10)) | ((1'b0 == ap_block_pp0_stage9_11001_ignoreCallOp75) & (1'b1 == ap_CS_fsm_pp0_stage9)) | ((1'b0 == ap_block_pp0_stage8_11001_ignoreCallOp74) 
    & (1'b1 == ap_CS_fsm_pp0_stage8)) | ((1'b0 == ap_block_pp0_stage7_11001_ignoreCallOp73) & (1'b1 == ap_CS_fsm_pp0_stage7)) | ((1'b0 == ap_block_pp0_stage6_11001_ignoreCallOp72) & (1'b1 == ap_CS_fsm_pp0_stage6)) | ((1'b0 == ap_block_pp0_stage5_11001_ignoreCallOp71) & (1'b1 == ap_CS_fsm_pp0_stage5)) | ((1'b0 == ap_block_pp0_stage4_11001_ignoreCallOp70) & (1'b1 == ap_CS_fsm_pp0_stage4)) | ((1'b0 == ap_block_pp0_stage3_11001_ignoreCallOp69) & (1'b1 == ap_CS_fsm_pp0_stage3)) | ((1'b0 == ap_block_pp0_stage2_11001_ignoreCallOp68) & (1'b1 == ap_CS_fsm_pp0_stage2)) | ((1'b0 == ap_block_pp0_stage1_11001_ignoreCallOp67_grp1) & (1'b1 == ap_CS_fsm_pp0_stage1)))
INFO: [RTGEN 206-100] Finished creating RTL model for 'conv_2d_cl_array_ap_fixed_32u_array_ap_fixed_42_22_5_3_0_32u_config4_s'.
INFO: [HLS 200-111] Finished Creating RTL model: CPU user time: 0.59 seconds. CPU system time: 0.02 seconds. Elapsed time: 0.61 seconds; current allocated memory: 6.210 GB.
INFO: [HLS 200-10] ----------------------------------------------------------------
INFO: [HLS 200-10] -- Generating RTL for module 'relu_array_ap_fixed_32u_array_ap_fixed_16_6_5_3_0_32u_relu_config5_s' 
INFO: [HLS 200-10] ----------------------------------------------------------------
INFO: [HLS 200-1030] Apply Unified Pipeline Control on module 'relu_array_ap_fixed_32u_array_ap_fixed_16_6_5_3_0_32u_relu_config5_s' pipeline 'ReLUActLoop' pipeline type 'loop pipeline'
INFO: [RTGEN 206-100] Finished creating RTL model for 'relu_array_ap_fixed_32u_array_ap_fixed_16_6_5_3_0_32u_relu_config5_s'.
INFO: [HLS 200-111] Finished Creating RTL model: CPU user time: 0.43 seconds. CPU system time: 0.01 seconds. Elapsed time: 0.45 seconds; current allocated memory: 6.210 GB.
INFO: [HLS 200-10] ----------------------------------------------------------------
INFO: [HLS 200-10] -- Generating RTL for module 'zeropad2d_cl_array_array_ap_fixed_32u_config10_Pipeline_PadTopWidth' 
INFO: [HLS 200-10] ----------------------------------------------------------------
INFO: [HLS 200-1030] Apply Unified Pipeline Control on module 'zeropad2d_cl_array_array_ap_fixed_32u_config10_Pipeline_PadTopWidth' pipeline 'PadTopWidth' pipeline type 'loop pipeline'
INFO: [RTGEN 206-100] Finished creating RTL model for 'zeropad2d_cl_array_array_ap_fixed_32u_config10_Pipeline_PadTopWidth'.
INFO: [HLS 200-111] Finished Creating RTL model: CPU user time: 0.13 seconds. CPU system time: 0.01 seconds. Elapsed time: 0.15 seconds; current allocated memory: 6.210 GB.
INFO: [HLS 200-10] ----------------------------------------------------------------
INFO: [HLS 200-10] -- Generating RTL for module 'zeropad2d_cl_array_array_ap_fixed_16_6_5_3_0_32u_config10_Pipeline_CopyMain' 
INFO: [HLS 200-10] ----------------------------------------------------------------
INFO: [HLS 200-1030] Apply Unified Pipeline Control on module 'zeropad2d_cl_array_array_ap_fixed_16_6_5_3_0_32u_config10_Pipeline_CopyMain' pipeline 'CopyMain' pipeline type 'loop pipeline'
INFO: [RTGEN 206-100] Finished creating RTL model for 'zeropad2d_cl_array_array_ap_fixed_16_6_5_3_0_32u_config10_Pipeline_CopyMain'.
INFO: [HLS 200-111] Finished Creating RTL model: CPU user time: 0.11 seconds. CPU system time: 0.01 seconds. Elapsed time: 0.12 seconds; current allocated memory: 6.210 GB.
INFO: [HLS 200-10] ----------------------------------------------------------------
INFO: [HLS 200-10] -- Generating RTL for module 'zeropad2d_cl_array_array_ap_fixed_32u_config10_Pipeline_PadBottomWidth' 
INFO: [HLS 200-10] ----------------------------------------------------------------
INFO: [HLS 200-1030] Apply Unified Pipeline Control on module 'zeropad2d_cl_array_array_ap_fixed_32u_config10_Pipeline_PadBottomWidth' pipeline 'PadBottomWidth' pipeline type 'loop pipeline'
INFO: [RTGEN 206-100] Finished creating RTL model for 'zeropad2d_cl_array_array_ap_fixed_32u_config10_Pipeline_PadBottomWidth'.
INFO: [HLS 200-111] Finished Creating RTL model: CPU user time: 0.1 seconds. CPU system time: 0.01 seconds. Elapsed time: 0.11 seconds; current allocated memory: 6.210 GB.
INFO: [HLS 200-10] ----------------------------------------------------------------
INFO: [HLS 200-10] -- Generating RTL for module 'zeropad2d_cl_array_array_ap_fixed_16_6_5_3_0_32u_config10_s' 
INFO: [HLS 200-10] ----------------------------------------------------------------
INFO: [RTGEN 206-100] Finished creating RTL model for 'zeropad2d_cl_array_array_ap_fixed_16_6_5_3_0_32u_config10_s'.
INFO: [HLS 200-111] Finished Creating RTL model: CPU user time: 0.11 seconds. CPU system time: 0.02 seconds. Elapsed time: 0.12 seconds; current allocated memory: 6.210 GB.
INFO: [HLS 200-10] ----------------------------------------------------------------
INFO: [HLS 200-10] -- Generating RTL for module 'shift_line_buffer_array_ap_fixed_16_6_5_3_0_32u_config6_s' 
INFO: [HLS 200-10] ----------------------------------------------------------------
INFO: [SYN 201-210] Renamed object name 'shift_line_buffer_array_ap_fixed_16_6_5_3_0_32u_config6_s_p_ZZN4nnet25conv_2d_buffer_latency_clINS_5arrayI8ap_fixedILi16ELi6EL9ap_q_mode5EL_127_SHIFTREG_AUTO_0R0W' to 'shift_line_buffer_array_ap_fixed_16_6_5_3_0_32u_config6_s_p_ZZN4nnet25conv_2dbfk' due to the length limit 80
INFO: [SYN 201-210] Renamed object name 'shift_line_buffer_array_ap_fixed_16_6_5_3_0_32u_config6_s_p_ZZN4nnet25conv_2d_buffer_latency_clINS_5arrayI8ap_fixedILi16ELi6EL9ap_q_mode5EL_95_SHIFTREG_AUTO_0R0W' to 'shift_line_buffer_array_ap_fixed_16_6_5_3_0_32u_config6_s_p_ZZN4nnet25conv_2dbgk' due to the length limit 80
INFO: [SYN 201-210] Renamed object name 'shift_line_buffer_array_ap_fixed_16_6_5_3_0_32u_config6_s_p_ZZN4nnet25conv_2d_buffer_latency_clINS_5arrayI8ap_fixedILi16ELi6EL9ap_q_mode5EL_128_SHIFTREG_AUTO_0R0W' to 'shift_line_buffer_array_ap_fixed_16_6_5_3_0_32u_config6_s_p_ZZN4nnet25conv_2dbhl' due to the length limit 80
INFO: [SYN 201-210] Renamed object name 'shift_line_buffer_array_ap_fixed_16_6_5_3_0_32u_config6_s_p_ZZN4nnet25conv_2d_buffer_latency_clINS_5arrayI8ap_fixedILi16ELi6EL9ap_q_mode5EL_94_SHIFTREG_AUTO_0R0W' to 'shift_line_buffer_array_ap_fixed_16_6_5_3_0_32u_config6_s_p_ZZN4nnet25conv_2dbil' due to the length limit 80
INFO: [SYN 201-210] Renamed object name 'shift_line_buffer_array_ap_fixed_16_6_5_3_0_32u_config6_s_p_ZZN4nnet25conv_2d_buffer_latency_clINS_5arrayI8ap_fixedILi16ELi6EL9ap_q_mode5EL_139_SHIFTREG_AUTO_0R0W' to 'shift_line_buffer_array_ap_fixed_16_6_5_3_0_32u_config6_s_p_ZZN4nnet25conv_2dbjl' due to the length limit 80
INFO: [SYN 201-210] Renamed object name 'shift_line_buffer_array_ap_fixed_16_6_5_3_0_32u_config6_s_p_ZZN4nnet25conv_2d_buffer_latency_clINS_5arrayI8ap_fixedILi16ELi6EL9ap_q_mode5EL_83_SHIFTREG_AUTO_0R0W' to 'shift_line_buffer_array_ap_fixed_16_6_5_3_0_32u_config6_s_p_ZZN4nnet25conv_2dbkl' due to the length limit 80
INFO: [SYN 201-210] Renamed object name 'shift_line_buffer_array_ap_fixed_16_6_5_3_0_32u_config6_s_p_ZZN4nnet25conv_2d_buffer_latency_clINS_5arrayI8ap_fixedILi16ELi6EL9ap_q_mode5EL_150_SHIFTREG_AUTO_0R0W' to 'shift_line_buffer_array_ap_fixed_16_6_5_3_0_32u_config6_s_p_ZZN4nnet25conv_2dbll' due to the length limit 80
INFO: [SYN 201-210] Renamed object name 'shift_line_buffer_array_ap_fixed_16_6_5_3_0_32u_config6_s_p_ZZN4nnet25conv_2d_buffer_latency_clINS_5arrayI8ap_fixedILi16ELi6EL9ap_q_mode5EL_72_SHIFTREG_AUTO_0R0W' to 'shift_line_buffer_array_ap_fixed_16_6_5_3_0_32u_config6_s_p_ZZN4nnet25conv_2dbml' due to the length limit 80
INFO: [SYN 201-210] Renamed object name 'shift_line_buffer_array_ap_fixed_16_6_5_3_0_32u_config6_s_p_ZZN4nnet25conv_2d_buffer_latency_clINS_5arrayI8ap_fixedILi16ELi6EL9ap_q_mode5EL_153_SHIFTREG_AUTO_0R0W' to 'shift_line_buffer_array_ap_fixed_16_6_5_3_0_32u_config6_s_p_ZZN4nnet25conv_2dbnm' due to the length limit 80
INFO: [SYN 201-210] Renamed object name 'shift_line_buffer_array_ap_fixed_16_6_5_3_0_32u_config6_s_p_ZZN4nnet25conv_2d_buffer_latency_clINS_5arrayI8ap_fixedILi16ELi6EL9ap_q_mode5EL_69_SHIFTREG_AUTO_0R0W' to 'shift_line_buffer_array_ap_fixed_16_6_5_3_0_32u_config6_s_p_ZZN4nnet25conv_2dbom' due to the length limit 80
INFO: [SYN 201-210] Renamed object name 'shift_line_buffer_array_ap_fixed_16_6_5_3_0_32u_config6_s_p_ZZN4nnet25conv_2d_buffer_latency_clINS_5arrayI8ap_fixedILi16ELi6EL9ap_q_mode5EL_154_SHIFTREG_AUTO_0R0W' to 'shift_line_buffer_array_ap_fixed_16_6_5_3_0_32u_config6_s_p_ZZN4nnet25conv_2dbpm' due to the length limit 80
INFO: [SYN 201-210] Renamed object name 'shift_line_buffer_array_ap_fixed_16_6_5_3_0_32u_config6_s_p_ZZN4nnet25conv_2d_buffer_latency_clINS_5arrayI8ap_fixedILi16ELi6EL9ap_q_mode5EL_68_SHIFTREG_AUTO_0R0W' to 'shift_line_buffer_array_ap_fixed_16_6_5_3_0_32u_config6_s_p_ZZN4nnet25conv_2dbqm' due to the length limit 80
INFO: [SYN 201-210] Renamed object name 'shift_line_buffer_array_ap_fixed_16_6_5_3_0_32u_config6_s_p_ZZN4nnet25conv_2d_buffer_latency_clINS_5arrayI8ap_fixedILi16ELi6EL9ap_q_mode5EL_99_SHIFTREG_AUTO_0R0W' to 'shift_line_buffer_array_ap_fixed_16_6_5_3_0_32u_config6_s_p_ZZN4nnet25conv_2dbrm' due to the length limit 80
INFO: [SYN 201-210] Renamed object name 'shift_line_buffer_array_ap_fixed_16_6_5_3_0_32u_config6_s_p_ZZN4nnet25conv_2d_buffer_latency_clINS_5arrayI8ap_fixedILi16ELi6EL9ap_q_mode5EL_67_SHIFTREG_AUTO_0R0W' to 'shift_line_buffer_array_ap_fixed_16_6_5_3_0_32u_config6_s_p_ZZN4nnet25conv_2dbsm' due to the length limit 80
INFO: [SYN 201-210] Renamed object name 'shift_line_buffer_array_ap_fixed_16_6_5_3_0_32u_config6_s_p_ZZN4nnet25conv_2d_buffer_latency_clINS_5arrayI8ap_fixedILi16ELi6EL9ap_q_mode5EL_98_SHIFTREG_AUTO_0R0W' to 'shift_line_buffer_array_ap_fixed_16_6_5_3_0_32u_config6_s_p_ZZN4nnet25conv_2dbtn' due to the length limit 80
INFO: [SYN 201-210] Renamed object name 'shift_line_buffer_array_ap_fixed_16_6_5_3_0_32u_config6_s_p_ZZN4nnet25conv_2d_buffer_latency_clINS_5arrayI8ap_fixedILi16ELi6EL9ap_q_mode5EL_66_SHIFTREG_AUTO_0R0W' to 'shift_line_buffer_array_ap_fixed_16_6_5_3_0_32u_config6_s_p_ZZN4nnet25conv_2dbun' due to the length limit 80
INFO: [SYN 201-210] Renamed object name 'shift_line_buffer_array_ap_fixed_16_6_5_3_0_32u_config6_s_p_ZZN4nnet25conv_2d_buffer_latency_clINS_5arrayI8ap_fixedILi16ELi6EL9ap_q_mode5EL_97_SHIFTREG_AUTO_0R0W' to 'shift_line_buffer_array_ap_fixed_16_6_5_3_0_32u_config6_s_p_ZZN4nnet25conv_2dbvn' due to the length limit 80
INFO: [SYN 201-210] Renamed object name 'shift_line_buffer_array_ap_fixed_16_6_5_3_0_32u_config6_s_p_ZZN4nnet25conv_2d_buffer_latency_clINS_5arrayI8ap_fixedILi16ELi6EL9ap_q_mode5EL_65_SHIFTREG_AUTO_0R0W' to 'shift_line_buffer_array_ap_fixed_16_6_5_3_0_32u_config6_s_p_ZZN4nnet25conv_2dbwn' due to the length limit 80
INFO: [SYN 201-210] Renamed object name 'shift_line_buffer_array_ap_fixed_16_6_5_3_0_32u_config6_s_p_ZZN4nnet25conv_2d_buffer_latency_clINS_5arrayI8ap_fixedILi16ELi6EL9ap_q_mode5EL_96_SHIFTREG_AUTO_0R0W' to 'shift_line_buffer_array_ap_fixed_16_6_5_3_0_32u_config6_s_p_ZZN4nnet25conv_2dbxn' due to the length limit 80
INFO: [SYN 201-210] Renamed object name 'shift_line_buffer_array_ap_fixed_16_6_5_3_0_32u_config6_s_p_ZZN4nnet25conv_2d_buffer_latency_clINS_5arrayI8ap_fixedILi16ELi6EL9ap_q_mode5EL_64_SHIFTREG_AUTO_0R0W' to 'shift_line_buffer_array_ap_fixed_16_6_5_3_0_32u_config6_s_p_ZZN4nnet25conv_2dbyn' due to the length limit 80
INFO: [SYN 201-210] Renamed object name 'shift_line_buffer_array_ap_fixed_16_6_5_3_0_32u_config6_s_p_ZZN4nnet25conv_2d_buffer_latency_clINS_5arrayI8ap_fixedILi16ELi6EL9ap_q_mode5EL_129_SHIFTREG_AUTO_0R0W' to 'shift_line_buffer_array_ap_fixed_16_6_5_3_0_32u_config6_s_p_ZZN4nnet25conv_2dbzo' due to the length limit 80
INFO: [SYN 201-210] Renamed object name 'shift_line_buffer_array_ap_fixed_16_6_5_3_0_32u_config6_s_p_ZZN4nnet25conv_2d_buffer_latency_clINS_5arrayI8ap_fixedILi16ELi6EL9ap_q_mode5EL_93_SHIFTREG_AUTO_0R0W' to 'shift_line_buffer_array_ap_fixed_16_6_5_3_0_32u_config6_s_p_ZZN4nnet25conv_2dbAo' due to the length limit 80
INFO: [SYN 201-210] Renamed object name 'shift_line_buffer_array_ap_fixed_16_6_5_3_0_32u_config6_s_p_ZZN4nnet25conv_2d_buffer_latency_clINS_5arrayI8ap_fixedILi16ELi6EL9ap_q_mode5EL_130_SHIFTREG_AUTO_0R0W' to 'shift_line_buffer_array_ap_fixed_16_6_5_3_0_32u_config6_s_p_ZZN4nnet25conv_2dbBo' due to the length limit 80
INFO: [SYN 201-210] Renamed object name 'shift_line_buffer_array_ap_fixed_16_6_5_3_0_32u_config6_s_p_ZZN4nnet25conv_2d_buffer_latency_clINS_5arrayI8ap_fixedILi16ELi6EL9ap_q_mode5EL_92_SHIFTREG_AUTO_0R0W' to 'shift_line_buffer_array_ap_fixed_16_6_5_3_0_32u_config6_s_p_ZZN4nnet25conv_2dbCo' due to the length limit 80
INFO: [SYN 201-210] Renamed object name 'shift_line_buffer_array_ap_fixed_16_6_5_3_0_32u_config6_s_p_ZZN4nnet25conv_2d_buffer_latency_clINS_5arrayI8ap_fixedILi16ELi6EL9ap_q_mode5EL_131_SHIFTREG_AUTO_0R0W' to 'shift_line_buffer_array_ap_fixed_16_6_5_3_0_32u_config6_s_p_ZZN4nnet25conv_2dbDo' due to the length limit 80
INFO: [SYN 201-210] Renamed object name 'shift_line_buffer_array_ap_fixed_16_6_5_3_0_32u_config6_s_p_ZZN4nnet25conv_2d_buffer_latency_clINS_5arrayI8ap_fixedILi16ELi6EL9ap_q_mode5EL_91_SHIFTREG_AUTO_0R0W' to 'shift_line_buffer_array_ap_fixed_16_6_5_3_0_32u_config6_s_p_ZZN4nnet25conv_2dbEo' due to the length limit 80
INFO: [SYN 201-210] Renamed object name 'shift_line_buffer_array_ap_fixed_16_6_5_3_0_32u_config6_s_p_ZZN4nnet25conv_2d_buffer_latency_clINS_5arrayI8ap_fixedILi16ELi6EL9ap_q_mode5EL_132_SHIFTREG_AUTO_0R0W' to 'shift_line_buffer_array_ap_fixed_16_6_5_3_0_32u_config6_s_p_ZZN4nnet25conv_2dbFp' due to the length limit 80
INFO: [SYN 201-210] Renamed object name 'shift_line_buffer_array_ap_fixed_16_6_5_3_0_32u_config6_s_p_ZZN4nnet25conv_2d_buffer_latency_clINS_5arrayI8ap_fixedILi16ELi6EL9ap_q_mode5EL_90_SHIFTREG_AUTO_0R0W' to 'shift_line_buffer_array_ap_fixed_16_6_5_3_0_32u_config6_s_p_ZZN4nnet25conv_2dbGp' due to the length limit 80
INFO: [SYN 201-210] Renamed object name 'shift_line_buffer_array_ap_fixed_16_6_5_3_0_32u_config6_s_p_ZZN4nnet25conv_2d_buffer_latency_clINS_5arrayI8ap_fixedILi16ELi6EL9ap_q_mode5EL_133_SHIFTREG_AUTO_0R0W' to 'shift_line_buffer_array_ap_fixed_16_6_5_3_0_32u_config6_s_p_ZZN4nnet25conv_2dbHp' due to the length limit 80
INFO: [SYN 201-210] Renamed object name 'shift_line_buffer_array_ap_fixed_16_6_5_3_0_32u_config6_s_p_ZZN4nnet25conv_2d_buffer_latency_clINS_5arrayI8ap_fixedILi16ELi6EL9ap_q_mode5EL_89_SHIFTREG_AUTO_0R0W' to 'shift_line_buffer_array_ap_fixed_16_6_5_3_0_32u_config6_s_p_ZZN4nnet25conv_2dbIp' due to the length limit 80
INFO: [SYN 201-210] Renamed object name 'shift_line_buffer_array_ap_fixed_16_6_5_3_0_32u_config6_s_p_ZZN4nnet25conv_2d_buffer_latency_clINS_5arrayI8ap_fixedILi16ELi6EL9ap_q_mode5EL_134_SHIFTREG_AUTO_0R0W' to 'shift_line_buffer_array_ap_fixed_16_6_5_3_0_32u_config6_s_p_ZZN4nnet25conv_2dbJp' due to the length limit 80
INFO: [SYN 201-210] Renamed object name 'shift_line_buffer_array_ap_fixed_16_6_5_3_0_32u_config6_s_p_ZZN4nnet25conv_2d_buffer_latency_clINS_5arrayI8ap_fixedILi16ELi6EL9ap_q_mode5EL_88_SHIFTREG_AUTO_0R0W' to 'shift_line_buffer_array_ap_fixed_16_6_5_3_0_32u_config6_s_p_ZZN4nnet25conv_2dbKp' due to the length limit 80
INFO: [SYN 201-210] Renamed object name 'shift_line_buffer_array_ap_fixed_16_6_5_3_0_32u_config6_s_p_ZZN4nnet25conv_2d_buffer_latency_clINS_5arrayI8ap_fixedILi16ELi6EL9ap_q_mode5EL_135_SHIFTREG_AUTO_0R0W' to 'shift_line_buffer_array_ap_fixed_16_6_5_3_0_32u_config6_s_p_ZZN4nnet25conv_2dbLp' due to the length limit 80
INFO: [SYN 201-210] Renamed object name 'shift_line_buffer_array_ap_fixed_16_6_5_3_0_32u_config6_s_p_ZZN4nnet25conv_2d_buffer_latency_clINS_5arrayI8ap_fixedILi16ELi6EL9ap_q_mode5EL_87_SHIFTREG_AUTO_0R0W' to 'shift_line_buffer_array_ap_fixed_16_6_5_3_0_32u_config6_s_p_ZZN4nnet25conv_2dbMq' due to the length limit 80
INFO: [SYN 201-210] Renamed object name 'shift_line_buffer_array_ap_fixed_16_6_5_3_0_32u_config6_s_p_ZZN4nnet25conv_2d_buffer_latency_clINS_5arrayI8ap_fixedILi16ELi6EL9ap_q_mode5EL_136_SHIFTREG_AUTO_0R0W' to 'shift_line_buffer_array_ap_fixed_16_6_5_3_0_32u_config6_s_p_ZZN4nnet25conv_2dbNq' due to the length limit 80
INFO: [SYN 201-210] Renamed object name 'shift_line_buffer_array_ap_fixed_16_6_5_3_0_32u_config6_s_p_ZZN4nnet25conv_2d_buffer_latency_clINS_5arrayI8ap_fixedILi16ELi6EL9ap_q_mode5EL_86_SHIFTREG_AUTO_0R0W' to 'shift_line_buffer_array_ap_fixed_16_6_5_3_0_32u_config6_s_p_ZZN4nnet25conv_2dbOq' due to the length limit 80
INFO: [SYN 201-210] Renamed object name 'shift_line_buffer_array_ap_fixed_16_6_5_3_0_32u_config6_s_p_ZZN4nnet25conv_2d_buffer_latency_clINS_5arrayI8ap_fixedILi16ELi6EL9ap_q_mode5EL_137_SHIFTREG_AUTO_0R0W' to 'shift_line_buffer_array_ap_fixed_16_6_5_3_0_32u_config6_s_p_ZZN4nnet25conv_2dbPq' due to the length limit 80
INFO: [SYN 201-210] Renamed object name 'shift_line_buffer_array_ap_fixed_16_6_5_3_0_32u_config6_s_p_ZZN4nnet25conv_2d_buffer_latency_clINS_5arrayI8ap_fixedILi16ELi6EL9ap_q_mode5EL_85_SHIFTREG_AUTO_0R0W' to 'shift_line_buffer_array_ap_fixed_16_6_5_3_0_32u_config6_s_p_ZZN4nnet25conv_2dbQq' due to the length limit 80
INFO: [SYN 201-210] Renamed object name 'shift_line_buffer_array_ap_fixed_16_6_5_3_0_32u_config6_s_p_ZZN4nnet25conv_2d_buffer_latency_clINS_5arrayI8ap_fixedILi16ELi6EL9ap_q_mode5EL_138_SHIFTREG_AUTO_0R0W' to 'shift_line_buffer_array_ap_fixed_16_6_5_3_0_32u_config6_s_p_ZZN4nnet25conv_2dbRq' due to the length limit 80
INFO: [SYN 201-210] Renamed object name 'shift_line_buffer_array_ap_fixed_16_6_5_3_0_32u_config6_s_p_ZZN4nnet25conv_2d_buffer_latency_clINS_5arrayI8ap_fixedILi16ELi6EL9ap_q_mode5EL_84_SHIFTREG_AUTO_0R0W' to 'shift_line_buffer_array_ap_fixed_16_6_5_3_0_32u_config6_s_p_ZZN4nnet25conv_2dbSr' due to the length limit 80
INFO: [SYN 201-210] Renamed object name 'shift_line_buffer_array_ap_fixed_16_6_5_3_0_32u_config6_s_p_ZZN4nnet25conv_2d_buffer_latency_clINS_5arrayI8ap_fixedILi16ELi6EL9ap_q_mode5EL_140_SHIFTREG_AUTO_0R0W' to 'shift_line_buffer_array_ap_fixed_16_6_5_3_0_32u_config6_s_p_ZZN4nnet25conv_2dbTr' due to the length limit 80
INFO: [SYN 201-210] Renamed object name 'shift_line_buffer_array_ap_fixed_16_6_5_3_0_32u_config6_s_p_ZZN4nnet25conv_2d_buffer_latency_clINS_5arrayI8ap_fixedILi16ELi6EL9ap_q_mode5EL_82_SHIFTREG_AUTO_0R0W' to 'shift_line_buffer_array_ap_fixed_16_6_5_3_0_32u_config6_s_p_ZZN4nnet25conv_2dbUr' due to the length limit 80
INFO: [SYN 201-210] Renamed object name 'shift_line_buffer_array_ap_fixed_16_6_5_3_0_32u_config6_s_p_ZZN4nnet25conv_2d_buffer_latency_clINS_5arrayI8ap_fixedILi16ELi6EL9ap_q_mode5EL_141_SHIFTREG_AUTO_0R0W' to 'shift_line_buffer_array_ap_fixed_16_6_5_3_0_32u_config6_s_p_ZZN4nnet25conv_2dbVr' due to the length limit 80
INFO: [SYN 201-210] Renamed object name 'shift_line_buffer_array_ap_fixed_16_6_5_3_0_32u_config6_s_p_ZZN4nnet25conv_2d_buffer_latency_clINS_5arrayI8ap_fixedILi16ELi6EL9ap_q_mode5EL_81_SHIFTREG_AUTO_0R0W' to 'shift_line_buffer_array_ap_fixed_16_6_5_3_0_32u_config6_s_p_ZZN4nnet25conv_2dbWr' due to the length limit 80
INFO: [SYN 201-210] Renamed object name 'shift_line_buffer_array_ap_fixed_16_6_5_3_0_32u_config6_s_p_ZZN4nnet25conv_2d_buffer_latency_clINS_5arrayI8ap_fixedILi16ELi6EL9ap_q_mode5EL_142_SHIFTREG_AUTO_0R0W' to 'shift_line_buffer_array_ap_fixed_16_6_5_3_0_32u_config6_s_p_ZZN4nnet25conv_2dbXr' due to the length limit 80
INFO: [SYN 201-210] Renamed object name 'shift_line_buffer_array_ap_fixed_16_6_5_3_0_32u_config6_s_p_ZZN4nnet25conv_2d_buffer_latency_clINS_5arrayI8ap_fixedILi16ELi6EL9ap_q_mode5EL_80_SHIFTREG_AUTO_0R0W' to 'shift_line_buffer_array_ap_fixed_16_6_5_3_0_32u_config6_s_p_ZZN4nnet25conv_2dbYs' due to the length limit 80
INFO: [SYN 201-210] Renamed object name 'shift_line_buffer_array_ap_fixed_16_6_5_3_0_32u_config6_s_p_ZZN4nnet25conv_2d_buffer_latency_clINS_5arrayI8ap_fixedILi16ELi6EL9ap_q_mode5EL_143_SHIFTREG_AUTO_0R0W' to 'shift_line_buffer_array_ap_fixed_16_6_5_3_0_32u_config6_s_p_ZZN4nnet25conv_2dbZs' due to the length limit 80
INFO: [SYN 201-210] Renamed object name 'shift_line_buffer_array_ap_fixed_16_6_5_3_0_32u_config6_s_p_ZZN4nnet25conv_2d_buffer_latency_clINS_5arrayI8ap_fixedILi16ELi6EL9ap_q_mode5EL_79_SHIFTREG_AUTO_0R0W' to 'shift_line_buffer_array_ap_fixed_16_6_5_3_0_32u_config6_s_p_ZZN4nnet25conv_2db0s' due to the length limit 80
INFO: [SYN 201-210] Renamed object name 'shift_line_buffer_array_ap_fixed_16_6_5_3_0_32u_config6_s_p_ZZN4nnet25conv_2d_buffer_latency_clINS_5arrayI8ap_fixedILi16ELi6EL9ap_q_mode5EL_144_SHIFTREG_AUTO_0R0W' to 'shift_line_buffer_array_ap_fixed_16_6_5_3_0_32u_config6_s_p_ZZN4nnet25conv_2db1s' due to the length limit 80
INFO: [SYN 201-210] Renamed object name 'shift_line_buffer_array_ap_fixed_16_6_5_3_0_32u_config6_s_p_ZZN4nnet25conv_2d_buffer_latency_clINS_5arrayI8ap_fixedILi16ELi6EL9ap_q_mode5EL_78_SHIFTREG_AUTO_0R0W' to 'shift_line_buffer_array_ap_fixed_16_6_5_3_0_32u_config6_s_p_ZZN4nnet25conv_2db2s' due to the length limit 80
INFO: [SYN 201-210] Renamed object name 'shift_line_buffer_array_ap_fixed_16_6_5_3_0_32u_config6_s_p_ZZN4nnet25conv_2d_buffer_latency_clINS_5arrayI8ap_fixedILi16ELi6EL9ap_q_mode5EL_145_SHIFTREG_AUTO_0R0W' to 'shift_line_buffer_array_ap_fixed_16_6_5_3_0_32u_config6_s_p_ZZN4nnet25conv_2db3s' due to the length limit 80
INFO: [SYN 201-210] Renamed object name 'shift_line_buffer_array_ap_fixed_16_6_5_3_0_32u_config6_s_p_ZZN4nnet25conv_2d_buffer_latency_clINS_5arrayI8ap_fixedILi16ELi6EL9ap_q_mode5EL_77_SHIFTREG_AUTO_0R0W' to 'shift_line_buffer_array_ap_fixed_16_6_5_3_0_32u_config6_s_p_ZZN4nnet25conv_2db4t' due to the length limit 80
INFO: [SYN 201-210] Renamed object name 'shift_line_buffer_array_ap_fixed_16_6_5_3_0_32u_config6_s_p_ZZN4nnet25conv_2d_buffer_latency_clINS_5arrayI8ap_fixedILi16ELi6EL9ap_q_mode5EL_146_SHIFTREG_AUTO_0R0W' to 'shift_line_buffer_array_ap_fixed_16_6_5_3_0_32u_config6_s_p_ZZN4nnet25conv_2db5t' due to the length limit 80
INFO: [SYN 201-210] Renamed object name 'shift_line_buffer_array_ap_fixed_16_6_5_3_0_32u_config6_s_p_ZZN4nnet25conv_2d_buffer_latency_clINS_5arrayI8ap_fixedILi16ELi6EL9ap_q_mode5EL_76_SHIFTREG_AUTO_0R0W' to 'shift_line_buffer_array_ap_fixed_16_6_5_3_0_32u_config6_s_p_ZZN4nnet25conv_2db6t' due to the length limit 80
INFO: [SYN 201-210] Renamed object name 'shift_line_buffer_array_ap_fixed_16_6_5_3_0_32u_config6_s_p_ZZN4nnet25conv_2d_buffer_latency_clINS_5arrayI8ap_fixedILi16ELi6EL9ap_q_mode5EL_147_SHIFTREG_AUTO_0R0W' to 'shift_line_buffer_array_ap_fixed_16_6_5_3_0_32u_config6_s_p_ZZN4nnet25conv_2db7t' due to the length limit 80
INFO: [SYN 201-210] Renamed object name 'shift_line_buffer_array_ap_fixed_16_6_5_3_0_32u_config6_s_p_ZZN4nnet25conv_2d_buffer_latency_clINS_5arrayI8ap_fixedILi16ELi6EL9ap_q_mode5EL_75_SHIFTREG_AUTO_0R0W' to 'shift_line_buffer_array_ap_fixed_16_6_5_3_0_32u_config6_s_p_ZZN4nnet25conv_2db8t' due to the length limit 80
INFO: [SYN 201-210] Renamed object name 'shift_line_buffer_array_ap_fixed_16_6_5_3_0_32u_config6_s_p_ZZN4nnet25conv_2d_buffer_latency_clINS_5arrayI8ap_fixedILi16ELi6EL9ap_q_mode5EL_148_SHIFTREG_AUTO_0R0W' to 'shift_line_buffer_array_ap_fixed_16_6_5_3_0_32u_config6_s_p_ZZN4nnet25conv_2db9t' due to the length limit 80
INFO: [SYN 201-210] Renamed object name 'shift_line_buffer_array_ap_fixed_16_6_5_3_0_32u_config6_s_p_ZZN4nnet25conv_2d_buffer_latency_clINS_5arrayI8ap_fixedILi16ELi6EL9ap_q_mode5EL_74_SHIFTREG_AUTO_0R0W' to 'shift_line_buffer_array_ap_fixed_16_6_5_3_0_32u_config6_s_p_ZZN4nnet25conv_2dcau' due to the length limit 80
INFO: [SYN 201-210] Renamed object name 'shift_line_buffer_array_ap_fixed_16_6_5_3_0_32u_config6_s_p_ZZN4nnet25conv_2d_buffer_latency_clINS_5arrayI8ap_fixedILi16ELi6EL9ap_q_mode5EL_149_SHIFTREG_AUTO_0R0W' to 'shift_line_buffer_array_ap_fixed_16_6_5_3_0_32u_config6_s_p_ZZN4nnet25conv_2dcbu' due to the length limit 80
INFO: [SYN 201-210] Renamed object name 'shift_line_buffer_array_ap_fixed_16_6_5_3_0_32u_config6_s_p_ZZN4nnet25conv_2d_buffer_latency_clINS_5arrayI8ap_fixedILi16ELi6EL9ap_q_mode5EL_73_SHIFTREG_AUTO_0R0W' to 'shift_line_buffer_array_ap_fixed_16_6_5_3_0_32u_config6_s_p_ZZN4nnet25conv_2dccu' due to the length limit 80
INFO: [SYN 201-210] Renamed object name 'shift_line_buffer_array_ap_fixed_16_6_5_3_0_32u_config6_s_p_ZZN4nnet25conv_2d_buffer_latency_clINS_5arrayI8ap_fixedILi16ELi6EL9ap_q_mode5EL_151_SHIFTREG_AUTO_0R0W' to 'shift_line_buffer_array_ap_fixed_16_6_5_3_0_32u_config6_s_p_ZZN4nnet25conv_2dcdu' due to the length limit 80
INFO: [SYN 201-210] Renamed object name 'shift_line_buffer_array_ap_fixed_16_6_5_3_0_32u_config6_s_p_ZZN4nnet25conv_2d_buffer_latency_clINS_5arrayI8ap_fixedILi16ELi6EL9ap_q_mode5EL_71_SHIFTREG_AUTO_0R0W' to 'shift_line_buffer_array_ap_fixed_16_6_5_3_0_32u_config6_s_p_ZZN4nnet25conv_2dceu' due to the length limit 80
INFO: [SYN 201-210] Renamed object name 'shift_line_buffer_array_ap_fixed_16_6_5_3_0_32u_config6_s_p_ZZN4nnet25conv_2d_buffer_latency_clINS_5arrayI8ap_fixedILi16ELi6EL9ap_q_mode5EL_152_SHIFTREG_AUTO_0R0W' to 'shift_line_buffer_array_ap_fixed_16_6_5_3_0_32u_config6_s_p_ZZN4nnet25conv_2dcfu' due to the length limit 80
INFO: [SYN 201-210] Renamed object name 'shift_line_buffer_array_ap_fixed_16_6_5_3_0_32u_config6_s_p_ZZN4nnet25conv_2d_buffer_latency_clINS_5arrayI8ap_fixedILi16ELi6EL9ap_q_mode5EL_70_SHIFTREG_AUTO_0R0W' to 'shift_line_buffer_array_ap_fixed_16_6_5_3_0_32u_config6_s_p_ZZN4nnet25conv_2dcgu' due to the length limit 80
INFO: [RTGEN 206-100] Finished creating RTL model for 'shift_line_buffer_array_ap_fixed_16_6_5_3_0_32u_config6_s'.
INFO: [HLS 200-111] Finished Creating RTL model: CPU user time: 0.14 seconds. CPU system time: 0.01 seconds. Elapsed time: 0.15 seconds; current allocated memory: 6.210 GB.
INFO: [HLS 200-10] ----------------------------------------------------------------
INFO: [HLS 200-10] -- Generating RTL for module 'dense_latency_ap_fixed_16_6_5_3_0_ap_fixed_42_22_5_3_0_config6_mult_s' 
INFO: [HLS 200-10] ----------------------------------------------------------------
INFO: [RTGEN 206-104] Estimated max fanout for 'dense_latency_ap_fixed_16_6_5_3_0_ap_fixed_42_22_5_3_0_config6_mult_s' is 160530 from HDL expression: ((1'b0 == ap_block_pp0_stage0_11001) & (1'b1 == ap_ce_reg))
INFO: [RTGEN 206-100] Generating core module 'mul_16s_10ns_25_1_0': 3 instance(s).
INFO: [RTGEN 206-100] Generating core module 'mul_16s_10ns_26_1_0': 61 instance(s).
INFO: [RTGEN 206-100] Generating core module 'mul_16s_10s_25_1_0': 22 instance(s).
INFO: [RTGEN 206-100] Generating core module 'mul_16s_10s_26_1_0': 267 instance(s).
INFO: [RTGEN 206-100] Generating core module 'mul_16s_11ns_27_1_0': 2 instance(s).
INFO: [RTGEN 206-100] Generating core module 'mul_16s_11s_26_1_0': 9 instance(s).
INFO: [RTGEN 206-100] Generating core module 'mul_16s_11s_27_1_0': 61 instance(s).
INFO: [RTGEN 206-100] Generating core module 'mul_16s_5ns_20_1_0': 2 instance(s).
INFO: [RTGEN 206-100] Generating core module 'mul_16s_5ns_21_1_0': 16 instance(s).
INFO: [RTGEN 206-100] Generating core module 'mul_16s_5s_21_1_0': 23 instance(s).
INFO: [RTGEN 206-100] Generating core module 'mul_16s_6ns_21_1_0': 2 instance(s).
INFO: [RTGEN 206-100] Generating core module 'mul_16s_6ns_22_1_0': 99 instance(s).
INFO: [RTGEN 206-100] Generating core module 'mul_16s_6s_21_1_0': 5 instance(s).
INFO: [RTGEN 206-100] Generating core module 'mul_16s_6s_22_1_0': 101 instance(s).
INFO: [RTGEN 206-100] Generating core module 'mul_16s_7ns_22_1_0': 5 instance(s).
INFO: [RTGEN 206-100] Generating core module 'mul_16s_7ns_23_1_0': 297 instance(s).
INFO: [RTGEN 206-100] Generating core module 'mul_16s_7s_22_1_0': 5 instance(s).
INFO: [RTGEN 206-100] Generating core module 'mul_16s_7s_23_1_0': 309 instance(s).
INFO: [RTGEN 206-100] Generating core module 'mul_16s_8ns_23_1_0': 6 instance(s).
INFO: [RTGEN 206-100] Generating core module 'mul_16s_8ns_24_1_0': 613 instance(s).
INFO: [RTGEN 206-100] Generating core module 'mul_16s_8s_23_1_0': 7 instance(s).
INFO: [RTGEN 206-100] Generating core module 'mul_16s_8s_24_1_0': 551 instance(s).
INFO: [RTGEN 206-100] Generating core module 'mul_16s_9ns_24_1_0': 13 instance(s).
INFO: [RTGEN 206-100] Generating core module 'mul_16s_9ns_25_1_0': 314 instance(s).
INFO: [RTGEN 206-100] Generating core module 'mul_16s_9s_24_1_0': 8 instance(s).
INFO: [RTGEN 206-100] Generating core module 'mul_16s_9s_25_1_0': 353 instance(s).
INFO: [RTGEN 206-100] Generating core module 'mul_17s_10s_26_1_0': 1 instance(s).
INFO: [RTGEN 206-100] Generating core module 'mul_17s_5s_21_1_0': 1 instance(s).
INFO: [RTGEN 206-100] Generating core module 'mul_17s_6ns_22_1_0': 1 instance(s).
INFO: [RTGEN 206-100] Generating core module 'mul_17s_6s_22_1_0': 3 instance(s).
INFO: [RTGEN 206-100] Generating core module 'mul_17s_7ns_23_1_0': 4 instance(s).
INFO: [RTGEN 206-100] Generating core module 'mul_17s_8ns_24_1_0': 3 instance(s).
INFO: [RTGEN 206-100] Generating core module 'mul_17s_8s_24_1_0': 2 instance(s).
INFO: [RTGEN 206-100] Generating core module 'mul_17s_9ns_25_1_0': 1 instance(s).
INFO: [RTGEN 206-100] Finished creating RTL model for 'dense_latency_ap_fixed_16_6_5_3_0_ap_fixed_42_22_5_3_0_config6_mult_s'.
INFO: [HLS 200-111] Finished Creating RTL model: CPU user time: 7.61 seconds. CPU system time: 0.03 seconds. Elapsed time: 7.67 seconds; current allocated memory: 6.210 GB.
INFO: [HLS 200-10] ----------------------------------------------------------------
INFO: [HLS 200-10] -- Generating RTL for module 'compute_output_buffer_2d_array_array_ap_fixed_42_22_5_3_0_16u_config6_s' 
INFO: [HLS 200-10] ----------------------------------------------------------------
WARNING: [RTGEN 206-101] Register 'p_ZZN4nnet24compute_output_buffer_2dINS_5arrayI8ap_fixedILi16ELi6EL9ap_q_mode5EL9_765' is power-on initialization.
WARNING: [RTGEN 206-101] Register 'void_compute_output_buffer_2d_array_const_ap_shift_reg_n_chan_stream_weig_19' is power-on initialization.
WARNING: [RTGEN 206-101] Register 'p_ZZN4nnet24compute_output_buffer_2dINS_5arrayI8ap_fixedILi16ELi6EL9ap_q_mode5EL9_766' is power-on initialization.
WARNING: [RTGEN 206-101] Register 'void_compute_output_buffer_2d_array_const_ap_shift_reg_n_chan_stream_weig_18' is power-on initialization.
WARNING: [RTGEN 206-101] Register 'p_ZZN4nnet24compute_output_buffer_2dINS_5arrayI8ap_fixedILi16ELi6EL9ap_q_mode5EL9_767' is power-on initialization.
WARNING: [RTGEN 206-101] Register 'void_compute_output_buffer_2d_array_const_ap_shift_reg_n_chan_stream_weig_17' is power-on initialization.
WARNING: [RTGEN 206-101] Register 'p_ZZN4nnet24compute_output_buffer_2dINS_5arrayI8ap_fixedILi16ELi6EL9ap_q_mode5EL9_768' is power-on initialization.
WARNING: [RTGEN 206-101] Register 'void_compute_output_buffer_2d_array_const_ap_shift_reg_n_chan_stream_weig_16' is power-on initialization.
WARNING: [RTGEN 206-101] Register 'p_ZZN4nnet24compute_output_buffer_2dINS_5arrayI8ap_fixedILi16ELi6EL9ap_q_mode5EL9_769' is power-on initialization.
WARNING: [RTGEN 206-101] Register 'void_compute_output_buffer_2d_array_const_ap_shift_reg_n_chan_stream_weig_15' is power-on initialization.
WARNING: [RTGEN 206-101] Register 'p_ZZN4nnet24compute_output_buffer_2dINS_5arrayI8ap_fixedILi16ELi6EL9ap_q_mode5EL9_770' is power-on initialization.
WARNING: [RTGEN 206-101] Register 'void_compute_output_buffer_2d_array_const_ap_shift_reg_n_chan_stream_weig_14' is power-on initialization.
WARNING: [RTGEN 206-101] Register 'p_ZZN4nnet24compute_output_buffer_2dINS_5arrayI8ap_fixedILi16ELi6EL9ap_q_mode5EL9_771' is power-on initialization.
WARNING: [RTGEN 206-101] Register 'void_compute_output_buffer_2d_array_const_ap_shift_reg_n_chan_stream_weig_13' is power-on initialization.
WARNING: [RTGEN 206-101] Register 'p_ZZN4nnet24compute_output_buffer_2dINS_5arrayI8ap_fixedILi16ELi6EL9ap_q_mode5EL9_772' is power-on initialization.
WARNING: [RTGEN 206-101] Register 'void_compute_output_buffer_2d_array_const_ap_shift_reg_n_chan_stream_weig_12' is power-on initialization.
WARNING: [RTGEN 206-101] Register 'p_ZZN4nnet24compute_output_buffer_2dINS_5arrayI8ap_fixedILi16ELi6EL9ap_q_mode5EL9_773' is power-on initialization.
WARNING: [RTGEN 206-101] Register 'void_compute_output_buffer_2d_array_const_ap_shift_reg_n_chan_stream_weig_11' is power-on initialization.
WARNING: [RTGEN 206-101] Register 'p_ZZN4nnet24compute_output_buffer_2dINS_5arrayI8ap_fixedILi16ELi6EL9ap_q_mode5EL9_774' is power-on initialization.
WARNING: [RTGEN 206-101] Register 'void_compute_output_buffer_2d_array_const_ap_shift_reg_n_chan_stream_weig_10' is power-on initialization.
WARNING: [RTGEN 206-101] Register 'p_ZZN4nnet24compute_output_buffer_2dINS_5arrayI8ap_fixedILi16ELi6EL9ap_q_mode5EL9_775' is power-on initialization.
WARNING: [RTGEN 206-101] Register 'p_ZZN4nnet24compute_output_buffer_2dINS_5arrayI8ap_fixedILi16ELi6EL9ap_q_mode5EL9_555' is power-on initialization.
WARNING: [RTGEN 206-101] Register 'p_ZZN4nnet24compute_output_buffer_2dINS_5arrayI8ap_fixedILi16ELi6EL9ap_q_mode5EL9_776' is power-on initialization.
WARNING: [RTGEN 206-101] Register 'p_ZZN4nnet24compute_output_buffer_2dINS_5arrayI8ap_fixedILi16ELi6EL9ap_q_mode5EL9_566' is power-on initialization.
WARNING: [RTGEN 206-101] Register 'p_ZZN4nnet24compute_output_buffer_2dINS_5arrayI8ap_fixedILi16ELi6EL9ap_q_mode5EL9_777' is power-on initialization.
WARNING: [RTGEN 206-101] Register 'p_ZZN4nnet24compute_output_buffer_2dINS_5arrayI8ap_fixedILi16ELi6EL9ap_q_mode5EL9_577' is power-on initialization.
WARNING: [RTGEN 206-101] Register 'p_ZZN4nnet24compute_output_buffer_2dINS_5arrayI8ap_fixedILi16ELi6EL9ap_q_mode5EL9_778' is power-on initialization.
WARNING: [RTGEN 206-101] Register 'p_ZZN4nnet24compute_output_buffer_2dINS_5arrayI8ap_fixedILi16ELi6EL9ap_q_mode5EL9_588' is power-on initialization.
WARNING: [RTGEN 206-101] Register 'p_ZZN4nnet24compute_output_buffer_2dINS_5arrayI8ap_fixedILi16ELi6EL9ap_q_mode5EL9_779' is power-on initialization.
WARNING: [RTGEN 206-101] Register 'p_ZZN4nnet24compute_output_buffer_2dINS_5arrayI8ap_fixedILi16ELi6EL9ap_q_mode5EL9_599' is power-on initialization.
WARNING: [RTGEN 206-101] Register 'p_ZZN4nnet24compute_output_buffer_2dINS_5arrayI8ap_fixedILi16ELi6EL9ap_q_mode5EL9_780' is power-on initialization.
WARNING: [RTGEN 206-101] Register 'p_ZZN4nnet24compute_output_buffer_2dINS_5arrayI8ap_fixedILi16ELi6EL9ap_q_mode5EL9_610' is power-on initialization.
WARNING: [RTGEN 206-101] Register 'p_ZZN4nnet24compute_output_buffer_2dINS_5arrayI8ap_fixedILi16ELi6EL9ap_q_mode5EL9_781' is power-on initialization.
WARNING: [RTGEN 206-101] Register 'p_ZZN4nnet24compute_output_buffer_2dINS_5arrayI8ap_fixedILi16ELi6EL9ap_q_mode5EL9_621' is power-on initialization.
WARNING: [RTGEN 206-101] Register 'p_ZZN4nnet24compute_output_buffer_2dINS_5arrayI8ap_fixedILi16ELi6EL9ap_q_mode5EL9_782' is power-on initialization.
WARNING: [RTGEN 206-101] Register 'p_ZZN4nnet24compute_output_buffer_2dINS_5arrayI8ap_fixedILi16ELi6EL9ap_q_mode5EL9_632' is power-on initialization.
WARNING: [RTGEN 206-101] Register 'p_ZZN4nnet24compute_output_buffer_2dINS_5arrayI8ap_fixedILi16ELi6EL9ap_q_mode5EL9_783' is power-on initialization.
WARNING: [RTGEN 206-101] Register 'p_ZZN4nnet24compute_output_buffer_2dINS_5arrayI8ap_fixedILi16ELi6EL9ap_q_mode5EL9_643' is power-on initialization.
WARNING: [RTGEN 206-101] Register 'p_ZZN4nnet24compute_output_buffer_2dINS_5arrayI8ap_fixedILi16ELi6EL9ap_q_mode5EL9_784' is power-on initialization.
WARNING: [RTGEN 206-101] Register 'p_ZZN4nnet24compute_output_buffer_2dINS_5arrayI8ap_fixedILi16ELi6EL9ap_q_mode5EL9_654' is power-on initialization.
WARNING: [RTGEN 206-101] Register 'p_ZZN4nnet24compute_output_buffer_2dINS_5arrayI8ap_fixedILi16ELi6EL9ap_q_mode5EL9_785' is power-on initialization.
WARNING: [RTGEN 206-101] Register 'p_ZZN4nnet24compute_output_buffer_2dINS_5arrayI8ap_fixedILi16ELi6EL9ap_q_mode5EL9_665' is power-on initialization.
WARNING: [RTGEN 206-101] Register 'p_ZZN4nnet24compute_output_buffer_2dINS_5arrayI8ap_fixedILi16ELi6EL9ap_q_mode5EL9_786' is power-on initialization.
WARNING: [RTGEN 206-101] Register 'p_ZZN4nnet24compute_output_buffer_2dINS_5arrayI8ap_fixedILi16ELi6EL9ap_q_mode5EL9_676' is power-on initialization.
WARNING: [RTGEN 206-101] Register 'p_ZZN4nnet24compute_output_buffer_2dINS_5arrayI8ap_fixedILi16ELi6EL9ap_q_mode5EL9_787' is power-on initialization.
WARNING: [RTGEN 206-101] Register 'p_ZZN4nnet24compute_output_buffer_2dINS_5arrayI8ap_fixedILi16ELi6EL9ap_q_mode5EL9_687' is power-on initialization.
WARNING: [RTGEN 206-101] Register 'p_ZZN4nnet24compute_output_buffer_2dINS_5arrayI8ap_fixedILi16ELi6EL9ap_q_mode5EL9_788' is power-on initialization.
WARNING: [RTGEN 206-101] Register 'p_ZZN4nnet24compute_output_buffer_2dINS_5arrayI8ap_fixedILi16ELi6EL9ap_q_mode5EL9_698' is power-on initialization.
WARNING: [RTGEN 206-101] Register 'p_ZZN4nnet24compute_output_buffer_2dINS_5arrayI8ap_fixedILi16ELi6EL9ap_q_mode5EL9_789' is power-on initialization.
WARNING: [RTGEN 206-101] Register 'p_ZZN4nnet24compute_output_buffer_2dINS_5arrayI8ap_fixedILi16ELi6EL9ap_q_mode5EL9_709' is power-on initialization.
WARNING: [RTGEN 206-101] Register 'p_ZZN4nnet24compute_output_buffer_2dINS_5arrayI8ap_fixedILi16ELi6EL9ap_q_mode5EL9_790' is power-on initialization.
WARNING: [RTGEN 206-101] Register 'p_ZZN4nnet24compute_output_buffer_2dINS_5arrayI8ap_fixedILi16ELi6EL9ap_q_mode5EL9_720' is power-on initialization.
WARNING: [RTGEN 206-101] Register 'p_ZZN4nnet24compute_output_buffer_2dINS_5arrayI8ap_fixedILi16ELi6EL9ap_q_mode5EL9_791' is power-on initialization.
WARNING: [RTGEN 206-101] Register 'p_ZZN4nnet24compute_output_buffer_2dINS_5arrayI8ap_fixedILi16ELi6EL9ap_q_mode5EL9_731' is power-on initialization.
WARNING: [RTGEN 206-101] Register 'p_ZZN4nnet24compute_output_buffer_2dINS_5arrayI8ap_fixedILi16ELi6EL9ap_q_mode5EL9_792' is power-on initialization.
WARNING: [RTGEN 206-101] Register 'p_ZZN4nnet24compute_output_buffer_2dINS_5arrayI8ap_fixedILi16ELi6EL9ap_q_mode5EL9_742' is power-on initialization.
WARNING: [RTGEN 206-101] Register 'p_ZZN4nnet24compute_output_buffer_2dINS_5arrayI8ap_fixedILi16ELi6EL9ap_q_mode5EL9_793' is power-on initialization.
WARNING: [RTGEN 206-101] Register 'p_ZZN4nnet24compute_output_buffer_2dINS_5arrayI8ap_fixedILi16ELi6EL9ap_q_mode5EL9_753' is power-on initialization.
WARNING: [RTGEN 206-101] Register 'p_ZZN4nnet24compute_output_buffer_2dINS_5arrayI8ap_fixedILi16ELi6EL9ap_q_mode5EL9_794' is power-on initialization.
WARNING: [RTGEN 206-101] Register 'p_ZZN4nnet24compute_output_buffer_2dINS_5arrayI8ap_fixedILi16ELi6EL9ap_q_mode5EL9_762' is power-on initialization.
WARNING: [RTGEN 206-101] Register 'p_ZZN4nnet24compute_output_buffer_2dINS_5arrayI8ap_fixedILi16ELi6EL9ap_q_mode5EL9_795' is power-on initialization.
WARNING: [RTGEN 206-101] Register 'p_ZZN4nnet24compute_output_buffer_2dINS_5arrayI8ap_fixedILi16ELi6EL9ap_q_mode5EL9_763' is power-on initialization.
WARNING: [RTGEN 206-101] Register 'p_ZZN4nnet24compute_output_buffer_2dINS_5arrayI8ap_fixedILi16ELi6EL9ap_q_mode5EL9_796' is power-on initialization.
WARNING: [RTGEN 206-101] Register 'p_ZZN4nnet24compute_output_buffer_2dINS_5arrayI8ap_fixedILi16ELi6EL9ap_q_mode5EL9_764' is power-on initialization.
WARNING: [RTGEN 206-101] Register 'p_ZZN4nnet24compute_output_buffer_2dINS_5arrayI8ap_fixedILi16ELi6EL9ap_q_mode5EL9_586' is power-on initialization.
WARNING: [RTGEN 206-101] Register 'p_ZZN4nnet24compute_output_buffer_2dINS_5arrayI8ap_fixedILi16ELi6EL9ap_q_mode5EL9_829' is power-on initialization.
WARNING: [RTGEN 206-101] Register 'p_ZZN4nnet24compute_output_buffer_2dINS_5arrayI8ap_fixedILi16ELi6EL9ap_q_mode5EL9_587' is power-on initialization.
WARNING: [RTGEN 206-101] Register 'p_ZZN4nnet24compute_output_buffer_2dINS_5arrayI8ap_fixedILi16ELi6EL9ap_q_mode5EL9_830' is power-on initialization.
WARNING: [RTGEN 206-101] Register 'p_ZZN4nnet24compute_output_buffer_2dINS_5arrayI8ap_fixedILi16ELi6EL9ap_q_mode5EL9_589' is power-on initialization.
WARNING: [RTGEN 206-101] Register 'p_ZZN4nnet24compute_output_buffer_2dINS_5arrayI8ap_fixedILi16ELi6EL9ap_q_mode5EL9_831' is power-on initialization.
WARNING: [RTGEN 206-101] Register 'p_ZZN4nnet24compute_output_buffer_2dINS_5arrayI8ap_fixedILi16ELi6EL9ap_q_mode5EL9_590' is power-on initialization.
WARNING: [RTGEN 206-101] Register 'p_ZZN4nnet24compute_output_buffer_2dINS_5arrayI8ap_fixedILi16ELi6EL9ap_q_mode5EL9_832' is power-on initialization.
WARNING: [RTGEN 206-101] Register 'p_ZZN4nnet24compute_output_buffer_2dINS_5arrayI8ap_fixedILi16ELi6EL9ap_q_mode5EL9_591' is power-on initialization.
WARNING: [RTGEN 206-101] Register 'p_ZZN4nnet24compute_output_buffer_2dINS_5arrayI8ap_fixedILi16ELi6EL9ap_q_mode5EL9_556' is power-on initialization.
WARNING: [RTGEN 206-101] Register 'p_ZZN4nnet24compute_output_buffer_2dINS_5arrayI8ap_fixedILi16ELi6EL9ap_q_mode5EL9_592' is power-on initialization.
WARNING: [RTGEN 206-101] Register 'p_ZZN4nnet24compute_output_buffer_2dINS_5arrayI8ap_fixedILi16ELi6EL9ap_q_mode5EL9_557' is power-on initialization.
WARNING: [RTGEN 206-101] Register 'p_ZZN4nnet24compute_output_buffer_2dINS_5arrayI8ap_fixedILi16ELi6EL9ap_q_mode5EL9_593' is power-on initialization.
WARNING: [RTGEN 206-101] Register 'p_ZZN4nnet24compute_output_buffer_2dINS_5arrayI8ap_fixedILi16ELi6EL9ap_q_mode5EL9_558' is power-on initialization.
WARNING: [RTGEN 206-101] Register 'p_ZZN4nnet24compute_output_buffer_2dINS_5arrayI8ap_fixedILi16ELi6EL9ap_q_mode5EL9_594' is power-on initialization.
WARNING: [RTGEN 206-101] Register 'p_ZZN4nnet24compute_output_buffer_2dINS_5arrayI8ap_fixedILi16ELi6EL9ap_q_mode5EL9_559' is power-on initialization.
WARNING: [RTGEN 206-101] Register 'p_ZZN4nnet24compute_output_buffer_2dINS_5arrayI8ap_fixedILi16ELi6EL9ap_q_mode5EL9_595' is power-on initialization.
WARNING: [RTGEN 206-101] Register 'p_ZZN4nnet24compute_output_buffer_2dINS_5arrayI8ap_fixedILi16ELi6EL9ap_q_mode5EL9_560' is power-on initialization.
WARNING: [RTGEN 206-101] Register 'p_ZZN4nnet24compute_output_buffer_2dINS_5arrayI8ap_fixedILi16ELi6EL9ap_q_mode5EL9_596' is power-on initialization.
WARNING: [RTGEN 206-101] Register 'p_ZZN4nnet24compute_output_buffer_2dINS_5arrayI8ap_fixedILi16ELi6EL9ap_q_mode5EL9_561' is power-on initialization.
WARNING: [RTGEN 206-101] Register 'p_ZZN4nnet24compute_output_buffer_2dINS_5arrayI8ap_fixedILi16ELi6EL9ap_q_mode5EL9_597' is power-on initialization.
WARNING: [RTGEN 206-101] Register 'p_ZZN4nnet24compute_output_buffer_2dINS_5arrayI8ap_fixedILi16ELi6EL9ap_q_mode5EL9_562' is power-on initialization.
WARNING: [RTGEN 206-101] Register 'p_ZZN4nnet24compute_output_buffer_2dINS_5arrayI8ap_fixedILi16ELi6EL9ap_q_mode5EL9_598' is power-on initialization.
WARNING: [RTGEN 206-101] Register 'p_ZZN4nnet24compute_output_buffer_2dINS_5arrayI8ap_fixedILi16ELi6EL9ap_q_mode5EL9_563' is power-on initialization.
WARNING: [RTGEN 206-101] Register 'p_ZZN4nnet24compute_output_buffer_2dINS_5arrayI8ap_fixedILi16ELi6EL9ap_q_mode5EL9_600' is power-on initialization.
WARNING: [RTGEN 206-101] Register 'p_ZZN4nnet24compute_output_buffer_2dINS_5arrayI8ap_fixedILi16ELi6EL9ap_q_mode5EL9_564' is power-on initialization.
WARNING: [RTGEN 206-101] Register 'p_ZZN4nnet24compute_output_buffer_2dINS_5arrayI8ap_fixedILi16ELi6EL9ap_q_mode5EL9_601' is power-on initialization.
WARNING: [RTGEN 206-101] Register 'p_ZZN4nnet24compute_output_buffer_2dINS_5arrayI8ap_fixedILi16ELi6EL9ap_q_mode5EL9_565' is power-on initialization.
WARNING: [RTGEN 206-101] Register 'p_ZZN4nnet24compute_output_buffer_2dINS_5arrayI8ap_fixedILi16ELi6EL9ap_q_mode5EL9_602' is power-on initialization.
WARNING: [RTGEN 206-101] Register 'p_ZZN4nnet24compute_output_buffer_2dINS_5arrayI8ap_fixedILi16ELi6EL9ap_q_mode5EL9_567' is power-on initialization.
WARNING: [RTGEN 206-101] Register 'p_ZZN4nnet24compute_output_buffer_2dINS_5arrayI8ap_fixedILi16ELi6EL9ap_q_mode5EL9_603' is power-on initialization.
WARNING: [RTGEN 206-101] Register 'p_ZZN4nnet24compute_output_buffer_2dINS_5arrayI8ap_fixedILi16ELi6EL9ap_q_mode5EL9_568' is power-on initialization.
WARNING: [RTGEN 206-101] Register 'p_ZZN4nnet24compute_output_buffer_2dINS_5arrayI8ap_fixedILi16ELi6EL9ap_q_mode5EL9_604' is power-on initialization.
WARNING: [RTGEN 206-101] Register 'p_ZZN4nnet24compute_output_buffer_2dINS_5arrayI8ap_fixedILi16ELi6EL9ap_q_mode5EL9_569' is power-on initialization.
WARNING: [RTGEN 206-101] Register 'p_ZZN4nnet24compute_output_buffer_2dINS_5arrayI8ap_fixedILi16ELi6EL9ap_q_mode5EL9_605' is power-on initialization.
WARNING: [RTGEN 206-101] Register 'p_ZZN4nnet24compute_output_buffer_2dINS_5arrayI8ap_fixedILi16ELi6EL9ap_q_mode5EL9_570' is power-on initialization.
WARNING: [RTGEN 206-101] Register 'p_ZZN4nnet24compute_output_buffer_2dINS_5arrayI8ap_fixedILi16ELi6EL9ap_q_mode5EL9_606' is power-on initialization.
WARNING: [RTGEN 206-101] Register 'p_ZZN4nnet24compute_output_buffer_2dINS_5arrayI8ap_fixedILi16ELi6EL9ap_q_mode5EL9_571' is power-on initialization.
WARNING: [RTGEN 206-101] Register 'p_ZZN4nnet24compute_output_buffer_2dINS_5arrayI8ap_fixedILi16ELi6EL9ap_q_mode5EL9_607' is power-on initialization.
WARNING: [RTGEN 206-101] Register 'p_ZZN4nnet24compute_output_buffer_2dINS_5arrayI8ap_fixedILi16ELi6EL9ap_q_mode5EL9_572' is power-on initialization.
WARNING: [RTGEN 206-101] Register 'p_ZZN4nnet24compute_output_buffer_2dINS_5arrayI8ap_fixedILi16ELi6EL9ap_q_mode5EL9_608' is power-on initialization.
WARNING: [RTGEN 206-101] Register 'p_ZZN4nnet24compute_output_buffer_2dINS_5arrayI8ap_fixedILi16ELi6EL9ap_q_mode5EL9_573' is power-on initialization.
WARNING: [RTGEN 206-101] Register 'p_ZZN4nnet24compute_output_buffer_2dINS_5arrayI8ap_fixedILi16ELi6EL9ap_q_mode5EL9_609' is power-on initialization.
WARNING: [RTGEN 206-101] Register 'p_ZZN4nnet24compute_output_buffer_2dINS_5arrayI8ap_fixedILi16ELi6EL9ap_q_mode5EL9_574' is power-on initialization.
WARNING: [RTGEN 206-101] Register 'p_ZZN4nnet24compute_output_buffer_2dINS_5arrayI8ap_fixedILi16ELi6EL9ap_q_mode5EL9_611' is power-on initialization.
WARNING: [RTGEN 206-101] Register 'p_ZZN4nnet24compute_output_buffer_2dINS_5arrayI8ap_fixedILi16ELi6EL9ap_q_mode5EL9_575' is power-on initialization.
WARNING: [RTGEN 206-101] Register 'p_ZZN4nnet24compute_output_buffer_2dINS_5arrayI8ap_fixedILi16ELi6EL9ap_q_mode5EL9_612' is power-on initialization.
WARNING: [RTGEN 206-101] Register 'p_ZZN4nnet24compute_output_buffer_2dINS_5arrayI8ap_fixedILi16ELi6EL9ap_q_mode5EL9_576' is power-on initialization.
WARNING: [RTGEN 206-101] Register 'p_ZZN4nnet24compute_output_buffer_2dINS_5arrayI8ap_fixedILi16ELi6EL9ap_q_mode5EL9_613' is power-on initialization.
WARNING: [RTGEN 206-101] Register 'p_ZZN4nnet24compute_output_buffer_2dINS_5arrayI8ap_fixedILi16ELi6EL9ap_q_mode5EL9_578' is power-on initialization.
WARNING: [RTGEN 206-101] Register 'p_ZZN4nnet24compute_output_buffer_2dINS_5arrayI8ap_fixedILi16ELi6EL9ap_q_mode5EL9_614' is power-on initialization.
WARNING: [RTGEN 206-101] Register 'p_ZZN4nnet24compute_output_buffer_2dINS_5arrayI8ap_fixedILi16ELi6EL9ap_q_mode5EL9_579' is power-on initialization.
WARNING: [RTGEN 206-101] Register 'p_ZZN4nnet24compute_output_buffer_2dINS_5arrayI8ap_fixedILi16ELi6EL9ap_q_mode5EL9_615' is power-on initialization.
WARNING: [RTGEN 206-101] Register 'p_ZZN4nnet24compute_output_buffer_2dINS_5arrayI8ap_fixedILi16ELi6EL9ap_q_mode5EL9_580' is power-on initialization.
WARNING: [RTGEN 206-101] Register 'p_ZZN4nnet24compute_output_buffer_2dINS_5arrayI8ap_fixedILi16ELi6EL9ap_q_mode5EL9_616' is power-on initialization.
WARNING: [RTGEN 206-101] Register 'p_ZZN4nnet24compute_output_buffer_2dINS_5arrayI8ap_fixedILi16ELi6EL9ap_q_mode5EL9_581' is power-on initialization.
WARNING: [RTGEN 206-101] Register 'p_ZZN4nnet24compute_output_buffer_2dINS_5arrayI8ap_fixedILi16ELi6EL9ap_q_mode5EL9_617' is power-on initialization.
WARNING: [RTGEN 206-101] Register 'p_ZZN4nnet24compute_output_buffer_2dINS_5arrayI8ap_fixedILi16ELi6EL9ap_q_mode5EL9_582' is power-on initialization.
WARNING: [RTGEN 206-101] Register 'p_ZZN4nnet24compute_output_buffer_2dINS_5arrayI8ap_fixedILi16ELi6EL9ap_q_mode5EL9_618' is power-on initialization.
WARNING: [RTGEN 206-101] Register 'p_ZZN4nnet24compute_output_buffer_2dINS_5arrayI8ap_fixedILi16ELi6EL9ap_q_mode5EL9_583' is power-on initialization.
WARNING: [RTGEN 206-101] Register 'p_ZZN4nnet24compute_output_buffer_2dINS_5arrayI8ap_fixedILi16ELi6EL9ap_q_mode5EL9_619' is power-on initialization.
WARNING: [RTGEN 206-101] Register 'p_ZZN4nnet24compute_output_buffer_2dINS_5arrayI8ap_fixedILi16ELi6EL9ap_q_mode5EL9_584' is power-on initialization.
WARNING: [RTGEN 206-101] Register 'p_ZZN4nnet24compute_output_buffer_2dINS_5arrayI8ap_fixedILi16ELi6EL9ap_q_mode5EL9_620' is power-on initialization.
WARNING: [RTGEN 206-101] Register 'p_ZZN4nnet24compute_output_buffer_2dINS_5arrayI8ap_fixedILi16ELi6EL9ap_q_mode5EL9_585' is power-on initialization.
WARNING: [RTGEN 206-101] Register 'p_ZZN4nnet24compute_output_buffer_2dINS_5arrayI8ap_fixedILi16ELi6EL9ap_q_mode5EL9_692' is power-on initialization.
WARNING: [RTGEN 206-101] Register 'p_ZZN4nnet24compute_output_buffer_2dINS_5arrayI8ap_fixedILi16ELi6EL9ap_q_mode5EL9_657' is power-on initialization.
WARNING: [RTGEN 206-101] Register 'p_ZZN4nnet24compute_output_buffer_2dINS_5arrayI8ap_fixedILi16ELi6EL9ap_q_mode5EL9_693' is power-on initialization.
WARNING: [RTGEN 206-101] Register 'p_ZZN4nnet24compute_output_buffer_2dINS_5arrayI8ap_fixedILi16ELi6EL9ap_q_mode5EL9_658' is power-on initialization.
WARNING: [RTGEN 206-101] Register 'p_ZZN4nnet24compute_output_buffer_2dINS_5arrayI8ap_fixedILi16ELi6EL9ap_q_mode5EL9_694' is power-on initialization.
WARNING: [RTGEN 206-101] Register 'p_ZZN4nnet24compute_output_buffer_2dINS_5arrayI8ap_fixedILi16ELi6EL9ap_q_mode5EL9_659' is power-on initialization.
WARNING: [RTGEN 206-101] Register 'p_ZZN4nnet24compute_output_buffer_2dINS_5arrayI8ap_fixedILi16ELi6EL9ap_q_mode5EL9_695' is power-on initialization.
WARNING: [RTGEN 206-101] Register 'p_ZZN4nnet24compute_output_buffer_2dINS_5arrayI8ap_fixedILi16ELi6EL9ap_q_mode5EL9_660' is power-on initialization.
WARNING: [RTGEN 206-101] Register 'p_ZZN4nnet24compute_output_buffer_2dINS_5arrayI8ap_fixedILi16ELi6EL9ap_q_mode5EL9_696' is power-on initialization.
WARNING: [RTGEN 206-101] Register 'p_ZZN4nnet24compute_output_buffer_2dINS_5arrayI8ap_fixedILi16ELi6EL9ap_q_mode5EL9_661' is power-on initialization.
WARNING: [RTGEN 206-101] Register 'p_ZZN4nnet24compute_output_buffer_2dINS_5arrayI8ap_fixedILi16ELi6EL9ap_q_mode5EL9_697' is power-on initialization.
WARNING: [RTGEN 206-101] Register 'p_ZZN4nnet24compute_output_buffer_2dINS_5arrayI8ap_fixedILi16ELi6EL9ap_q_mode5EL9_662' is power-on initialization.
WARNING: [RTGEN 206-101] Register 'p_ZZN4nnet24compute_output_buffer_2dINS_5arrayI8ap_fixedILi16ELi6EL9ap_q_mode5EL9_699' is power-on initialization.
WARNING: [RTGEN 206-101] Register 'p_ZZN4nnet24compute_output_buffer_2dINS_5arrayI8ap_fixedILi16ELi6EL9ap_q_mode5EL9_663' is power-on initialization.
WARNING: [RTGEN 206-101] Register 'p_ZZN4nnet24compute_output_buffer_2dINS_5arrayI8ap_fixedILi16ELi6EL9ap_q_mode5EL9_700' is power-on initialization.
WARNING: [RTGEN 206-101] Register 'p_ZZN4nnet24compute_output_buffer_2dINS_5arrayI8ap_fixedILi16ELi6EL9ap_q_mode5EL9_664' is power-on initialization.
WARNING: [RTGEN 206-101] Register 'p_ZZN4nnet24compute_output_buffer_2dINS_5arrayI8ap_fixedILi16ELi6EL9ap_q_mode5EL9_701' is power-on initialization.
WARNING: [RTGEN 206-101] Register 'p_ZZN4nnet24compute_output_buffer_2dINS_5arrayI8ap_fixedILi16ELi6EL9ap_q_mode5EL9_666' is power-on initialization.
WARNING: [RTGEN 206-101] Register 'p_ZZN4nnet24compute_output_buffer_2dINS_5arrayI8ap_fixedILi16ELi6EL9ap_q_mode5EL9_702' is power-on initialization.
WARNING: [RTGEN 206-101] Register 'p_ZZN4nnet24compute_output_buffer_2dINS_5arrayI8ap_fixedILi16ELi6EL9ap_q_mode5EL9_667' is power-on initialization.
WARNING: [RTGEN 206-101] Register 'p_ZZN4nnet24compute_output_buffer_2dINS_5arrayI8ap_fixedILi16ELi6EL9ap_q_mode5EL9_703' is power-on initialization.
WARNING: [RTGEN 206-101] Register 'p_ZZN4nnet24compute_output_buffer_2dINS_5arrayI8ap_fixedILi16ELi6EL9ap_q_mode5EL9_668' is power-on initialization.
WARNING: [RTGEN 206-101] Register 'p_ZZN4nnet24compute_output_buffer_2dINS_5arrayI8ap_fixedILi16ELi6EL9ap_q_mode5EL9_704' is power-on initialization.
WARNING: [RTGEN 206-101] Register 'p_ZZN4nnet24compute_output_buffer_2dINS_5arrayI8ap_fixedILi16ELi6EL9ap_q_mode5EL9_669' is power-on initialization.
WARNING: [RTGEN 206-101] Register 'p_ZZN4nnet24compute_output_buffer_2dINS_5arrayI8ap_fixedILi16ELi6EL9ap_q_mode5EL9_705' is power-on initialization.
WARNING: [RTGEN 206-101] Register 'p_ZZN4nnet24compute_output_buffer_2dINS_5arrayI8ap_fixedILi16ELi6EL9ap_q_mode5EL9_670' is power-on initialization.
WARNING: [RTGEN 206-101] Register 'p_ZZN4nnet24compute_output_buffer_2dINS_5arrayI8ap_fixedILi16ELi6EL9ap_q_mode5EL9_706' is power-on initialization.
WARNING: [RTGEN 206-101] Register 'p_ZZN4nnet24compute_output_buffer_2dINS_5arrayI8ap_fixedILi16ELi6EL9ap_q_mode5EL9_671' is power-on initialization.
WARNING: [RTGEN 206-101] Register 'p_ZZN4nnet24compute_output_buffer_2dINS_5arrayI8ap_fixedILi16ELi6EL9ap_q_mode5EL9_707' is power-on initialization.
WARNING: [RTGEN 206-101] Register 'p_ZZN4nnet24compute_output_buffer_2dINS_5arrayI8ap_fixedILi16ELi6EL9ap_q_mode5EL9_672' is power-on initialization.
WARNING: [RTGEN 206-101] Register 'p_ZZN4nnet24compute_output_buffer_2dINS_5arrayI8ap_fixedILi16ELi6EL9ap_q_mode5EL9_708' is power-on initialization.
WARNING: [RTGEN 206-101] Register 'p_ZZN4nnet24compute_output_buffer_2dINS_5arrayI8ap_fixedILi16ELi6EL9ap_q_mode5EL9_673' is power-on initialization.
WARNING: [RTGEN 206-101] Register 'p_ZZN4nnet24compute_output_buffer_2dINS_5arrayI8ap_fixedILi16ELi6EL9ap_q_mode5EL9_710' is power-on initialization.
WARNING: [RTGEN 206-101] Register 'p_ZZN4nnet24compute_output_buffer_2dINS_5arrayI8ap_fixedILi16ELi6EL9ap_q_mode5EL9_674' is power-on initialization.
WARNING: [RTGEN 206-101] Register 'p_ZZN4nnet24compute_output_buffer_2dINS_5arrayI8ap_fixedILi16ELi6EL9ap_q_mode5EL9_711' is power-on initialization.
WARNING: [RTGEN 206-101] Register 'p_ZZN4nnet24compute_output_buffer_2dINS_5arrayI8ap_fixedILi16ELi6EL9ap_q_mode5EL9_675' is power-on initialization.
WARNING: [RTGEN 206-101] Register 'p_ZZN4nnet24compute_output_buffer_2dINS_5arrayI8ap_fixedILi16ELi6EL9ap_q_mode5EL9_712' is power-on initialization.
WARNING: [RTGEN 206-101] Register 'p_ZZN4nnet24compute_output_buffer_2dINS_5arrayI8ap_fixedILi16ELi6EL9ap_q_mode5EL9_677' is power-on initialization.
WARNING: [RTGEN 206-101] Register 'p_ZZN4nnet24compute_output_buffer_2dINS_5arrayI8ap_fixedILi16ELi6EL9ap_q_mode5EL9_713' is power-on initialization.
WARNING: [RTGEN 206-101] Register 'p_ZZN4nnet24compute_output_buffer_2dINS_5arrayI8ap_fixedILi16ELi6EL9ap_q_mode5EL9_678' is power-on initialization.
WARNING: [RTGEN 206-101] Register 'p_ZZN4nnet24compute_output_buffer_2dINS_5arrayI8ap_fixedILi16ELi6EL9ap_q_mode5EL9_714' is power-on initialization.
WARNING: [RTGEN 206-101] Register 'p_ZZN4nnet24compute_output_buffer_2dINS_5arrayI8ap_fixedILi16ELi6EL9ap_q_mode5EL9_679' is power-on initialization.
WARNING: [RTGEN 206-101] Register 'p_ZZN4nnet24compute_output_buffer_2dINS_5arrayI8ap_fixedILi16ELi6EL9ap_q_mode5EL9_715' is power-on initialization.
WARNING: [RTGEN 206-101] Register 'p_ZZN4nnet24compute_output_buffer_2dINS_5arrayI8ap_fixedILi16ELi6EL9ap_q_mode5EL9_680' is power-on initialization.
WARNING: [RTGEN 206-101] Register 'p_ZZN4nnet24compute_output_buffer_2dINS_5arrayI8ap_fixedILi16ELi6EL9ap_q_mode5EL9_716' is power-on initialization.
WARNING: [RTGEN 206-101] Register 'p_ZZN4nnet24compute_output_buffer_2dINS_5arrayI8ap_fixedILi16ELi6EL9ap_q_mode5EL9_681' is power-on initialization.
WARNING: [RTGEN 206-101] Register 'p_ZZN4nnet24compute_output_buffer_2dINS_5arrayI8ap_fixedILi16ELi6EL9ap_q_mode5EL9_717' is power-on initialization.
WARNING: [RTGEN 206-101] Register 'p_ZZN4nnet24compute_output_buffer_2dINS_5arrayI8ap_fixedILi16ELi6EL9ap_q_mode5EL9_682' is power-on initialization.
WARNING: [RTGEN 206-101] Register 'p_ZZN4nnet24compute_output_buffer_2dINS_5arrayI8ap_fixedILi16ELi6EL9ap_q_mode5EL9_718' is power-on initialization.
WARNING: [RTGEN 206-101] Register 'p_ZZN4nnet24compute_output_buffer_2dINS_5arrayI8ap_fixedILi16ELi6EL9ap_q_mode5EL9_683' is power-on initialization.
WARNING: [RTGEN 206-101] Register 'p_ZZN4nnet24compute_output_buffer_2dINS_5arrayI8ap_fixedILi16ELi6EL9ap_q_mode5EL9_719' is power-on initialization.
WARNING: [RTGEN 206-101] Register 'p_ZZN4nnet24compute_output_buffer_2dINS_5arrayI8ap_fixedILi16ELi6EL9ap_q_mode5EL9_684' is power-on initialization.
WARNING: [RTGEN 206-101] Register 'p_ZZN4nnet24compute_output_buffer_2dINS_5arrayI8ap_fixedILi16ELi6EL9ap_q_mode5EL9_721' is power-on initialization.
WARNING: [RTGEN 206-101] Register 'p_ZZN4nnet24compute_output_buffer_2dINS_5arrayI8ap_fixedILi16ELi6EL9ap_q_mode5EL9_685' is power-on initialization.
WARNING: [RTGEN 206-101] Register 'p_ZZN4nnet24compute_output_buffer_2dINS_5arrayI8ap_fixedILi16ELi6EL9ap_q_mode5EL9_722' is power-on initialization.
WARNING: [RTGEN 206-101] Register 'p_ZZN4nnet24compute_output_buffer_2dINS_5arrayI8ap_fixedILi16ELi6EL9ap_q_mode5EL9_686' is power-on initialization.
WARNING: [RTGEN 206-101] Register 'p_ZZN4nnet24compute_output_buffer_2dINS_5arrayI8ap_fixedILi16ELi6EL9ap_q_mode5EL9_723' is power-on initialization.
WARNING: [RTGEN 206-101] Register 'p_ZZN4nnet24compute_output_buffer_2dINS_5arrayI8ap_fixedILi16ELi6EL9ap_q_mode5EL9_688' is power-on initialization.
WARNING: [RTGEN 206-101] Register 'p_ZZN4nnet24compute_output_buffer_2dINS_5arrayI8ap_fixedILi16ELi6EL9ap_q_mode5EL9_724' is power-on initialization.
WARNING: [RTGEN 206-101] Register 'p_ZZN4nnet24compute_output_buffer_2dINS_5arrayI8ap_fixedILi16ELi6EL9ap_q_mode5EL9_689' is power-on initialization.
WARNING: [RTGEN 206-101] Register 'p_ZZN4nnet24compute_output_buffer_2dINS_5arrayI8ap_fixedILi16ELi6EL9ap_q_mode5EL9_725' is power-on initialization.
WARNING: [RTGEN 206-101] Register 'p_ZZN4nnet24compute_output_buffer_2dINS_5arrayI8ap_fixedILi16ELi6EL9ap_q_mode5EL9_690' is power-on initialization.
WARNING: [RTGEN 206-101] Register 'p_ZZN4nnet24compute_output_buffer_2dINS_5arrayI8ap_fixedILi16ELi6EL9ap_q_mode5EL9_726' is power-on initialization.
WARNING: [RTGEN 206-101] Register 'p_ZZN4nnet24compute_output_buffer_2dINS_5arrayI8ap_fixedILi16ELi6EL9ap_q_mode5EL9_691' is power-on initialization.
WARNING: [RTGEN 206-101] Register 'p_ZZN4nnet24compute_output_buffer_2dINS_5arrayI8ap_fixedILi16ELi6EL9ap_q_mode5EL9_797' is power-on initialization.
WARNING: [RTGEN 206-101] Register 'p_ZZN4nnet24compute_output_buffer_2dINS_5arrayI8ap_fixedILi16ELi6EL9ap_q_mode5EL9_798' is power-on initialization.
WARNING: [RTGEN 206-101] Register 'p_ZZN4nnet24compute_output_buffer_2dINS_5arrayI8ap_fixedILi16ELi6EL9ap_q_mode5EL9_799' is power-on initialization.
WARNING: [RTGEN 206-101] Register 'p_ZZN4nnet24compute_output_buffer_2dINS_5arrayI8ap_fixedILi16ELi6EL9ap_q_mode5EL9_800' is power-on initialization.
WARNING: [RTGEN 206-101] Register 'p_ZZN4nnet24compute_output_buffer_2dINS_5arrayI8ap_fixedILi16ELi6EL9ap_q_mode5EL9_801' is power-on initialization.
WARNING: [RTGEN 206-101] Register 'p_ZZN4nnet24compute_output_buffer_2dINS_5arrayI8ap_fixedILi16ELi6EL9ap_q_mode5EL9_802' is power-on initialization.
WARNING: [RTGEN 206-101] Register 'p_ZZN4nnet24compute_output_buffer_2dINS_5arrayI8ap_fixedILi16ELi6EL9ap_q_mode5EL9_803' is power-on initialization.
WARNING: [RTGEN 206-101] Register 'p_ZZN4nnet24compute_output_buffer_2dINS_5arrayI8ap_fixedILi16ELi6EL9ap_q_mode5EL9_804' is power-on initialization.
WARNING: [RTGEN 206-101] Register 'p_ZZN4nnet24compute_output_buffer_2dINS_5arrayI8ap_fixedILi16ELi6EL9ap_q_mode5EL9_805' is power-on initialization.
WARNING: [RTGEN 206-101] Register 'p_ZZN4nnet24compute_output_buffer_2dINS_5arrayI8ap_fixedILi16ELi6EL9ap_q_mode5EL9_806' is power-on initialization.
WARNING: [RTGEN 206-101] Register 'p_ZZN4nnet24compute_output_buffer_2dINS_5arrayI8ap_fixedILi16ELi6EL9ap_q_mode5EL9_807' is power-on initialization.
WARNING: [RTGEN 206-101] Register 'p_ZZN4nnet24compute_output_buffer_2dINS_5arrayI8ap_fixedILi16ELi6EL9ap_q_mode5EL9_808' is power-on initialization.
WARNING: [RTGEN 206-101] Register 'p_ZZN4nnet24compute_output_buffer_2dINS_5arrayI8ap_fixedILi16ELi6EL9ap_q_mode5EL9_809' is power-on initialization.
WARNING: [RTGEN 206-101] Register 'p_ZZN4nnet24compute_output_buffer_2dINS_5arrayI8ap_fixedILi16ELi6EL9ap_q_mode5EL9_810' is power-on initialization.
WARNING: [RTGEN 206-101] Register 'p_ZZN4nnet24compute_output_buffer_2dINS_5arrayI8ap_fixedILi16ELi6EL9ap_q_mode5EL9_811' is power-on initialization.
WARNING: [RTGEN 206-101] Register 'p_ZZN4nnet24compute_output_buffer_2dINS_5arrayI8ap_fixedILi16ELi6EL9ap_q_mode5EL9_812' is power-on initialization.
WARNING: [RTGEN 206-101] Register 'p_ZZN4nnet24compute_output_buffer_2dINS_5arrayI8ap_fixedILi16ELi6EL9ap_q_mode5EL9_813' is power-on initialization.
WARNING: [RTGEN 206-101] Register 'p_ZZN4nnet24compute_output_buffer_2dINS_5arrayI8ap_fixedILi16ELi6EL9ap_q_mode5EL9_814' is power-on initialization.
WARNING: [RTGEN 206-101] Register 'p_ZZN4nnet24compute_output_buffer_2dINS_5arrayI8ap_fixedILi16ELi6EL9ap_q_mode5EL9_815' is power-on initialization.
WARNING: [RTGEN 206-101] Register 'p_ZZN4nnet24compute_output_buffer_2dINS_5arrayI8ap_fixedILi16ELi6EL9ap_q_mode5EL9_816' is power-on initialization.
WARNING: [RTGEN 206-101] Register 'p_ZZN4nnet24compute_output_buffer_2dINS_5arrayI8ap_fixedILi16ELi6EL9ap_q_mode5EL9_817' is power-on initialization.
WARNING: [RTGEN 206-101] Register 'p_ZZN4nnet24compute_output_buffer_2dINS_5arrayI8ap_fixedILi16ELi6EL9ap_q_mode5EL9_818' is power-on initialization.
WARNING: [RTGEN 206-101] Register 'p_ZZN4nnet24compute_output_buffer_2dINS_5arrayI8ap_fixedILi16ELi6EL9ap_q_mode5EL9_819' is power-on initialization.
WARNING: [RTGEN 206-101] Register 'p_ZZN4nnet24compute_output_buffer_2dINS_5arrayI8ap_fixedILi16ELi6EL9ap_q_mode5EL9_820' is power-on initialization.
WARNING: [RTGEN 206-101] Register 'p_ZZN4nnet24compute_output_buffer_2dINS_5arrayI8ap_fixedILi16ELi6EL9ap_q_mode5EL9_821' is power-on initialization.
WARNING: [RTGEN 206-101] Register 'p_ZZN4nnet24compute_output_buffer_2dINS_5arrayI8ap_fixedILi16ELi6EL9ap_q_mode5EL9_822' is power-on initialization.
WARNING: [RTGEN 206-101] Register 'p_ZZN4nnet24compute_output_buffer_2dINS_5arrayI8ap_fixedILi16ELi6EL9ap_q_mode5EL9_823' is power-on initialization.
WARNING: [RTGEN 206-101] Register 'p_ZZN4nnet24compute_output_buffer_2dINS_5arrayI8ap_fixedILi16ELi6EL9ap_q_mode5EL9_824' is power-on initialization.
WARNING: [RTGEN 206-101] Register 'p_ZZN4nnet24compute_output_buffer_2dINS_5arrayI8ap_fixedILi16ELi6EL9ap_q_mode5EL9_825' is power-on initialization.
WARNING: [RTGEN 206-101] Register 'p_ZZN4nnet24compute_output_buffer_2dINS_5arrayI8ap_fixedILi16ELi6EL9ap_q_mode5EL9_826' is power-on initialization.
WARNING: [RTGEN 206-101] Register 'p_ZZN4nnet24compute_output_buffer_2dINS_5arrayI8ap_fixedILi16ELi6EL9ap_q_mode5EL9_827' is power-on initialization.
WARNING: [RTGEN 206-101] Register 'p_ZZN4nnet24compute_output_buffer_2dINS_5arrayI8ap_fixedILi16ELi6EL9ap_q_mode5EL9_828' is power-on initialization.
WARNING: [RTGEN 206-101] Register 'p_ZZN4nnet24compute_output_buffer_2dINS_5arrayI8ap_fixedILi16ELi6EL9ap_q_mode5EL9_622' is power-on initialization.
WARNING: [RTGEN 206-101] Register 'p_ZZN4nnet24compute_output_buffer_2dINS_5arrayI8ap_fixedILi16ELi6EL9ap_q_mode5EL9_623' is power-on initialization.
WARNING: [RTGEN 206-101] Register 'p_ZZN4nnet24compute_output_buffer_2dINS_5arrayI8ap_fixedILi16ELi6EL9ap_q_mode5EL9_624' is power-on initialization.
WARNING: [RTGEN 206-101] Register 'p_ZZN4nnet24compute_output_buffer_2dINS_5arrayI8ap_fixedILi16ELi6EL9ap_q_mode5EL9_625' is power-on initialization.
WARNING: [RTGEN 206-101] Register 'p_ZZN4nnet24compute_output_buffer_2dINS_5arrayI8ap_fixedILi16ELi6EL9ap_q_mode5EL9_626' is power-on initialization.
WARNING: [RTGEN 206-101] Register 'p_ZZN4nnet24compute_output_buffer_2dINS_5arrayI8ap_fixedILi16ELi6EL9ap_q_mode5EL9_627' is power-on initialization.
WARNING: [RTGEN 206-101] Register 'p_ZZN4nnet24compute_output_buffer_2dINS_5arrayI8ap_fixedILi16ELi6EL9ap_q_mode5EL9_628' is power-on initialization.
WARNING: [RTGEN 206-101] Register 'p_ZZN4nnet24compute_output_buffer_2dINS_5arrayI8ap_fixedILi16ELi6EL9ap_q_mode5EL9_629' is power-on initialization.
WARNING: [RTGEN 206-101] Register 'p_ZZN4nnet24compute_output_buffer_2dINS_5arrayI8ap_fixedILi16ELi6EL9ap_q_mode5EL9_630' is power-on initialization.
WARNING: [RTGEN 206-101] Register 'p_ZZN4nnet24compute_output_buffer_2dINS_5arrayI8ap_fixedILi16ELi6EL9ap_q_mode5EL9_631' is power-on initialization.
WARNING: [RTGEN 206-101] Register 'p_ZZN4nnet24compute_output_buffer_2dINS_5arrayI8ap_fixedILi16ELi6EL9ap_q_mode5EL9_633' is power-on initialization.
WARNING: [RTGEN 206-101] Register 'p_ZZN4nnet24compute_output_buffer_2dINS_5arrayI8ap_fixedILi16ELi6EL9ap_q_mode5EL9_634' is power-on initialization.
WARNING: [RTGEN 206-101] Register 'p_ZZN4nnet24compute_output_buffer_2dINS_5arrayI8ap_fixedILi16ELi6EL9ap_q_mode5EL9_635' is power-on initialization.
WARNING: [RTGEN 206-101] Register 'p_ZZN4nnet24compute_output_buffer_2dINS_5arrayI8ap_fixedILi16ELi6EL9ap_q_mode5EL9_636' is power-on initialization.
WARNING: [RTGEN 206-101] Register 'p_ZZN4nnet24compute_output_buffer_2dINS_5arrayI8ap_fixedILi16ELi6EL9ap_q_mode5EL9_637' is power-on initialization.
WARNING: [RTGEN 206-101] Register 'p_ZZN4nnet24compute_output_buffer_2dINS_5arrayI8ap_fixedILi16ELi6EL9ap_q_mode5EL9_638' is power-on initialization.
WARNING: [RTGEN 206-101] Register 'p_ZZN4nnet24compute_output_buffer_2dINS_5arrayI8ap_fixedILi16ELi6EL9ap_q_mode5EL9_639' is power-on initialization.
WARNING: [RTGEN 206-101] Register 'p_ZZN4nnet24compute_output_buffer_2dINS_5arrayI8ap_fixedILi16ELi6EL9ap_q_mode5EL9_640' is power-on initialization.
WARNING: [RTGEN 206-101] Register 'p_ZZN4nnet24compute_output_buffer_2dINS_5arrayI8ap_fixedILi16ELi6EL9ap_q_mode5EL9_641' is power-on initialization.
WARNING: [RTGEN 206-101] Register 'p_ZZN4nnet24compute_output_buffer_2dINS_5arrayI8ap_fixedILi16ELi6EL9ap_q_mode5EL9_642' is power-on initialization.
WARNING: [RTGEN 206-101] Register 'p_ZZN4nnet24compute_output_buffer_2dINS_5arrayI8ap_fixedILi16ELi6EL9ap_q_mode5EL9_644' is power-on initialization.
WARNING: [RTGEN 206-101] Register 'p_ZZN4nnet24compute_output_buffer_2dINS_5arrayI8ap_fixedILi16ELi6EL9ap_q_mode5EL9_645' is power-on initialization.
WARNING: [RTGEN 206-101] Register 'p_ZZN4nnet24compute_output_buffer_2dINS_5arrayI8ap_fixedILi16ELi6EL9ap_q_mode5EL9_646' is power-on initialization.
WARNING: [RTGEN 206-101] Register 'p_ZZN4nnet24compute_output_buffer_2dINS_5arrayI8ap_fixedILi16ELi6EL9ap_q_mode5EL9_647' is power-on initialization.
WARNING: [RTGEN 206-101] Register 'p_ZZN4nnet24compute_output_buffer_2dINS_5arrayI8ap_fixedILi16ELi6EL9ap_q_mode5EL9_648' is power-on initialization.
WARNING: [RTGEN 206-101] Register 'p_ZZN4nnet24compute_output_buffer_2dINS_5arrayI8ap_fixedILi16ELi6EL9ap_q_mode5EL9_649' is power-on initialization.
WARNING: [RTGEN 206-101] Register 'p_ZZN4nnet24compute_output_buffer_2dINS_5arrayI8ap_fixedILi16ELi6EL9ap_q_mode5EL9_650' is power-on initialization.
WARNING: [RTGEN 206-101] Register 'p_ZZN4nnet24compute_output_buffer_2dINS_5arrayI8ap_fixedILi16ELi6EL9ap_q_mode5EL9_651' is power-on initialization.
WARNING: [RTGEN 206-101] Register 'p_ZZN4nnet24compute_output_buffer_2dINS_5arrayI8ap_fixedILi16ELi6EL9ap_q_mode5EL9_652' is power-on initialization.
WARNING: [RTGEN 206-101] Register 'p_ZZN4nnet24compute_output_buffer_2dINS_5arrayI8ap_fixedILi16ELi6EL9ap_q_mode5EL9_653' is power-on initialization.
WARNING: [RTGEN 206-101] Register 'p_ZZN4nnet24compute_output_buffer_2dINS_5arrayI8ap_fixedILi16ELi6EL9ap_q_mode5EL9_655' is power-on initialization.
WARNING: [RTGEN 206-101] Register 'p_ZZN4nnet24compute_output_buffer_2dINS_5arrayI8ap_fixedILi16ELi6EL9ap_q_mode5EL9_656' is power-on initialization.
WARNING: [RTGEN 206-101] Register 'p_ZZN4nnet24compute_output_buffer_2dINS_5arrayI8ap_fixedILi16ELi6EL9ap_q_mode5EL9_727' is power-on initialization.
WARNING: [RTGEN 206-101] Register 'p_ZZN4nnet24compute_output_buffer_2dINS_5arrayI8ap_fixedILi16ELi6EL9ap_q_mode5EL9_728' is power-on initialization.
WARNING: [RTGEN 206-101] Register 'p_ZZN4nnet24compute_output_buffer_2dINS_5arrayI8ap_fixedILi16ELi6EL9ap_q_mode5EL9_729' is power-on initialization.
WARNING: [RTGEN 206-101] Register 'p_ZZN4nnet24compute_output_buffer_2dINS_5arrayI8ap_fixedILi16ELi6EL9ap_q_mode5EL9_730' is power-on initialization.
WARNING: [RTGEN 206-101] Register 'p_ZZN4nnet24compute_output_buffer_2dINS_5arrayI8ap_fixedILi16ELi6EL9ap_q_mode5EL9_732' is power-on initialization.
WARNING: [RTGEN 206-101] Register 'p_ZZN4nnet24compute_output_buffer_2dINS_5arrayI8ap_fixedILi16ELi6EL9ap_q_mode5EL9_733' is power-on initialization.
WARNING: [RTGEN 206-101] Register 'p_ZZN4nnet24compute_output_buffer_2dINS_5arrayI8ap_fixedILi16ELi6EL9ap_q_mode5EL9_734' is power-on initialization.
WARNING: [RTGEN 206-101] Register 'p_ZZN4nnet24compute_output_buffer_2dINS_5arrayI8ap_fixedILi16ELi6EL9ap_q_mode5EL9_735' is power-on initialization.
WARNING: [RTGEN 206-101] Register 'p_ZZN4nnet24compute_output_buffer_2dINS_5arrayI8ap_fixedILi16ELi6EL9ap_q_mode5EL9_736' is power-on initialization.
WARNING: [RTGEN 206-101] Register 'p_ZZN4nnet24compute_output_buffer_2dINS_5arrayI8ap_fixedILi16ELi6EL9ap_q_mode5EL9_737' is power-on initialization.
WARNING: [RTGEN 206-101] Register 'p_ZZN4nnet24compute_output_buffer_2dINS_5arrayI8ap_fixedILi16ELi6EL9ap_q_mode5EL9_738' is power-on initialization.
WARNING: [RTGEN 206-101] Register 'p_ZZN4nnet24compute_output_buffer_2dINS_5arrayI8ap_fixedILi16ELi6EL9ap_q_mode5EL9_739' is power-on initialization.
WARNING: [RTGEN 206-101] Register 'p_ZZN4nnet24compute_output_buffer_2dINS_5arrayI8ap_fixedILi16ELi6EL9ap_q_mode5EL9_740' is power-on initialization.
WARNING: [RTGEN 206-101] Register 'p_ZZN4nnet24compute_output_buffer_2dINS_5arrayI8ap_fixedILi16ELi6EL9ap_q_mode5EL9_741' is power-on initialization.
WARNING: [RTGEN 206-101] Register 'p_ZZN4nnet24compute_output_buffer_2dINS_5arrayI8ap_fixedILi16ELi6EL9ap_q_mode5EL9_743' is power-on initialization.
WARNING: [RTGEN 206-101] Register 'p_ZZN4nnet24compute_output_buffer_2dINS_5arrayI8ap_fixedILi16ELi6EL9ap_q_mode5EL9_744' is power-on initialization.
WARNING: [RTGEN 206-101] Register 'p_ZZN4nnet24compute_output_buffer_2dINS_5arrayI8ap_fixedILi16ELi6EL9ap_q_mode5EL9_745' is power-on initialization.
WARNING: [RTGEN 206-101] Register 'p_ZZN4nnet24compute_output_buffer_2dINS_5arrayI8ap_fixedILi16ELi6EL9ap_q_mode5EL9_746' is power-on initialization.
WARNING: [RTGEN 206-101] Register 'p_ZZN4nnet24compute_output_buffer_2dINS_5arrayI8ap_fixedILi16ELi6EL9ap_q_mode5EL9_747' is power-on initialization.
WARNING: [RTGEN 206-101] Register 'p_ZZN4nnet24compute_output_buffer_2dINS_5arrayI8ap_fixedILi16ELi6EL9ap_q_mode5EL9_748' is power-on initialization.
WARNING: [RTGEN 206-101] Register 'p_ZZN4nnet24compute_output_buffer_2dINS_5arrayI8ap_fixedILi16ELi6EL9ap_q_mode5EL9_749' is power-on initialization.
WARNING: [RTGEN 206-101] Register 'p_ZZN4nnet24compute_output_buffer_2dINS_5arrayI8ap_fixedILi16ELi6EL9ap_q_mode5EL9_750' is power-on initialization.
WARNING: [RTGEN 206-101] Register 'p_ZZN4nnet24compute_output_buffer_2dINS_5arrayI8ap_fixedILi16ELi6EL9ap_q_mode5EL9_751' is power-on initialization.
WARNING: [RTGEN 206-101] Register 'p_ZZN4nnet24compute_output_buffer_2dINS_5arrayI8ap_fixedILi16ELi6EL9ap_q_mode5EL9_752' is power-on initialization.
WARNING: [RTGEN 206-101] Register 'p_ZZN4nnet24compute_output_buffer_2dINS_5arrayI8ap_fixedILi16ELi6EL9ap_q_mode5EL9_754' is power-on initialization.
WARNING: [RTGEN 206-101] Register 'p_ZZN4nnet24compute_output_buffer_2dINS_5arrayI8ap_fixedILi16ELi6EL9ap_q_mode5EL9_755' is power-on initialization.
WARNING: [RTGEN 206-101] Register 'p_ZZN4nnet24compute_output_buffer_2dINS_5arrayI8ap_fixedILi16ELi6EL9ap_q_mode5EL9_756' is power-on initialization.
WARNING: [RTGEN 206-101] Register 'p_ZZN4nnet24compute_output_buffer_2dINS_5arrayI8ap_fixedILi16ELi6EL9ap_q_mode5EL9_757' is power-on initialization.
WARNING: [RTGEN 206-101] Register 'p_ZZN4nnet24compute_output_buffer_2dINS_5arrayI8ap_fixedILi16ELi6EL9ap_q_mode5EL9_758' is power-on initialization.
WARNING: [RTGEN 206-101] Register 'p_ZZN4nnet24compute_output_buffer_2dINS_5arrayI8ap_fixedILi16ELi6EL9ap_q_mode5EL9_759' is power-on initialization.
WARNING: [RTGEN 206-101] Register 'p_ZZN4nnet24compute_output_buffer_2dINS_5arrayI8ap_fixedILi16ELi6EL9ap_q_mode5EL9_760' is power-on initialization.
WARNING: [RTGEN 206-101] Register 'p_ZZN4nnet24compute_output_buffer_2dINS_5arrayI8ap_fixedILi16ELi6EL9ap_q_mode5EL9_761' is power-on initialization.
WARNING: [RTGEN 206-101] Register 'sX_1' is power-on initialization.
WARNING: [RTGEN 206-101] Register 'sY_1' is power-on initialization.
WARNING: [RTGEN 206-101] Register 'pY_1' is power-on initialization.
WARNING: [RTGEN 206-101] Register 'pX_1' is power-on initialization.
INFO: [HLS 200-1030] Apply Unified Pipeline Control on module 'compute_output_buffer_2d_array_array_ap_fixed_42_22_5_3_0_16u_config6_s' pipeline 'compute_output_buffer_2d<array,array<ap_fixed<42,22,5,3,0>,16u>,config6>' pipeline type 'function pipeline'
INFO: [RTGEN 206-104] Estimated max fanout for 'compute_output_buffer_2d_array_array_ap_fixed_42_22_5_3_0_16u_config6_s' is 167154 from HDL expression: ((1'b1 == ap_ce) & (((1'b0 == ap_block_pp0_stage18_11001_ignoreCallOp109) & (1'b1 == ap_CS_fsm_pp0_stage18)) | ((1'b0 == ap_block_pp0_stage17_11001_ignoreCallOp108) & (1'b1 == ap_CS_fsm_pp0_stage17)) | ((1'b0 == ap_block_pp0_stage16_11001_ignoreCallOp107) & (1'b1 == ap_CS_fsm_pp0_stage16)) | ((1'b0 == ap_block_pp0_stage15_11001_ignoreCallOp106) & (1'b1 == ap_CS_fsm_pp0_stage15)) | ((1'b0 == ap_block_pp0_stage14_11001_ignoreCallOp105) & (1'b1 == ap_CS_fsm_pp0_stage14)) | ((1'b0 == ap_block_pp0_stage13_11001_ignoreCallOp104) & (1'b1 == ap_CS_fsm_pp0_stage13)) | ((1'b0 == ap_block_pp0_stage12_11001_ignoreCallOp103) & (1'b1 == ap_CS_fsm_pp0_stage12)) | ((1'b0 == ap_block_pp0_stage11_11001_ignoreCallOp102) & (1'b1 == ap_CS_fsm_pp0_stage11)) | ((1'b0 == ap_block_pp0_stage10_11001_ignoreCallOp101) & (1'b1 == ap_CS_fsm_pp0_stage10)) | ((1'b0 == ap_block_pp0_stage9_11001_ignoreCallOp100) & (1'b1 == ap_CS_fsm_pp0_stage9)) | ((1'b0 == ap_block_pp0_stage8_11001_ignoreCallOp99) & (1'b1 == ap_CS_fsm_pp0_stage8)) | ((1'b0 == 
    ap_block_pp0_stage7_11001_ignoreCallOp98) & (1'b1 == ap_CS_fsm_pp0_stage7)) | ((1'b0 == ap_block_pp0_stage6_11001_ignoreCallOp97) & (1'b1 == ap_CS_fsm_pp0_stage6)) | ((1'b0 == ap_block_pp0_stage5_11001_ignoreCallOp96) & (1'b1 == ap_CS_fsm_pp0_stage5)) | ((1'b0 == ap_block_pp0_stage4_11001_ignoreCallOp95) & (1'b1 == ap_CS_fsm_pp0_stage4)) | ((1'b0 == ap_block_pp0_stage3_11001_ignoreCallOp94) & (1'b1 == ap_CS_fsm_pp0_stage3)) | ((1'b0 == ap_block_pp0_stage2_11001_ignoreCallOp93) & (1'b1 == ap_CS_fsm_pp0_stage2)) | ((1'b0 == ap_block_pp0_stage1_11001_ignoreCallOp86) & (1'b1 == ap_CS_fsm_pp0_stage1))))
INFO: [RTGEN 206-100] Finished creating RTL model for 'compute_output_buffer_2d_array_array_ap_fixed_42_22_5_3_0_16u_config6_s'.
INFO: [HLS 200-111] Finished Creating RTL model: CPU user time: 9.51 seconds. CPU system time: 0.57 seconds. Elapsed time: 10.15 seconds; current allocated memory: 6.534 GB.
INFO: [HLS 200-10] ----------------------------------------------------------------
INFO: [HLS 200-10] -- Generating RTL for module 'conv_2d_cl_array_ap_fixed_32u_array_ap_fixed_42_22_5_3_0_16u_config6_s' 
INFO: [HLS 200-10] ----------------------------------------------------------------
INFO: [HLS 200-1030] Apply Unified Pipeline Control on module 'conv_2d_cl_array_ap_fixed_32u_array_ap_fixed_42_22_5_3_0_16u_config6_s' pipeline 'ReadInputHeight_ReadInputWidth' pipeline type 'loop pipeline'
INFO: [RTGEN 206-104] Estimated max fanout for 'conv_2d_cl_array_ap_fixed_32u_array_ap_fixed_42_22_5_3_0_16u_config6_s' is 168963 from HDL expression: (((1'b0 == ap_block_pp0_stage0_11001_ignoreCallOp85) & (1'b1 == ap_CS_fsm_pp0_stage0)) | ((1'b0 == ap_block_pp0_stage18_11001_ignoreCallOp84) & (1'b1 == ap_CS_fsm_pp0_stage18)) | ((1'b0 == ap_block_pp0_stage17_11001_ignoreCallOp83) & (1'b1 == ap_CS_fsm_pp0_stage17)) | ((1'b0 == ap_block_pp0_stage16_11001_ignoreCallOp82) & (1'b1 == ap_CS_fsm_pp0_stage16)) | ((1'b0 == ap_block_pp0_stage15_11001_ignoreCallOp81) & (1'b1 == ap_CS_fsm_pp0_stage15)) | ((1'b0 == ap_block_pp0_stage14_11001_ignoreCallOp80) & (1'b1 == ap_CS_fsm_pp0_stage14)) | ((1'b0 == ap_block_pp0_stage13_11001_ignoreCallOp79) & (1'b1 == ap_CS_fsm_pp0_stage13)) | ((1'b0 == ap_block_pp0_stage12_11001_ignoreCallOp78) & (1'b1 == ap_CS_fsm_pp0_stage12)) | ((1'b0 == ap_block_pp0_stage11_11001_ignoreCallOp77) & (1'b1 == ap_CS_fsm_pp0_stage11)) | ((1'b0 == ap_block_pp0_stage10_11001_ignoreCallOp76) & (1'b1 == ap_CS_fsm_pp0_stage10)) | ((1'b0 == ap_block_pp0_stage9_11001_ignoreCallOp75) & (1'b1 == ap_CS_fsm_pp0_stage9)) | ((1'b0 == ap_block_pp0_stage8_11001_ignoreCallOp74) 
    & (1'b1 == ap_CS_fsm_pp0_stage8)) | ((1'b0 == ap_block_pp0_stage7_11001_ignoreCallOp73) & (1'b1 == ap_CS_fsm_pp0_stage7)) | ((1'b0 == ap_block_pp0_stage6_11001_ignoreCallOp72) & (1'b1 == ap_CS_fsm_pp0_stage6)) | ((1'b0 == ap_block_pp0_stage5_11001_ignoreCallOp71) & (1'b1 == ap_CS_fsm_pp0_stage5)) | ((1'b0 == ap_block_pp0_stage4_11001_ignoreCallOp70) & (1'b1 == ap_CS_fsm_pp0_stage4)) | ((1'b0 == ap_block_pp0_stage3_11001_ignoreCallOp69) & (1'b1 == ap_CS_fsm_pp0_stage3)) | ((1'b0 == ap_block_pp0_stage2_11001_ignoreCallOp68) & (1'b1 == ap_CS_fsm_pp0_stage2)) | ((1'b0 == ap_block_pp0_stage1_11001_ignoreCallOp67_grp1) & (1'b1 == ap_CS_fsm_pp0_stage1)))
INFO: [RTGEN 206-100] Finished creating RTL model for 'conv_2d_cl_array_ap_fixed_32u_array_ap_fixed_42_22_5_3_0_16u_config6_s'.
INFO: [HLS 200-111] Finished Creating RTL model: CPU user time: 0.43 seconds. CPU system time: 0.03 seconds. Elapsed time: 0.47 seconds; current allocated memory: 6.571 GB.
INFO: [HLS 200-10] ----------------------------------------------------------------
INFO: [HLS 200-10] -- Generating RTL for module 'relu_array_ap_fixed_16u_array_ap_fixed_16_6_5_3_0_16u_relu_config7_s' 
INFO: [HLS 200-10] ----------------------------------------------------------------
INFO: [HLS 200-1030] Apply Unified Pipeline Control on module 'relu_array_ap_fixed_16u_array_ap_fixed_16_6_5_3_0_16u_relu_config7_s' pipeline 'ReLUActLoop' pipeline type 'loop pipeline'
INFO: [RTGEN 206-100] Finished creating RTL model for 'relu_array_ap_fixed_16u_array_ap_fixed_16_6_5_3_0_16u_relu_config7_s'.
INFO: [HLS 200-111] Finished Creating RTL model: CPU user time: 0.31 seconds. CPU system time: 0.02 seconds. Elapsed time: 0.34 seconds; current allocated memory: 6.575 GB.
INFO: [HLS 200-10] ----------------------------------------------------------------
INFO: [HLS 200-10] -- Generating RTL for module 'myproject' 
INFO: [HLS 200-10] ----------------------------------------------------------------
WARNING: [RTGEN 206-101] Design contains AXI ports. Reset is fixed to synchronous and active low.
INFO: [RTGEN 206-500] Setting interface mode on port 'myproject/image_r' to 'axis' (register, both mode).
INFO: [RTGEN 206-500] Setting interface mode on port 'myproject/layer7_out' to 'axis' (register, both mode).
INFO: [RTGEN 206-500] Setting interface mode on function 'myproject' to 'ap_ctrl_hs'.
INFO: [SYN 201-210] Renamed object name 'start_for_conv_2d_cl_array_ap_fixed_1u_array_ap_fixed_37_17_5_3_0_32u_config2_U0' to 'start_for_conv_2d_cl_array_ap_fixed_1u_array_ap_fixed_37_17_5_3_0_32u_config2chv' due to the length limit 80
INFO: [SYN 201-210] Renamed object name 'start_for_conv_2d_cl_array_ap_fixed_32u_array_ap_fixed_42_22_5_3_0_32u_config4_U0' to 'start_for_conv_2d_cl_array_ap_fixed_32u_array_ap_fixed_42_22_5_3_0_32u_configciv' due to the length limit 80
INFO: [SYN 201-210] Renamed object name 'start_for_conv_2d_cl_array_ap_fixed_32u_array_ap_fixed_42_22_5_3_0_16u_config6_U0' to 'start_for_conv_2d_cl_array_ap_fixed_32u_array_ap_fixed_42_22_5_3_0_16u_configcjv' due to the length limit 80
INFO: [RTGEN 206-100] Finished creating RTL model for 'myproject'.
INFO: [RTMG 210-285] Implementing FIFO 'layer8_out_U(myproject_fifo_w16_d46980_A)' using Vivado Default RAMs.
INFO: [RTMG 210-285] Implementing FIFO 'layer2_out_U(myproject_fifo_w1184_d46080_A)' using Vivado Default RAMs.
INFO: [RTMG 210-285] Implementing FIFO 'layer3_out_U(myproject_fifo_w512_d46080_A)' using Vivado Default RAMs.
INFO: [RTMG 210-285] Implementing FIFO 'layer9_out_U(myproject_fifo_w512_d46980_A)' using Vivado Default RAMs.
INFO: [RTMG 210-285] Implementing FIFO 'layer4_out_U(myproject_fifo_w1344_d46080_A)' using Vivado Default RAMs.
INFO: [RTMG 210-285] Implementing FIFO 'layer5_out_U(myproject_fifo_w512_d46080_A)' using Vivado Default RAMs.
INFO: [RTMG 210-285] Implementing FIFO 'layer10_out_U(myproject_fifo_w512_d46980_A)' using Vivado Default RAMs.
INFO: [RTMG 210-285] Implementing FIFO 'layer6_out_U(myproject_fifo_w672_d46080_A)' using Vivado Default RAMs.
INFO: [RTMG 210-285] Implementing FIFO 'start_for_conv_2d_cl_array_ap_fixed_1u_array_ap_fixed_37_17_5_3_0_32u_config2chv_U(myproject_start_for_conv_2d_cl_array_ap_fixed_1u_array_ap_fixed_37_17_5_3_0_32u_config2chv)' using Shift Registers.
INFO: [RTMG 210-285] Implementing FIFO 'start_for_relu_array_ap_fixed_32u_array_ap_fixed_16_6_5_3_0_32u_relu_config3_U0_U(myproject_start_for_relu_array_ap_fixed_32u_array_ap_fixed_16_6_5_3_0_32u_relu_config3_U0)' using Shift Registers.
INFO: [RTMG 210-285] Implementing FIFO 'start_for_zeropad2d_cl_array_array_ap_fixed_16_6_5_3_0_32u_config9_U0_U(myproject_start_for_zeropad2d_cl_array_array_ap_fixed_16_6_5_3_0_32u_config9_U0)' using Shift Registers.
INFO: [RTMG 210-285] Implementing FIFO 'start_for_conv_2d_cl_array_ap_fixed_32u_array_ap_fixed_42_22_5_3_0_32u_configciv_U(myproject_start_for_conv_2d_cl_array_ap_fixed_32u_array_ap_fixed_42_22_5_3_0_32u_configciv)' using Shift Registers.
INFO: [RTMG 210-285] Implementing FIFO 'start_for_relu_array_ap_fixed_32u_array_ap_fixed_16_6_5_3_0_32u_relu_config5_U0_U(myproject_start_for_relu_array_ap_fixed_32u_array_ap_fixed_16_6_5_3_0_32u_relu_config5_U0)' using Shift Registers.
INFO: [RTMG 210-285] Implementing FIFO 'start_for_zeropad2d_cl_array_array_ap_fixed_16_6_5_3_0_32u_config10_U0_U(myproject_start_for_zeropad2d_cl_array_array_ap_fixed_16_6_5_3_0_32u_config10_U0)' using Shift Registers.
INFO: [RTMG 210-285] Implementing FIFO 'start_for_conv_2d_cl_array_ap_fixed_32u_array_ap_fixed_42_22_5_3_0_16u_configcjv_U(myproject_start_for_conv_2d_cl_array_ap_fixed_32u_array_ap_fixed_42_22_5_3_0_16u_configcjv)' using Shift Registers.
INFO: [RTMG 210-285] Implementing FIFO 'start_for_relu_array_ap_fixed_16u_array_ap_fixed_16_6_5_3_0_16u_relu_config7_U0_U(myproject_start_for_relu_array_ap_fixed_16u_array_ap_fixed_16_6_5_3_0_16u_relu_config7_U0)' using Shift Registers.
INFO: [HLS 200-111] Finished Creating RTL model: CPU user time: 0.18 seconds. CPU system time: 0.03 seconds. Elapsed time: 0.2 seconds; current allocated memory: 6.578 GB.
INFO: [HLS 200-111] Finished Generating all RTL models: CPU user time: 2.23 seconds. CPU system time: 0.09 seconds. Elapsed time: 2.33 seconds; current allocated memory: 6.581 GB.
INFO: [HLS 200-2225] Wrote inferred directives to file /mnt/dev/xilinx/phys476/logs/monkaa_crop16x9_sf25_fc32_h160_w288_bs128/hls4ml/fixed16_6/myproject_prj/solution1/syn/inferred_directives.ini
INFO: [HLS 200-111] Finished Updating report files: CPU user time: 2.68 seconds. CPU system time: 0.11 seconds. Elapsed time: 2.8 seconds; current allocated memory: 6.775 GB.
INFO: [VHDL 208-304] Generating VHDL RTL for myproject.
INFO: [VLOG 209-307] Generating Verilog RTL for myproject.
INFO: [HLS 200-790] **** Loop Constraint Status: All loop constraints were NOT satisfied.
INFO: [HLS 200-789] **** Estimated Fmax: 137.51 MHz
INFO: [HLS 200-2161] Finished Command csynth_design Elapsed time: 00:09:33; Allocated memory: 6.488 GB.
***** C/RTL SYNTHESIS COMPLETED IN 0h9m33s *****
INFO: [HLS 200-112] Total CPU user time: 557.43 seconds. Total CPU system time: 11.48 seconds. Total elapsed time: 574.98 seconds; peak allocated memory: 6.775 GB.
INFO: [vitis-run 60-791] Total elapsed time: 0h 9m 36s
INFO: [vitis-run 60-1662] Stopping dispatch session having empty uuid.
